timestamp,broker,account,strategy,order_id,symbol,spread,fill_time_ms,reject_reason,latency_ms,slippage_pips,margin_used
2026-08-22T11:12:20.604750+00:00,oanda,PAPER,STANDARD_SCALPING,ORD-0-0000,XAUUSD,0.15,50,INSUFFICIENT_MARGIN,10,0.0,52.23
2026-08-22T11:12:20.604776+00:00,oanda,PAPER,STANDARD_SCALPING,ORD-0-0001,XAUUSD,0.16,55,,11,0.1,51.73
2026-08-22T11:12:20.604781+00:00,oanda,PAPER,STANDARD_SCALPING,ORD-0-0002,XAUUSD,0.17,60,,12,0.2,51.23
2026-08-22T11:12:20.604785+00:00,oanda,PAPER,STANDARD_SCALPING,ORD-0-0003,XAUUSD,0.18,65,,13,0.3,50.73
2026-08-22T11:12:20.604788+00:00,oanda,PAPER,STANDARD_SCALPING,ORD-0-0004,XAUUSD,0.19,70,,14,0.4,50.23
2026-08-22T11:12:20.604792+00:00,oanda,PAPER,STANDARD_SCALPING,ORD-0-0005,XAUUSD,0.2,75,,15,0.5,49.73
2026-08-22T11:12:20.604795+00:00,oanda,PAPER,STANDARD_SCALPING,ORD-0-0006,XAUUSD,0.21,80,,16,0.6,49.23
2026-08-22T11:12:20.604798+00:00,oanda,PAPER,STANDARD_SCALPING,ORD-0-0007,XAUUSD,0.22,85,,17,0.7,48.73
2026-08-22T11:12:20.604842+00:00,oanda,PAPER,STANDARD_SCALPING,ORD-0-0008,XAUUSD,0.23,90,,18,0.8,48.23
2026-08-22T11:12:20.604845+00:00,oanda,PAPER,STANDARD_SCALPING,ORD-0-0009,XAUUSD,0.24,95,,19,0.9,47.73
2026-08-22T11:12:20.604848+00:00,oanda,PAPER,STANDARD_SCALPING,ORD-0-0010,XAUUSD,0.25,100,,20,1.0,52.23
2026-08-22T11:12:20.604852+00:00,oanda,PAPER,STANDARD_SCALPING,ORD-0-0011,XAUUSD,0.26,105,,21,1.1,51.73
2026-08-22T11:12:20.604855+00:00,oanda,PAPER,STANDARD_SCALPING,ORD-0-0012,XAUUSD,0.27,110,,22,1.2,51.23
2026-08-22T11:12:20.604859+00:00,oanda,PAPER,STANDARD_SCALPING,ORD-0-0013,XAUUSD,0.28,115,,23,1.3,50.73
2026-08-22T11:12:20.604862+00:00,oanda,PAPER,STANDARD_SCALPING,ORD-0-0014,XAUUSD,0.29,120,,24,1.4,50.23
2026-08-22T11:12:20.604865+00:00,oanda,PAPER,STANDARD_SCALPING,ORD-0-0015,XAUUSD,0.3,125,,25,1.5,49.73
2026-08-22T11:12:20.604868+00:00,oanda,PAPER,STANDARD_SCALPING,ORD-0-0016,XAUUSD,0.31,130,,26,1.6,49.23
2026-08-22T11:12:20.604872+00:00,oanda,PAPER,STANDARD_SCALPING,ORD-0-0017,XAUUSD,0.32,135,,27,1.7,48.73
2026-08-22T11:12:20.604875+00:00,oanda,PAPER,STANDARD_SCALPING,ORD-0-0018,XAUUSD,0.33,140,,28,1.8,48.23
2026-08-22T11:12:20.604878+00:00,oanda,PAPER,STANDARD_SCALPING,ORD-0-0019,XAUUSD,0.34,145,,29,1.9,47.73
2026-08-22T11:12:20.604880+00:00,oanda,PAPER,STANDARD_SCALPING,ORD-0-0020,XAUUSD,0.35,150,,30,0.0,52.23
2026-08-22T11:12:20.604883+00:00,oanda,PAPER,STANDARD_SCALPING,ORD-0-0021,XAUUSD,0.36,155,,31,0.1,51.73
2026-08-22T11:12:20.604886+00:00,oanda,PAPER,STANDARD_SCALPING,ORD-0-0022,XAUUSD,0.37,160,,32,0.2,51.23
2026-08-22T11:12:20.604890+00:00,oanda,PAPER,STANDARD_SCALPING,ORD-0-0023,XAUUSD,0.38,165,,33,0.3,50.73
2026-08-22T11:12:20.604893+00:00,oanda,PAPER,STANDARD_SCALPING,ORD-0-0024,XAUUSD,0.39,170,,34,0.4,50.23
2026-08-22T11:12:20.604896+00:00,oanda,PAPER,STANDARD_SCALPING,ORD-0-0025,XAUUSD,0.4,175,,35,0.5,49.73
2026-08-22T11:12:20.604899+00:00,oanda,PAPER,STANDARD_SCALPING,ORD-0-0026,XAUUSD,0.41,180,,36,0.6,49.23
2026-08-22T11:12:20.604902+00:00,oanda,PAPER,STANDARD_SCALPING,ORD-0-0027,XAUUSD,0.42,185,,37,0.7,48.73
2026-08-22T11:12:20.604905+00:00,oanda,PAPER,STANDARD_SCALPING,ORD-0-0028,XAUUSD,0.43,190,,38,0.8,48.23
2026-08-22T11:12:20.604908+00:00,oanda,PAPER,STANDARD_SCALPING,ORD-0-0029,XAUUSD,0.44,195,,39,0.9,47.73
2026-08-22T11:12:20.604911+00:00,oanda,PAPER,STANDARD_SCALPING,ORD-0-0030,XAUUSD,0.45,200,,10,1.0,52.23
2026-08-22T11:12:20.604914+00:00,oanda,PAPER,STANDARD_SCALPING,ORD-0-0031,XAUUSD,0.46,205,,11,1.1,51.73
2026-08-22T11:12:20.604916+00:00,oanda,PAPER,STANDARD_SCALPING,ORD-0-0032,XAUUSD,0.47,210,,12,1.2,51.23
2026-08-22T11:12:20.604923+00:00,oanda,PAPER,STANDARD_SCALPING,ORD-0-0033,XAUUSD,0.48,215,,13,1.3,50.73
2026-08-22T11:12:20.604926+00:00,oanda,PAPER,STANDARD_SCALPING,ORD-0-0034,XAUUSD,0.49,220,,14,1.4,50.23
2026-08-22T11:12:20.604929+00:00,oanda,PAPER,STANDARD_SCALPING,ORD-0-0035,XAUUSD,0.5,225,,15,1.5,49.73
2026-08-22T11:12:20.604932+00:00,oanda,PAPER,STANDARD_SCALPING,ORD-0-0036,XAUUSD,0.51,230,,16,1.6,49.23
2026-08-22T11:12:20.604935+00:00,oanda,PAPER,STANDARD_SCALPING,ORD-0-0037,XAUUSD,0.52,235,,17,1.7,48.73
2026-08-22T11:12:20.604938+00:00,oanda,PAPER,STANDARD_SCALPING,ORD-0-0038,XAUUSD,0.53,240,,18,1.8,48.23
2026-08-22T11:12:20.604941+00:00,oanda,PAPER,STANDARD_SCALPING,ORD-0-0039,XAUUSD,0.54,245,,19,1.9,47.73
2026-08-22T11:12:20.604944+00:00,oanda,PAPER,STANDARD_SCALPING,ORD-0-0040,XAUUSD,0.55,250,,20,0.0,52.23
2026-08-22T11:12:20.604948+00:00,oanda,PAPER,STANDARD_SCALPING,ORD-0-0041,XAUUSD,0.56,255,,21,0.1,51.73
2026-08-22T11:12:20.604951+00:00,oanda,PAPER,STANDARD_SCALPING,ORD-0-0042,XAUUSD,0.57,260,,22,0.2,51.23
2026-08-22T11:12:20.604956+00:00,oanda,PAPER,STANDARD_SCALPING,ORD-0-0043,XAUUSD,0.58,265,,23,0.3,50.73
2026-08-22T11:12:20.604959+00:00,oanda,PAPER,STANDARD_SCALPING,ORD-0-0044,XAUUSD,0.59,270,,24,0.4,50.23
2026-08-22T11:12:20.604961+00:00,oanda,PAPER,STANDARD_SCALPING,ORD-0-0045,XAUUSD,0.6,275,,25,0.5,49.73
2026-08-22T11:12:20.604964+00:00,oanda,PAPER,STANDARD_SCALPING,ORD-0-0046,XAUUSD,0.61,280,,26,0.6,49.23
2026-08-22T11:12:20.604967+00:00,oanda,PAPER,STANDARD_SCALPING,ORD-0-0047,XAUUSD,0.62,285,,27,0.7,48.73
2026-08-22T11:12:20.604970+00:00,oanda,PAPER,STANDARD_SCALPING,ORD-0-0048,XAUUSD,0.63,290,,28,0.8,48.23
2026-08-22T11:12:20.604972+00:00,oanda,PAPER,STANDARD_SCALPING,ORD-0-0049,XAUUSD,0.64,295,,29,0.9,47.73
2026-08-22T11:12:20.604975+00:00,oanda,PAPER,STANDARD_SCALPING,ORD-0-0050,XAUUSD,0.15,300,,30,1.0,52.23
2026-08-22T11:12:20.604978+00:00,oanda,PAPER,STANDARD_SCALPING,ORD-0-0051,XAUUSD,0.16,305,,31,1.1,51.73
2026-08-22T11:12:20.604981+00:00,oanda,PAPER,STANDARD_SCALPING,ORD-0-0052,XAUUSD,0.17,310,,32,1.2,51.23
2026-08-22T11:12:20.604985+00:00,oanda,PAPER,STANDARD_SCALPING,ORD-0-0053,XAUUSD,0.18,315,,33,1.3,50.73
2026-08-22T11:12:20.604988+00:00,oanda,PAPER,STANDARD_SCALPING,ORD-0-0054,XAUUSD,0.19,320,,34,1.4,50.23
2026-08-22T11:12:20.604991+00:00,oanda,PAPER,STANDARD_SCALPING,ORD-0-0055,XAUUSD,0.2,325,,35,1.5,49.73
2026-08-22T11:12:20.604994+00:00,oanda,PAPER,STANDARD_SCALPING,ORD-0-0056,XAUUSD,0.21,330,,36,1.6,49.23
2026-08-22T11:12:20.604997+00:00,oanda,PAPER,STANDARD_SCALPING,ORD-0-0057,XAUUSD,0.22,335,,37,1.7,48.73
2026-08-22T11:12:20.605000+00:00,oanda,PAPER,STANDARD_SCALPING,ORD-0-0058,XAUUSD,0.23,340,,38,1.8,48.23
2026-08-22T11:12:20.605003+00:00,oanda,PAPER,STANDARD_SCALPING,ORD-0-0059,XAUUSD,0.24,345,,39,1.9,47.73
2026-08-22T11:12:20.605008+00:00,oanda,PAPER,STANDARD_SCALPING,ORD-0-0060,XAUUSD,0.25,350,,10,0.0,52.23
2026-08-22T11:12:20.605011+00:00,oanda,PAPER,STANDARD_SCALPING,ORD-0-0061,XAUUSD,0.26,355,,11,0.1,51.73
2026-08-22T11:12:20.605015+00:00,oanda,PAPER,STANDARD_SCALPING,ORD-0-0062,XAUUSD,0.27,360,,12,0.2,51.23
2026-08-22T11:12:20.605019+00:00,oanda,PAPER,STANDARD_SCALPING,ORD-0-0063,XAUUSD,0.28,365,,13,0.3,50.73
2026-08-22T11:12:20.605022+00:00,oanda,PAPER,STANDARD_SCALPING,ORD-0-0064,XAUUSD,0.29,370,,14,0.4,50.23
2026-08-22T11:12:20.605025+00:00,oanda,PAPER,STANDARD_SCALPING,ORD-0-0065,XAUUSD,0.3,375,,15,0.5,49.73
2026-08-22T11:12:20.605028+00:00,oanda,PAPER,STANDARD_SCALPING,ORD-0-0066,XAUUSD,0.31,380,,16,0.6,49.23
2026-08-22T11:12:20.605032+00:00,oanda,PAPER,STANDARD_SCALPING,ORD-0-0067,XAUUSD,0.32,385,,17,0.7,48.73
2026-08-22T11:12:20.605035+00:00,oanda,PAPER,STANDARD_SCALPING,ORD-0-0068,XAUUSD,0.33,390,,18,0.8,48.23
2026-08-22T11:12:20.605038+00:00,oanda,PAPER,STANDARD_SCALPING,ORD-0-0069,XAUUSD,0.34,395,,19,0.9,47.73
2026-08-22T11:12:20.605041+00:00,oanda,PAPER,STANDARD_SCALPING,ORD-0-0070,XAUUSD,0.35,400,,20,1.0,52.23
2026-08-22T11:12:20.605043+00:00,oanda,PAPER,STANDARD_SCALPING,ORD-0-0071,XAUUSD,0.36,405,,21,1.1,51.73
2026-08-22T11:12:20.605063+00:00,oanda,PAPER,STANDARD_SCALPING,ORD-0-0072,XAUUSD,0.37,410,,22,1.2,51.23
2026-08-22T11:12:20.605068+00:00,oanda,PAPER,STANDARD_SCALPING,ORD-0-0073,XAUUSD,0.38,415,,23,1.3,50.73
2026-08-22T11:12:20.605072+00:00,oanda,PAPER,STANDARD_SCALPING,ORD-0-0074,XAUUSD,0.39,420,,24,1.4,50.23
2026-08-22T11:12:20.605076+00:00,oanda,PAPER,STANDARD_SCALPING,ORD-0-0075,XAUUSD,0.4,425,,25,1.5,49.73
2026-08-22T11:12:20.605080+00:00,oanda,PAPER,STANDARD_SCALPING,ORD-0-0076,XAUUSD,0.41,430,,26,1.6,49.23
2026-08-22T11:12:20.605085+00:00,oanda,PAPER,STANDARD_SCALPING,ORD-0-0077,XAUUSD,0.42,435,,27,1.7,48.73
2026-08-22T11:12:20.605088+00:00,oanda,PAPER,STANDARD_SCALPING,ORD-0-0078,XAUUSD,0.43,440,,28,1.8,48.23
2026-08-22T11:12:20.605091+00:00,oanda,PAPER,STANDARD_SCALPING,ORD-0-0079,XAUUSD,0.44,445,,29,1.9,47.73
2026-08-22T11:12:20.605094+00:00,oanda,PAPER,STANDARD_SCALPING,ORD-0-0080,XAUUSD,0.45,450,,30,0.0,52.23
2026-08-22T11:12:20.605097+00:00,oanda,PAPER,STANDARD_SCALPING,ORD-0-0081,XAUUSD,0.46,455,,31,0.1,51.73
2026-08-22T11:12:20.605099+00:00,oanda,PAPER,STANDARD_SCALPING,ORD-0-0082,XAUUSD,0.47,460,,32,0.2,51.23
2026-08-22T11:12:20.605105+00:00,oanda,PAPER,STANDARD_SCALPING,ORD-0-0083,XAUUSD,0.48,465,,33,0.3,50.73
2026-08-22T11:12:20.605107+00:00,oanda,PAPER,STANDARD_SCALPING,ORD-0-0084,XAUUSD,0.49,470,,34,0.4,50.23
2026-08-22T11:12:20.605110+00:00,oanda,PAPER,STANDARD_SCALPING,ORD-0-0085,XAUUSD,0.5,475,,35,0.5,49.73
2026-08-22T11:12:20.605113+00:00,oanda,PAPER,STANDARD_SCALPING,ORD-0-0086,XAUUSD,0.51,480,,36,0.6,49.23
2026-08-22T11:12:20.605115+00:00,oanda,PAPER,STANDARD_SCALPING,ORD-0-0087,XAUUSD,0.52,485,,37,0.7,48.73
2026-08-22T11:12:20.605118+00:00,oanda,PAPER,STANDARD_SCALPING,ORD-0-0088,XAUUSD,0.53,490,,38,0.8,48.23
2026-08-22T11:12:20.605121+00:00,oanda,PAPER,STANDARD_SCALPING,ORD-0-0089,XAUUSD,0.54,495,,39,0.9,47.73
2026-08-22T11:12:20.605124+00:00,oanda,PAPER,STANDARD_SCALPING,ORD-0-0090,XAUUSD,0.55,500,,10,1.0,52.23
2026-08-22T11:12:20.605127+00:00,oanda,PAPER,STANDARD_SCALPING,ORD-0-0091,XAUUSD,0.56,505,,11,1.1,51.73
2026-08-22T11:12:20.605130+00:00,oanda,PAPER,STANDARD_SCALPING,ORD-0-0092,XAUUSD,0.57,510,,12,1.2,51.23
2026-08-22T11:12:20.605134+00:00,oanda,PAPER,STANDARD_SCALPING,ORD-0-0093,XAUUSD,0.58,515,,13,1.3,50.73
2026-08-22T11:12:20.605137+00:00,oanda,PAPER,STANDARD_SCALPING,ORD-0-0094,XAUUSD,0.59,520,,14,1.4,50.23
2026-08-22T11:12:20.605140+00:00,oanda,PAPER,STANDARD_SCALPING,ORD-0-0095,XAUUSD,0.6,525,,15,1.5,49.73
2026-08-22T11:12:20.605143+00:00,oanda,PAPER,STANDARD_SCALPING,ORD-0-0096,XAUUSD,0.61,530,,16,1.6,49.23
2026-08-22T11:12:20.605146+00:00,oanda,PAPER,STANDARD_SCALPING,ORD-0-0097,XAUUSD,0.62,535,INSUFFICIENT_MARGIN,17,1.7,48.73
2026-08-22T11:12:20.605149+00:00,oanda,PAPER,STANDARD_SCALPING,ORD-0-0098,XAUUSD,0.63,540,,18,1.8,48.23
2026-08-22T11:12:20.605153+00:00,oanda,PAPER,STANDARD_SCALPING,ORD-0-0099,XAUUSD,0.64,545,,19,1.9,47.73
2026-08-22T11:12:20.605156+00:00,oanda,PAPER,STANDARD_SCALPING,ORD-0-0100,XAUUSD,0.15,550,,20,0.0,52.23
2026-08-22T11:12:20.605158+00:00,oanda,PAPER,STANDARD_SCALPING,ORD-0-0101,XAUUSD,0.16,555,,21,0.1,51.73
2026-08-22T11:12:20.605161+00:00,oanda,PAPER,STANDARD_SCALPING,ORD-0-0102,XAUUSD,0.17,560,,22,0.2,51.23
2026-08-22T11:12:20.605165+00:00,oanda,PAPER,STANDARD_SCALPING,ORD-0-0103,XAUUSD,0.18,565,,23,0.3,50.73
2026-08-22T11:12:20.605168+00:00,oanda,PAPER,STANDARD_SCALPING,ORD-0-0104,XAUUSD,0.19,570,,24,0.4,50.23
2026-08-22T11:12:20.605171+00:00,oanda,PAPER,STANDARD_SCALPING,ORD-0-0105,XAUUSD,0.2,575,,25,0.5,49.73
2026-08-22T11:12:20.605173+00:00,oanda,PAPER,STANDARD_SCALPING,ORD-0-0106,XAUUSD,0.21,580,,26,0.6,49.23
2026-08-22T11:12:20.605176+00:00,oanda,PAPER,STANDARD_SCALPING,ORD-0-0107,XAUUSD,0.22,585,,27,0.7,48.73
2026-08-22T11:12:20.605181+00:00,oanda,PAPER,STANDARD_SCALPING,ORD-0-0108,XAUUSD,0.23,590,,28,0.8,48.23
2026-08-22T11:12:20.605184+00:00,oanda,PAPER,STANDARD_SCALPING,ORD-0-0109,XAUUSD,0.24,595,,29,0.9,47.73
2026-08-22T11:12:20.605188+00:00,oanda,PAPER,STANDARD_SCALPING,ORD-0-0110,XAUUSD,0.25,600,,30,1.0,52.23
2026-08-22T11:12:20.605191+00:00,oanda,PAPER,STANDARD_SCALPING,ORD-0-0111,XAUUSD,0.26,605,,31,1.1,51.73
2026-08-22T11:12:20.605194+00:00,oanda,PAPER,STANDARD_SCALPING,ORD-0-0112,XAUUSD,0.27,610,,32,1.2,51.23
2026-08-22T11:12:20.605198+00:00,oanda,PAPER,STANDARD_SCALPING,ORD-0-0113,XAUUSD,0.28,615,,33,1.3,50.73
2026-08-22T11:12:20.605201+00:00,oanda,PAPER,STANDARD_SCALPING,ORD-0-0114,XAUUSD,0.29,620,,34,1.4,50.23
2026-08-22T11:12:20.605203+00:00,oanda,PAPER,STANDARD_SCALPING,ORD-0-0115,XAUUSD,0.3,625,,35,1.5,49.73
2026-08-22T11:12:20.605206+00:00,oanda,PAPER,STANDARD_SCALPING,ORD-0-0116,XAUUSD,0.31,630,,36,1.6,49.23
2026-08-22T11:12:20.605209+00:00,oanda,PAPER,STANDARD_SCALPING,ORD-0-0117,XAUUSD,0.32,635,,37,1.7,48.73
2026-08-22T11:12:20.605212+00:00,oanda,PAPER,STANDARD_SCALPING,ORD-0-0118,XAUUSD,0.33,640,,38,1.8,48.23
2026-08-22T11:12:20.605215+00:00,oanda,PAPER,STANDARD_SCALPING,ORD-0-0119,XAUUSD,0.34,645,,39,1.9,47.73
2026-08-22T11:12:20.605218+00:00,oanda,PAPER,STANDARD_SCALPING,ORD-0-0120,XAUUSD,0.35,650,,10,0.0,52.23
2026-08-22T11:12:20.605221+00:00,oanda,PAPER,STANDARD_SCALPING,ORD-0-0121,XAUUSD,0.36,655,,11,0.1,51.73
2026-08-22T11:12:20.605223+00:00,oanda,PAPER,STANDARD_SCALPING,ORD-0-0122,XAUUSD,0.37,660,,12,0.2,51.23
2026-08-22T11:12:20.605227+00:00,oanda,PAPER,STANDARD_SCALPING,ORD-0-0123,XAUUSD,0.38,665,,13,0.3,50.73
2026-08-22T11:12:20.605230+00:00,oanda,PAPER,STANDARD_SCALPING,ORD-0-0124,XAUUSD,0.39,670,,14,0.4,50.23
2026-08-22T11:12:20.605233+00:00,oanda,PAPER,STANDARD_SCALPING,ORD-0-0125,XAUUSD,0.4,675,,15,0.5,49.73
2026-08-22T11:12:20.605235+00:00,oanda,PAPER,STANDARD_SCALPING,ORD-0-0126,XAUUSD,0.41,680,,16,0.6,49.23
2026-08-22T11:12:20.605238+00:00,oanda,PAPER,STANDARD_SCALPING,ORD-0-0127,XAUUSD,0.42,685,,17,0.7,48.73
2026-08-22T11:12:20.605241+00:00,oanda,PAPER,STANDARD_SCALPING,ORD-0-0128,XAUUSD,0.43,690,,18,0.8,48.23
2026-08-22T11:12:20.605244+00:00,oanda,PAPER,STANDARD_SCALPING,ORD-0-0129,XAUUSD,0.44,695,,19,0.9,47.73
2026-08-22T11:12:20.605247+00:00,oanda,PAPER,STANDARD_SCALPING,ORD-0-0130,XAUUSD,0.45,700,,20,1.0,52.23
2026-08-22T11:12:20.605251+00:00,oanda,PAPER,STANDARD_SCALPING,ORD-0-0131,XAUUSD,0.46,705,,21,1.1,51.73
2026-08-22T11:12:20.605255+00:00,oanda,PAPER,STANDARD_SCALPING,ORD-0-0132,XAUUSD,0.47,710,,22,1.2,51.23
2026-08-22T11:12:20.605259+00:00,oanda,PAPER,STANDARD_SCALPING,ORD-0-0133,XAUUSD,0.48,715,,23,1.3,50.73
2026-08-22T11:12:20.605262+00:00,oanda,PAPER,STANDARD_SCALPING,ORD-0-0134,XAUUSD,0.49,720,,24,1.4,50.23
2026-08-22T11:12:20.605265+00:00,oanda,PAPER,STANDARD_SCALPING,ORD-0-0135,XAUUSD,0.5,725,,25,1.5,49.73
2026-08-22T11:12:20.605269+00:00,oanda,PAPER,STANDARD_SCALPING,ORD-0-0136,XAUUSD,0.51,730,,26,1.6,49.23
2026-08-22T11:12:20.605343+00:00,oanda,PAPER,STANDARD_SCALPING,ORD-0-0137,XAUUSD,0.52,735,,27,1.7,48.73
2026-08-22T11:12:20.605346+00:00,oanda,PAPER,STANDARD_SCALPING,ORD-0-0138,XAUUSD,0.53,740,,28,1.8,48.23
2026-08-22T11:12:20.605349+00:00,oanda,PAPER,STANDARD_SCALPING,ORD-0-0139,XAUUSD,0.54,745,,29,1.9,47.73
2026-08-22T11:12:20.605352+00:00,oanda,PAPER,STANDARD_SCALPING,ORD-0-0140,XAUUSD,0.55,750,,30,0.0,52.23
2026-08-22T11:12:20.605355+00:00,oanda,PAPER,STANDARD_SCALPING,ORD-0-0141,XAUUSD,0.56,755,,31,0.1,51.73
2026-08-22T11:12:20.605358+00:00,oanda,PAPER,STANDARD_SCALPING,ORD-0-0142,XAUUSD,0.57,760,,32,0.2,51.23
2026-08-22T11:12:20.605362+00:00,oanda,PAPER,STANDARD_SCALPING,ORD-0-0143,XAUUSD,0.58,765,,33,0.3,50.73
2026-08-22T11:12:20.605365+00:00,oanda,PAPER,STANDARD_SCALPING,ORD-0-0144,XAUUSD,0.59,770,,34,0.4,50.23
2026-08-22T11:12:20.605368+00:00,oanda,PAPER,STANDARD_SCALPING,ORD-0-0145,XAUUSD,0.6,775,,35,0.5,49.73
2026-08-22T11:12:20.605371+00:00,oanda,PAPER,STANDARD_SCALPING,ORD-0-0146,XAUUSD,0.61,780,,36,0.6,49.23
2026-08-22T11:12:20.605373+00:00,oanda,PAPER,STANDARD_SCALPING,ORD-0-0147,XAUUSD,0.62,785,,37,0.7,48.73
2026-08-22T11:12:20.605376+00:00,oanda,PAPER,STANDARD_SCALPING,ORD-0-0148,XAUUSD,0.63,790,,38,0.8,48.23
2026-08-22T11:12:20.605379+00:00,oanda,PAPER,STANDARD_SCALPING,ORD-0-0149,XAUUSD,0.64,795,,39,0.9,47.73
2026-08-22T11:12:20.605382+00:00,oanda,PAPER,STANDARD_SCALPING,ORD-0-0150,XAUUSD,0.15,800,,10,1.0,52.23
2026-08-22T11:12:20.605385+00:00,oanda,PAPER,STANDARD_SCALPING,ORD-0-0151,XAUUSD,0.16,805,,11,1.1,51.73
2026-08-22T11:12:20.605388+00:00,oanda,PAPER,STANDARD_SCALPING,ORD-0-0152,XAUUSD,0.17,810,,12,1.2,51.23
2026-08-22T11:12:20.605393+00:00,oanda,PAPER,STANDARD_SCALPING,ORD-0-0153,XAUUSD,0.18,815,,13,1.3,50.73
2026-08-22T11:12:20.605396+00:00,oanda,PAPER,STANDARD_SCALPING,ORD-0-0154,XAUUSD,0.19,820,,14,1.4,50.23
2026-08-22T11:12:20.605399+00:00,oanda,PAPER,STANDARD_SCALPING,ORD-0-0155,XAUUSD,0.2,825,,15,1.5,49.73
2026-08-22T11:12:20.605402+00:00,oanda,PAPER,STANDARD_SCALPING,ORD-0-0156,XAUUSD,0.21,830,,16,1.6,49.23
2026-08-22T11:12:20.605405+00:00,oanda,PAPER,STANDARD_SCALPING,ORD-0-0157,XAUUSD,0.22,835,,17,1.7,48.73
2026-08-22T11:12:20.605408+00:00,oanda,PAPER,STANDARD_SCALPING,ORD-0-0158,XAUUSD,0.23,840,,18,1.8,48.23
2026-08-22T11:12:20.605410+00:00,oanda,PAPER,STANDARD_SCALPING,ORD-0-0159,XAUUSD,0.24,845,,19,1.9,47.73
2026-08-22T11:12:20.605413+00:00,oanda,PAPER,STANDARD_SCALPING,ORD-0-0160,XAUUSD,0.25,850,,20,0.0,52.23
2026-08-22T11:12:20.605417+00:00,oanda,PAPER,STANDARD_SCALPING,ORD-0-0161,XAUUSD,0.26,855,,21,0.1,51.73
2026-08-22T11:12:20.605420+00:00,oanda,PAPER,STANDARD_SCALPING,ORD-0-0162,XAUUSD,0.27,860,,22,0.2,51.23
2026-08-22T11:12:20.605425+00:00,oanda,PAPER,STANDARD_SCALPING,ORD-0-0163,XAUUSD,0.28,865,,23,0.3,50.73
2026-08-22T11:12:20.605428+00:00,oanda,PAPER,STANDARD_SCALPING,ORD-0-0164,XAUUSD,0.29,870,,24,0.4,50.23
2026-08-22T11:12:20.605431+00:00,oanda,PAPER,STANDARD_SCALPING,ORD-0-0165,XAUUSD,0.3,875,,25,0.5,49.73
2026-08-22T11:12:20.605433+00:00,oanda,PAPER,STANDARD_SCALPING,ORD-0-0166,XAUUSD,0.31,880,,26,0.6,49.23
2026-08-22T11:12:20.605436+00:00,oanda,PAPER,STANDARD_SCALPING,ORD-0-0167,XAUUSD,0.32,885,,27,0.7,48.73
2026-08-22T11:12:20.605439+00:00,oanda,PAPER,STANDARD_SCALPING,ORD-0-0168,XAUUSD,0.33,890,,28,0.8,48.23
2026-08-22T11:12:20.605442+00:00,oanda,PAPER,STANDARD_SCALPING,ORD-0-0169,XAUUSD,0.34,895,,29,0.9,47.73
2026-08-22T11:12:20.605444+00:00,oanda,PAPER,STANDARD_SCALPING,ORD-0-0170,XAUUSD,0.35,900,,30,1.0,52.23
2026-08-22T11:12:20.605447+00:00,oanda,PAPER,STANDARD_SCALPING,ORD-0-0171,XAUUSD,0.36,905,,31,1.1,51.73
2026-08-22T11:12:20.605450+00:00,oanda,PAPER,STANDARD_SCALPING,ORD-0-0172,XAUUSD,0.37,910,,32,1.2,51.23
2026-08-22T11:12:20.605455+00:00,oanda,PAPER,STANDARD_SCALPING,ORD-0-0173,XAUUSD,0.38,915,,33,1.3,50.73
2026-08-22T11:12:20.605457+00:00,oanda,PAPER,STANDARD_SCALPING,ORD-0-0174,XAUUSD,0.39,920,,34,1.4,50.23
2026-08-22T11:12:20.605460+00:00,oanda,PAPER,STANDARD_SCALPING,ORD-0-0175,XAUUSD,0.4,925,,35,1.5,49.73
2026-08-22T11:12:20.605463+00:00,oanda,PAPER,STANDARD_SCALPING,ORD-0-0176,XAUUSD,0.41,930,,36,1.6,49.23
2026-08-22T11:12:20.605465+00:00,oanda,PAPER,STANDARD_SCALPING,ORD-0-0177,XAUUSD,0.42,935,,37,1.7,48.73
2026-08-22T11:12:20.605468+00:00,oanda,PAPER,STANDARD_SCALPING,ORD-0-0178,XAUUSD,0.43,940,,38,1.8,48.23
2026-08-22T11:12:20.605471+00:00,oanda,PAPER,STANDARD_SCALPING,ORD-0-0179,XAUUSD,0.44,945,,39,1.9,47.73
2026-08-22T11:12:20.605474+00:00,oanda,PAPER,STANDARD_SCALPING,ORD-0-0180,XAUUSD,0.45,950,,10,0.0,52.23
2026-08-22T11:12:20.605476+00:00,oanda,PAPER,STANDARD_SCALPING,ORD-0-0181,XAUUSD,0.46,955,,11,0.1,51.73
2026-08-22T11:12:20.605479+00:00,oanda,PAPER,STANDARD_SCALPING,ORD-0-0182,XAUUSD,0.47,960,,12,0.2,51.23
2026-08-22T11:12:20.605485+00:00,oanda,PAPER,STANDARD_SCALPING,ORD-0-0183,XAUUSD,0.48,965,,13,0.3,50.73
2026-08-22T11:12:20.605488+00:00,oanda,PAPER,STANDARD_SCALPING,ORD-0-0184,XAUUSD,0.49,970,,14,0.4,50.23
2026-08-22T11:12:20.605491+00:00,oanda,PAPER,STANDARD_SCALPING,ORD-0-0185,XAUUSD,0.5,975,,15,0.5,49.73
2026-08-22T11:12:20.605493+00:00,oanda,PAPER,STANDARD_SCALPING,ORD-0-0186,XAUUSD,0.51,980,,16,0.6,49.23
2026-08-22T11:12:20.605496+00:00,oanda,PAPER,STANDARD_SCALPING,ORD-0-0187,XAUUSD,0.52,985,,17,0.7,48.73
2026-08-22T11:12:20.605499+00:00,oanda,PAPER,STANDARD_SCALPING,ORD-0-0188,XAUUSD,0.53,990,,18,0.8,48.23
2026-08-22T11:12:20.605502+00:00,oanda,PAPER,STANDARD_SCALPING,ORD-0-0189,XAUUSD,0.54,995,,19,0.9,47.73
2026-08-22T11:12:20.605504+00:00,oanda,PAPER,STANDARD_SCALPING,ORD-0-0190,XAUUSD,0.55,1000,,20,1.0,52.23
2026-08-22T11:12:20.605507+00:00,oanda,PAPER,STANDARD_SCALPING,ORD-0-0191,XAUUSD,0.56,1005,,21,1.1,51.73
2026-08-22T11:12:20.605510+00:00,oanda,PAPER,STANDARD_SCALPING,ORD-0-0192,XAUUSD,0.57,1010,,22,1.2,51.23
2026-08-22T11:12:20.605514+00:00,oanda,PAPER,STANDARD_SCALPING,ORD-0-0193,XAUUSD,0.58,1015,,23,1.3,50.73
2026-08-22T11:12:20.605517+00:00,oanda,PAPER,STANDARD_SCALPING,ORD-0-0194,XAUUSD,0.59,1020,INSUFFICIENT_MARGIN,24,1.4,50.23
2026-08-22T11:12:20.605521+00:00,oanda,PAPER,STANDARD_SCALPING,ORD-0-0195,XAUUSD,0.6,1025,,25,1.5,49.73
2026-08-22T11:12:20.605524+00:00,oanda,PAPER,STANDARD_SCALPING,ORD-0-0196,XAUUSD,0.61,1030,,26,1.6,49.23
2026-08-22T11:12:20.605526+00:00,oanda,PAPER,STANDARD_SCALPING,ORD-0-0197,XAUUSD,0.62,1035,,27,1.7,48.73
2026-08-22T11:12:20.605529+00:00,oanda,PAPER,STANDARD_SCALPING,ORD-0-0198,XAUUSD,0.63,1040,,28,1.8,48.23
2026-08-22T11:12:20.605540+00:00,oanda,PAPER,STANDARD_SCALPING,ORD-0-0199,XAUUSD,0.64,1045,,29,1.9,47.73
2026-08-22T11:12:20.605542+00:00,oanda,PAPER,STANDARD_SCALPING,ORD-0-0200,XAUUSD,0.15,50,,30,0.0,52.23
2026-08-22T11:12:20.605546+00:00,oanda,PAPER,STANDARD_SCALPING,ORD-0-0201,XAUUSD,0.16,55,,31,0.1,51.73
2026-08-22T11:12:20.605548+00:00,oanda,PAPER,STANDARD_SCALPING,ORD-0-0202,XAUUSD,0.17,60,,32,0.2,51.23
2026-08-22T11:12:20.605552+00:00,oanda,PAPER,STANDARD_SCALPING,ORD-0-0203,XAUUSD,0.18,65,,33,0.3,50.73
2026-08-22T11:12:20.605555+00:00,oanda,PAPER,STANDARD_SCALPING,ORD-0-0204,XAUUSD,0.19,70,,34,0.4,50.23
2026-08-22T11:12:20.605558+00:00,oanda,PAPER,STANDARD_SCALPING,ORD-0-0205,XAUUSD,0.2,75,,35,0.5,49.73
2026-08-22T11:12:20.605561+00:00,oanda,PAPER,STANDARD_SCALPING,ORD-0-0206,XAUUSD,0.21,80,,36,0.6,49.23
2026-08-22T11:12:20.605563+00:00,oanda,PAPER,STANDARD_SCALPING,ORD-0-0207,XAUUSD,0.22,85,,37,0.7,48.73
2026-08-22T11:12:20.605566+00:00,oanda,PAPER,STANDARD_SCALPING,ORD-0-0208,XAUUSD,0.23,90,,38,0.8,48.23
2026-08-22T11:12:20.605569+00:00,oanda,PAPER,STANDARD_SCALPING,ORD-0-0209,XAUUSD,0.24,95,,39,0.9,47.73
2026-08-22T11:12:20.605571+00:00,oanda,PAPER,STANDARD_SCALPING,ORD-0-0210,XAUUSD,0.25,100,,10,1.0,52.23
2026-08-22T11:12:20.605574+00:00,oanda,PAPER,STANDARD_SCALPING,ORD-0-0211,XAUUSD,0.26,105,,11,1.1,51.73
2026-08-22T11:12:20.605578+00:00,oanda,PAPER,STANDARD_SCALPING,ORD-0-0212,XAUUSD,0.27,110,,12,1.2,51.23
2026-08-22T11:12:20.605583+00:00,oanda,PAPER,STANDARD_SCALPING,ORD-0-0213,XAUUSD,0.28,115,,13,1.3,50.73
2026-08-22T11:12:20.605585+00:00,oanda,PAPER,STANDARD_SCALPING,ORD-0-0214,XAUUSD,0.29,120,,14,1.4,50.23
2026-08-22T11:12:20.605589+00:00,oanda,PAPER,STANDARD_SCALPING,ORD-0-0215,XAUUSD,0.3,125,,15,1.5,49.73
2026-08-22T11:12:20.605592+00:00,oanda,PAPER,STANDARD_SCALPING,ORD-0-0216,XAUUSD,0.31,130,,16,1.6,49.23
2026-08-22T11:12:20.605595+00:00,oanda,PAPER,STANDARD_SCALPING,ORD-0-0217,XAUUSD,0.32,135,,17,1.7,48.73
2026-08-22T11:12:20.605597+00:00,oanda,PAPER,STANDARD_SCALPING,ORD-0-0218,XAUUSD,0.33,140,,18,1.8,48.23
2026-08-22T11:12:20.605600+00:00,oanda,PAPER,STANDARD_SCALPING,ORD-0-0219,XAUUSD,0.34,145,,19,1.9,47.73
2026-08-22T11:12:20.605603+00:00,oanda,PAPER,STANDARD_SCALPING,ORD-0-0220,XAUUSD,0.35,150,,20,0.0,52.23
2026-08-22T11:12:20.605610+00:00,oanda,PAPER,STANDARD_SCALPING,ORD-0-0221,XAUUSD,0.36,155,,21,0.1,51.73
2026-08-22T11:12:20.605613+00:00,oanda,PAPER,STANDARD_SCALPING,ORD-0-0222,XAUUSD,0.37,160,,22,0.2,51.23
2026-08-22T11:12:20.605617+00:00,oanda,PAPER,STANDARD_SCALPING,ORD-0-0223,XAUUSD,0.38,165,,23,0.3,50.73
2026-08-22T11:12:20.605620+00:00,oanda,PAPER,STANDARD_SCALPING,ORD-0-0224,XAUUSD,0.39,170,,24,0.4,50.23
2026-08-22T11:12:20.605623+00:00,oanda,PAPER,STANDARD_SCALPING,ORD-0-0225,XAUUSD,0.4,175,,25,0.5,49.73
2026-08-22T11:12:20.605625+00:00,oanda,PAPER,STANDARD_SCALPING,ORD-0-0226,XAUUSD,0.41,180,,26,0.6,49.23
2026-08-22T11:12:20.605628+00:00,oanda,PAPER,STANDARD_SCALPING,ORD-0-0227,XAUUSD,0.42,185,,27,0.7,48.73
2026-08-22T11:12:20.605631+00:00,oanda,PAPER,STANDARD_SCALPING,ORD-0-0228,XAUUSD,0.43,190,,28,0.8,48.23
2026-08-22T11:12:20.605633+00:00,oanda,PAPER,STANDARD_SCALPING,ORD-0-0229,XAUUSD,0.44,195,,29,0.9,47.73
2026-08-22T11:12:20.605636+00:00,oanda,PAPER,STANDARD_SCALPING,ORD-0-0230,XAUUSD,0.45,200,,30,1.0,52.23
2026-08-22T11:12:20.605639+00:00,oanda,PAPER,STANDARD_SCALPING,ORD-0-0231,XAUUSD,0.46,205,,31,1.1,51.73
2026-08-22T11:12:20.605642+00:00,oanda,PAPER,STANDARD_SCALPING,ORD-0-0232,XAUUSD,0.47,210,,32,1.2,51.23
2026-08-22T11:12:20.605646+00:00,oanda,PAPER,STANDARD_SCALPING,ORD-0-0233,XAUUSD,0.48,215,,33,1.3,50.73
2026-08-22T11:12:20.605648+00:00,oanda,PAPER,STANDARD_SCALPING,ORD-0-0234,XAUUSD,0.49,220,,34,1.4,50.23
2026-08-22T11:12:20.605652+00:00,oanda,PAPER,STANDARD_SCALPING,ORD-0-0235,XAUUSD,0.5,225,,35,1.5,49.73
2026-08-22T11:12:20.605655+00:00,oanda,PAPER,STANDARD_SCALPING,ORD-0-0236,XAUUSD,0.51,230,,36,1.6,49.23
2026-08-22T11:12:20.605658+00:00,oanda,PAPER,STANDARD_SCALPING,ORD-0-0237,XAUUSD,0.52,235,,37,1.7,48.73
2026-08-22T11:12:20.605661+00:00,oanda,PAPER,STANDARD_SCALPING,ORD-0-0238,XAUUSD,0.53,240,,38,1.8,48.23
2026-08-22T11:12:20.605663+00:00,oanda,PAPER,STANDARD_SCALPING,ORD-0-0239,XAUUSD,0.54,245,,39,1.9,47.73
2026-08-22T11:12:20.605666+00:00,oanda,PAPER,STANDARD_SCALPING,ORD-0-0240,XAUUSD,0.55,250,,10,0.0,52.23
2026-08-22T11:12:20.605669+00:00,oanda,PAPER,STANDARD_SCALPING,ORD-0-0241,XAUUSD,0.56,255,,11,0.1,51.73
2026-08-22T11:12:20.605672+00:00,oanda,PAPER,STANDARD_SCALPING,ORD-0-0242,XAUUSD,0.57,260,,12,0.2,51.23
2026-08-22T11:12:20.605676+00:00,oanda,PAPER,STANDARD_SCALPING,ORD-0-0243,XAUUSD,0.58,265,,13,0.3,50.73
2026-08-22T11:12:20.605679+00:00,oanda,PAPER,STANDARD_SCALPING,ORD-0-0244,XAUUSD,0.59,270,,14,0.4,50.23
2026-08-22T11:12:20.605681+00:00,oanda,PAPER,STANDARD_SCALPING,ORD-0-0245,XAUUSD,0.6,275,,15,0.5,49.73
2026-08-22T11:12:20.605684+00:00,oanda,PAPER,STANDARD_SCALPING,ORD-0-0246,XAUUSD,0.61,280,,16,0.6,49.23
2026-08-22T11:12:20.605688+00:00,oanda,PAPER,STANDARD_SCALPING,ORD-0-0247,XAUUSD,0.62,285,,17,0.7,48.73
2026-08-22T11:12:20.605691+00:00,oanda,PAPER,STANDARD_SCALPING,ORD-0-0248,XAUUSD,0.63,290,,18,0.8,48.23
2026-08-22T11:12:20.605694+00:00,oanda,PAPER,STANDARD_SCALPING,ORD-0-0249,XAUUSD,0.64,295,,19,0.9,47.73
2026-08-22T11:12:20.605697+00:00,oanda,PAPER,STANDARD_SCALPING,ORD-0-0250,XAUUSD,0.15,300,,20,1.0,52.23
2026-08-22T11:12:20.605699+00:00,oanda,PAPER,STANDARD_SCALPING,ORD-0-0251,XAUUSD,0.16,305,,21,1.1,51.73
2026-08-22T11:12:20.605702+00:00,oanda,PAPER,STANDARD_SCALPING,ORD-0-0252,XAUUSD,0.17,310,,22,1.2,51.23
2026-08-22T11:12:20.605706+00:00,oanda,PAPER,STANDARD_SCALPING,ORD-0-0253,XAUUSD,0.18,315,,23,1.3,50.73
2026-08-22T11:12:20.605709+00:00,oanda,PAPER,STANDARD_SCALPING,ORD-0-0254,XAUUSD,0.19,320,,24,1.4,50.23
2026-08-22T11:12:20.605712+00:00,oanda,PAPER,STANDARD_SCALPING,ORD-0-0255,XAUUSD,0.2,325,,25,1.5,49.73
2026-08-22T11:12:20.605715+00:00,oanda,PAPER,STANDARD_SCALPING,ORD-0-0256,XAUUSD,0.21,330,,26,1.6,49.23
2026-08-22T11:12:20.605718+00:00,oanda,PAPER,STANDARD_SCALPING,ORD-0-0257,XAUUSD,0.22,335,,27,1.7,48.73
2026-08-22T11:12:20.605721+00:00,oanda,PAPER,STANDARD_SCALPING,ORD-0-0258,XAUUSD,0.23,340,,28,1.8,48.23
2026-08-22T11:12:20.605724+00:00,oanda,PAPER,STANDARD_SCALPING,ORD-0-0259,XAUUSD,0.24,345,,29,1.9,47.73
2026-08-22T11:12:20.605727+00:00,oanda,PAPER,STANDARD_SCALPING,ORD-0-0260,XAUUSD,0.25,350,,30,0.0,52.23
2026-08-22T11:12:20.605730+00:00,oanda,PAPER,STANDARD_SCALPING,ORD-0-0261,XAUUSD,0.26,355,,31,0.1,51.73
2026-08-22T11:12:20.605733+00:00,oanda,PAPER,STANDARD_SCALPING,ORD-0-0262,XAUUSD,0.27,360,,32,0.2,51.23
2026-08-22T11:12:20.605737+00:00,oanda,PAPER,STANDARD_SCALPING,ORD-0-0263,XAUUSD,0.28,365,,33,0.3,50.73
2026-08-22T11:12:20.605742+00:00,oanda,PAPER,STANDARD_SCALPING,ORD-0-0264,XAUUSD,0.29,370,,34,0.4,50.23
2026-08-22T11:12:20.605745+00:00,oanda,PAPER,STANDARD_SCALPING,ORD-0-0265,XAUUSD,0.3,375,,35,0.5,49.73
2026-08-22T11:12:20.605748+00:00,oanda,PAPER,STANDARD_SCALPING,ORD-0-0266,XAUUSD,0.31,380,,36,0.6,49.23
2026-08-22T11:12:20.605751+00:00,oanda,PAPER,STANDARD_SCALPING,ORD-0-0267,XAUUSD,0.32,385,,37,0.7,48.73
2026-08-22T11:12:20.605753+00:00,oanda,PAPER,STANDARD_SCALPING,ORD-0-0268,XAUUSD,0.33,390,,38,0.8,48.23
2026-08-22T11:12:20.605758+00:00,oanda,PAPER,STANDARD_SCALPING,ORD-0-0269,XAUUSD,0.34,395,,39,0.9,47.73
2026-08-22T11:12:20.605761+00:00,oanda,PAPER,STANDARD_SCALPING,ORD-0-0270,XAUUSD,0.35,400,,10,1.0,52.23
2026-08-22T11:12:20.605764+00:00,oanda,PAPER,STANDARD_SCALPING,ORD-0-0271,XAUUSD,0.36,405,,11,1.1,51.73
2026-08-22T11:12:20.605767+00:00,oanda,PAPER,STANDARD_SCALPING,ORD-0-0272,XAUUSD,0.37,410,,12,1.2,51.23
2026-08-22T11:12:20.605771+00:00,oanda,PAPER,STANDARD_SCALPING,ORD-0-0273,XAUUSD,0.38,415,,13,1.3,50.73
2026-08-22T11:12:20.605773+00:00,oanda,PAPER,STANDARD_SCALPING,ORD-0-0274,XAUUSD,0.39,420,,14,1.4,50.23
2026-08-22T11:12:20.605776+00:00,oanda,PAPER,STANDARD_SCALPING,ORD-0-0275,XAUUSD,0.4,425,,15,1.5,49.73
2026-08-22T11:12:20.605779+00:00,oanda,PAPER,STANDARD_SCALPING,ORD-0-0276,XAUUSD,0.41,430,,16,1.6,49.23
2026-08-22T11:12:20.605782+00:00,oanda,PAPER,STANDARD_SCALPING,ORD-0-0277,XAUUSD,0.42,435,,17,1.7,48.73
2026-08-22T11:12:20.605785+00:00,oanda,PAPER,STANDARD_SCALPING,ORD-0-0278,XAUUSD,0.43,440,,18,1.8,48.23
2026-08-22T11:12:20.605789+00:00,oanda,PAPER,STANDARD_SCALPING,ORD-0-0279,XAUUSD,0.44,445,,19,1.9,47.73
2026-08-22T11:12:20.605792+00:00,oanda,PAPER,STANDARD_SCALPING,ORD-0-0280,XAUUSD,0.45,450,,20,0.0,52.23
2026-08-22T11:12:20.605794+00:00,oanda,PAPER,STANDARD_SCALPING,ORD-0-0281,XAUUSD,0.46,455,,21,0.1,51.73
2026-08-22T11:12:20.605797+00:00,oanda,PAPER,STANDARD_SCALPING,ORD-0-0282,XAUUSD,0.47,460,,22,0.2,51.23
2026-08-22T11:12:20.605801+00:00,oanda,PAPER,STANDARD_SCALPING,ORD-0-0283,XAUUSD,0.48,465,,23,0.3,50.73
2026-08-22T11:12:20.605804+00:00,oanda,PAPER,STANDARD_SCALPING,ORD-0-0284,XAUUSD,0.49,470,,24,0.4,50.23
2026-08-22T11:12:20.605807+00:00,oanda,PAPER,STANDARD_SCALPING,ORD-0-0285,XAUUSD,0.5,475,,25,0.5,49.73
2026-08-22T11:12:20.605810+00:00,oanda,PAPER,STANDARD_SCALPING,ORD-0-0286,XAUUSD,0.51,480,,26,0.6,49.23
2026-08-22T11:12:20.605812+00:00,oanda,PAPER,STANDARD_SCALPING,ORD-0-0287,XAUUSD,0.52,485,,27,0.7,48.73
2026-08-22T11:12:20.605815+00:00,oanda,PAPER,STANDARD_SCALPING,ORD-0-0288,XAUUSD,0.53,490,,28,0.8,48.23
2026-08-22T11:12:20.605818+00:00,oanda,PAPER,STANDARD_SCALPING,ORD-0-0289,XAUUSD,0.54,495,,29,0.9,47.73
2026-08-22T11:12:20.605821+00:00,oanda,PAPER,STANDARD_SCALPING,ORD-0-0290,XAUUSD,0.55,500,,30,1.0,52.23
2026-08-22T11:12:20.605824+00:00,oanda,PAPER,STANDARD_SCALPING,ORD-0-0291,XAUUSD,0.56,505,INSUFFICIENT_MARGIN,31,1.1,51.73
2026-08-22T11:12:20.605826+00:00,oanda,PAPER,STANDARD_SCALPING,ORD-0-0292,XAUUSD,0.57,510,,32,1.2,51.23
2026-08-22T11:12:20.605831+00:00,oanda,PAPER,STANDARD_SCALPING,ORD-0-0293,XAUUSD,0.58,515,,33,1.3,50.73
2026-08-22T11:12:20.605833+00:00,oanda,PAPER,STANDARD_SCALPING,ORD-0-0294,XAUUSD,0.59,520,,34,1.4,50.23
2026-08-22T11:12:20.605836+00:00,oanda,PAPER,STANDARD_SCALPING,ORD-0-0295,XAUUSD,0.6,525,,35,1.5,49.73
2026-08-22T11:12:20.605839+00:00,oanda,PAPER,STANDARD_SCALPING,ORD-0-0296,XAUUSD,0.61,530,,36,1.6,49.23
2026-08-22T11:12:20.605842+00:00,oanda,PAPER,STANDARD_SCALPING,ORD-0-0297,XAUUSD,0.62,535,,37,1.7,48.73
2026-08-22T11:12:20.605844+00:00,oanda,PAPER,STANDARD_SCALPING,ORD-0-0298,XAUUSD,0.63,540,,38,1.8,48.23
2026-08-22T11:12:20.605847+00:00,oanda,PAPER,STANDARD_SCALPING,ORD-0-0299,XAUUSD,0.64,545,,39,1.9,47.73
2026-08-22T11:12:20.605850+00:00,oanda,PAPER,STANDARD_SCALPING,ORD-0-0300,XAUUSD,0.15,550,,10,0.0,52.23
2026-08-22T11:12:20.605854+00:00,oanda,PAPER,STANDARD_SCALPING,ORD-0-0301,XAUUSD,0.16,555,,11,0.1,51.73
2026-08-22T11:12:20.605856+00:00,oanda,PAPER,STANDARD_SCALPING,ORD-0-0302,XAUUSD,0.17,560,,12,0.2,51.23
2026-08-22T11:12:20.605860+00:00,oanda,PAPER,STANDARD_SCALPING,ORD-0-0303,XAUUSD,0.18,565,,13,0.3,50.73
2026-08-22T11:12:20.605863+00:00,oanda,PAPER,STANDARD_SCALPING,ORD-0-0304,XAUUSD,0.19,570,,14,0.4,50.23
2026-08-22T11:12:20.605866+00:00,oanda,PAPER,STANDARD_SCALPING,ORD-0-0305,XAUUSD,0.2,575,,15,0.5,49.73
2026-08-22T11:12:20.605869+00:00,oanda,PAPER,STANDARD_SCALPING,ORD-0-0306,XAUUSD,0.21,580,,16,0.6,49.23
2026-08-22T11:12:20.605871+00:00,oanda,PAPER,STANDARD_SCALPING,ORD-0-0307,XAUUSD,0.22,585,,17,0.7,48.73
2026-08-22T11:12:20.605874+00:00,oanda,PAPER,STANDARD_SCALPING,ORD-0-0308,XAUUSD,0.23,590,,18,0.8,48.23
2026-08-22T11:12:20.605877+00:00,oanda,PAPER,STANDARD_SCALPING,ORD-0-0309,XAUUSD,0.24,595,,19,0.9,47.73
2026-08-22T11:12:20.605880+00:00,oanda,PAPER,STANDARD_SCALPING,ORD-0-0310,XAUUSD,0.25,600,,20,1.0,52.23
2026-08-22T11:12:20.605884+00:00,oanda,PAPER,STANDARD_SCALPING,ORD-0-0311,XAUUSD,0.26,605,,21,1.1,51.73
2026-08-22T11:12:20.605887+00:00,oanda,PAPER,STANDARD_SCALPING,ORD-0-0312,XAUUSD,0.27,610,,22,1.2,51.23
2026-08-22T11:12:20.605891+00:00,oanda,PAPER,STANDARD_SCALPING,ORD-0-0313,XAUUSD,0.28,615,,23,1.3,50.73
2026-08-22T11:12:20.605895+00:00,oanda,PAPER,STANDARD_SCALPING,ORD-0-0314,XAUUSD,0.29,620,,24,1.4,50.23
2026-08-22T11:12:20.605898+00:00,oanda,PAPER,STANDARD_SCALPING,ORD-0-0315,XAUUSD,0.3,625,,25,1.5,49.73
2026-08-22T11:12:20.605901+00:00,oanda,PAPER,STANDARD_SCALPING,ORD-0-0316,XAUUSD,0.31,630,,26,1.6,49.23
2026-08-22T11:12:20.605903+00:00,oanda,PAPER,STANDARD_SCALPING,ORD-0-0317,XAUUSD,0.32,635,,27,1.7,48.73
2026-08-22T11:12:20.605906+00:00,oanda,PAPER,STANDARD_SCALPING,ORD-0-0318,XAUUSD,0.33,640,,28,1.8,48.23
2026-08-22T11:12:20.605909+00:00,oanda,PAPER,STANDARD_SCALPING,ORD-0-0319,XAUUSD,0.34,645,,29,1.9,47.73
2026-08-22T11:12:20.605912+00:00,oanda,PAPER,STANDARD_SCALPING,ORD-0-0320,XAUUSD,0.35,650,,30,0.0,52.23
2026-08-22T11:12:20.605914+00:00,oanda,PAPER,STANDARD_SCALPING,ORD-0-0321,XAUUSD,0.36,655,,31,0.1,51.73
2026-08-22T11:12:20.605917+00:00,oanda,PAPER,STANDARD_SCALPING,ORD-0-0322,XAUUSD,0.37,660,,32,0.2,51.23
2026-08-22T11:12:20.605921+00:00,oanda,PAPER,STANDARD_SCALPING,ORD-0-0323,XAUUSD,0.38,665,,33,0.3,50.73
2026-08-22T11:12:20.605924+00:00,oanda,PAPER,STANDARD_SCALPING,ORD-0-0324,XAUUSD,0.39,670,,34,0.4,50.23
2026-08-22T11:12:20.605926+00:00,oanda,PAPER,STANDARD_SCALPING,ORD-0-0325,XAUUSD,0.4,675,,35,0.5,49.73
2026-08-22T11:12:20.605929+00:00,oanda,PAPER,STANDARD_SCALPING,ORD-0-0326,XAUUSD,0.41,680,,36,0.6,49.23
2026-08-22T11:12:20.605932+00:00,oanda,PAPER,STANDARD_SCALPING,ORD-0-0327,XAUUSD,0.42,685,,37,0.7,48.73
2026-08-22T11:12:20.605935+00:00,oanda,PAPER,STANDARD_SCALPING,ORD-0-0328,XAUUSD,0.43,690,,38,0.8,48.23
2026-08-22T11:12:20.605937+00:00,oanda,PAPER,STANDARD_SCALPING,ORD-0-0329,XAUUSD,0.44,695,,39,0.9,47.73
2026-08-22T11:12:20.605940+00:00,oanda,PAPER,STANDARD_SCALPING,ORD-0-0330,XAUUSD,0.45,700,,10,1.0,52.23
2026-08-22T11:12:20.605943+00:00,oanda,PAPER,STANDARD_SCALPING,ORD-0-0331,XAUUSD,0.46,705,,11,1.1,51.73
2026-08-22T11:12:20.605946+00:00,oanda,PAPER,STANDARD_SCALPING,ORD-0-0332,XAUUSD,0.47,710,,12,1.2,51.23
2026-08-22T11:12:20.605951+00:00,oanda,PAPER,STANDARD_SCALPING,ORD-0-0333,XAUUSD,0.48,715,,13,1.3,50.73
2026-08-22T11:12:20.605954+00:00,oanda,PAPER,STANDARD_SCALPING,ORD-0-0334,XAUUSD,0.49,720,,14,1.4,50.23
2026-08-22T11:12:20.605957+00:00,oanda,PAPER,STANDARD_SCALPING,ORD-0-0335,XAUUSD,0.5,725,,15,1.5,49.73
2026-08-22T11:12:20.605960+00:00,oanda,PAPER,STANDARD_SCALPING,ORD-0-0336,XAUUSD,0.51,730,,16,1.6,49.23
2026-08-22T11:12:20.605962+00:00,oanda,PAPER,STANDARD_SCALPING,ORD-0-0337,XAUUSD,0.52,735,,17,1.7,48.73
2026-08-22T11:12:20.605965+00:00,oanda,PAPER,STANDARD_SCALPING,ORD-0-0338,XAUUSD,0.53,740,,18,1.8,48.23
2026-08-22T11:12:20.605968+00:00,oanda,PAPER,STANDARD_SCALPING,ORD-0-0339,XAUUSD,0.54,745,,19,1.9,47.73
2026-08-22T11:12:20.605971+00:00,oanda,PAPER,STANDARD_SCALPING,ORD-0-0340,XAUUSD,0.55,750,,20,0.0,52.23
2026-08-22T11:12:20.605973+00:00,oanda,PAPER,STANDARD_SCALPING,ORD-0-0341,XAUUSD,0.56,755,,21,0.1,51.73
2026-08-22T11:12:20.605976+00:00,oanda,PAPER,STANDARD_SCALPING,ORD-0-0342,XAUUSD,0.57,760,,22,0.2,51.23
2026-08-22T11:12:20.605981+00:00,oanda,PAPER,STANDARD_SCALPING,ORD-0-0343,XAUUSD,0.58,765,,23,0.3,50.73
2026-08-22T11:12:20.605984+00:00,oanda,PAPER,STANDARD_SCALPING,ORD-0-0344,XAUUSD,0.59,770,,24,0.4,50.23
2026-08-22T11:12:20.605987+00:00,oanda,PAPER,STANDARD_SCALPING,ORD-0-0345,XAUUSD,0.6,775,,25,0.5,49.73
2026-08-22T11:12:20.605990+00:00,oanda,PAPER,STANDARD_SCALPING,ORD-0-0346,XAUUSD,0.61,780,,26,0.6,49.23
2026-08-22T11:12:20.605992+00:00,oanda,PAPER,STANDARD_SCALPING,ORD-0-0347,XAUUSD,0.62,785,,27,0.7,48.73
2026-08-22T11:12:20.605995+00:00,oanda,PAPER,STANDARD_SCALPING,ORD-0-0348,XAUUSD,0.63,790,,28,0.8,48.23
2026-08-22T11:12:20.605998+00:00,oanda,PAPER,STANDARD_SCALPING,ORD-0-0349,XAUUSD,0.64,795,,29,0.9,47.73
2026-08-22T11:12:20.606000+00:00,oanda,PAPER,STANDARD_SCALPING,ORD-0-0350,XAUUSD,0.15,800,,30,1.0,52.23
2026-08-22T11:12:20.606003+00:00,oanda,PAPER,STANDARD_SCALPING,ORD-0-0351,XAUUSD,0.16,805,,31,1.1,51.73
2026-08-22T11:12:20.606006+00:00,oanda,PAPER,STANDARD_SCALPING,ORD-0-0352,XAUUSD,0.17,810,,32,1.2,51.23
2026-08-22T11:12:20.606011+00:00,oanda,PAPER,STANDARD_SCALPING,ORD-0-0353,XAUUSD,0.18,815,,33,1.3,50.73
2026-08-22T11:12:20.606014+00:00,oanda,PAPER,STANDARD_SCALPING,ORD-0-0354,XAUUSD,0.19,820,,34,1.4,50.23
2026-08-22T11:12:20.606016+00:00,oanda,PAPER,STANDARD_SCALPING,ORD-0-0355,XAUUSD,0.2,825,,35,1.5,49.73
2026-08-22T11:12:20.606019+00:00,oanda,PAPER,STANDARD_SCALPING,ORD-0-0356,XAUUSD,0.21,830,,36,1.6,49.23
2026-08-22T11:12:20.606022+00:00,oanda,PAPER,STANDARD_SCALPING,ORD-0-0357,XAUUSD,0.22,835,,37,1.7,48.73
2026-08-22T11:12:20.606025+00:00,oanda,PAPER,STANDARD_SCALPING,ORD-0-0358,XAUUSD,0.23,840,,38,1.8,48.23
2026-08-22T11:12:20.606027+00:00,oanda,PAPER,STANDARD_SCALPING,ORD-0-0359,XAUUSD,0.24,845,,39,1.9,47.73
2026-08-22T11:12:20.606030+00:00,oanda,PAPER,STANDARD_SCALPING,ORD-0-0360,XAUUSD,0.25,850,,10,0.0,52.23
2026-08-22T11:12:20.606033+00:00,oanda,PAPER,STANDARD_SCALPING,ORD-0-0361,XAUUSD,0.26,855,,11,0.1,51.73
2026-08-22T11:12:20.606036+00:00,oanda,PAPER,STANDARD_SCALPING,ORD-0-0362,XAUUSD,0.27,860,,12,0.2,51.23
2026-08-22T11:12:20.606040+00:00,oanda,PAPER,STANDARD_SCALPING,ORD-0-0363,XAUUSD,0.28,865,,13,0.3,50.73
2026-08-22T11:12:20.606044+00:00,oanda,PAPER,STANDARD_SCALPING,ORD-0-0364,XAUUSD,0.29,870,,14,0.4,50.23
2026-08-22T11:12:20.606059+00:00,oanda,PAPER,STANDARD_SCALPING,ORD-0-0365,XAUUSD,0.3,875,,15,0.5,49.73
2026-08-22T11:12:20.606063+00:00,oanda,PAPER,STANDARD_SCALPING,ORD-0-0366,XAUUSD,0.31,880,,16,0.6,49.23
2026-08-22T11:12:20.606072+00:00,oanda,PAPER,STANDARD_SCALPING,ORD-0-0367,XAUUSD,0.32,885,,17,0.7,48.73
2026-08-22T11:12:20.606084+00:00,oanda,PAPER,STANDARD_SCALPING,ORD-0-0368,XAUUSD,0.33,890,,18,0.8,48.23
2026-08-22T11:12:20.606090+00:00,oanda,PAPER,STANDARD_SCALPING,ORD-0-0369,XAUUSD,0.34,895,,19,0.9,47.73
2026-08-22T11:12:20.606094+00:00,oanda,PAPER,STANDARD_SCALPING,ORD-0-0370,XAUUSD,0.35,900,,20,1.0,52.23
2026-08-22T11:12:20.606099+00:00,oanda,PAPER,STANDARD_SCALPING,ORD-0-0371,XAUUSD,0.36,905,,21,1.1,51.73
2026-08-22T11:12:20.606103+00:00,oanda,PAPER,STANDARD_SCALPING,ORD-0-0372,XAUUSD,0.37,910,,22,1.2,51.23
2026-08-22T11:12:20.606111+00:00,oanda,PAPER,STANDARD_SCALPING,ORD-0-0373,XAUUSD,0.38,915,,23,1.3,50.73
2026-08-22T11:12:20.606113+00:00,oanda,PAPER,STANDARD_SCALPING,ORD-0-0374,XAUUSD,0.39,920,,24,1.4,50.23
2026-08-22T11:12:20.606118+00:00,oanda,PAPER,STANDARD_SCALPING,ORD-0-0375,XAUUSD,0.4,925,,25,1.5,49.73
2026-08-22T11:12:20.606120+00:00,oanda,PAPER,STANDARD_SCALPING,ORD-0-0376,XAUUSD,0.41,930,,26,1.6,49.23
2026-08-22T11:12:20.606123+00:00,oanda,PAPER,STANDARD_SCALPING,ORD-0-0377,XAUUSD,0.42,935,,27,1.7,48.73
2026-08-22T11:12:20.606126+00:00,oanda,PAPER,STANDARD_SCALPING,ORD-0-0378,XAUUSD,0.43,940,,28,1.8,48.23
2026-08-22T11:12:20.606129+00:00,oanda,PAPER,STANDARD_SCALPING,ORD-0-0379,XAUUSD,0.44,945,,29,1.9,47.73
2026-08-22T11:12:20.606132+00:00,oanda,PAPER,STANDARD_SCALPING,ORD-0-0380,XAUUSD,0.45,950,,30,0.0,52.23
2026-08-22T11:12:20.606134+00:00,oanda,PAPER,STANDARD_SCALPING,ORD-0-0381,XAUUSD,0.46,955,,31,0.1,51.73
2026-08-22T11:12:20.606137+00:00,oanda,PAPER,STANDARD_SCALPING,ORD-0-0382,XAUUSD,0.47,960,,32,0.2,51.23
2026-08-22T11:12:20.606141+00:00,oanda,PAPER,STANDARD_SCALPING,ORD-0-0383,XAUUSD,0.48,965,,33,0.3,50.73
2026-08-22T11:12:20.606144+00:00,oanda,PAPER,STANDARD_SCALPING,ORD-0-0384,XAUUSD,0.49,970,,34,0.4,50.23
2026-08-22T11:12:20.606147+00:00,oanda,PAPER,STANDARD_SCALPING,ORD-0-0385,XAUUSD,0.5,975,,35,0.5,49.73
2026-08-22T11:12:20.606149+00:00,oanda,PAPER,STANDARD_SCALPING,ORD-0-0386,XAUUSD,0.51,980,,36,0.6,49.23
2026-08-22T11:12:20.606152+00:00,oanda,PAPER,STANDARD_SCALPING,ORD-0-0387,XAUUSD,0.52,985,,37,0.7,48.73
2026-08-22T11:12:20.606155+00:00,oanda,PAPER,STANDARD_SCALPING,ORD-0-0388,XAUUSD,0.53,990,INSUFFICIENT_MARGIN,38,0.8,48.23
2026-08-22T11:12:20.606158+00:00,oanda,PAPER,STANDARD_SCALPING,ORD-0-0389,XAUUSD,0.54,995,,39,0.9,47.73
2026-08-22T11:12:20.606160+00:00,oanda,PAPER,STANDARD_SCALPING,ORD-0-0390,XAUUSD,0.55,1000,,10,1.0,52.23
2026-08-22T11:12:20.606163+00:00,oanda,PAPER,STANDARD_SCALPING,ORD-0-0391,XAUUSD,0.56,1005,,11,1.1,51.73
2026-08-22T11:12:20.606166+00:00,oanda,PAPER,STANDARD_SCALPING,ORD-0-0392,XAUUSD,0.57,1010,,12,1.2,51.23
2026-08-22T11:12:20.606170+00:00,oanda,PAPER,STANDARD_SCALPING,ORD-0-0393,XAUUSD,0.58,1015,,13,1.3,50.73
2026-08-22T11:12:20.606172+00:00,oanda,PAPER,STANDARD_SCALPING,ORD-0-0394,XAUUSD,0.59,1020,,14,1.4,50.23
2026-08-22T11:12:20.606175+00:00,oanda,PAPER,STANDARD_SCALPING,ORD-0-0395,XAUUSD,0.6,1025,,15,1.5,49.73
2026-08-22T11:12:20.606179+00:00,oanda,PAPER,STANDARD_SCALPING,ORD-0-0396,XAUUSD,0.61,1030,,16,1.6,49.23
2026-08-22T11:12:20.606182+00:00,oanda,PAPER,STANDARD_SCALPING,ORD-0-0397,XAUUSD,0.62,1035,,17,1.7,48.73
2026-08-22T11:12:20.606185+00:00,oanda,PAPER,STANDARD_SCALPING,ORD-0-0398,XAUUSD,0.63,1040,,18,1.8,48.23
2026-08-22T11:12:20.606187+00:00,oanda,PAPER,STANDARD_SCALPING,ORD-0-0399,XAUUSD,0.64,1045,,19,1.9,47.73
2026-08-22T11:12:20.606190+00:00,oanda,PAPER,STANDARD_SCALPING,ORD-0-0400,XAUUSD,0.15,50,,20,0.0,52.23
2026-08-22T11:12:20.606193+00:00,oanda,PAPER,STANDARD_SCALPING,ORD-0-0401,XAUUSD,0.16,55,,21,0.1,51.73
2026-08-22T11:12:20.606196+00:00,oanda,PAPER,STANDARD_SCALPING,ORD-0-0402,XAUUSD,0.17,60,,22,0.2,51.23
2026-08-22T11:12:20.606200+00:00,oanda,PAPER,STANDARD_SCALPING,ORD-0-0403,XAUUSD,0.18,65,,23,0.3,50.73
2026-08-22T11:12:20.606203+00:00,oanda,PAPER,STANDARD_SCALPING,ORD-0-0404,XAUUSD,0.19,70,,24,0.4,50.23
2026-08-22T11:12:20.606205+00:00,oanda,PAPER,STANDARD_SCALPING,ORD-0-0405,XAUUSD,0.2,75,,25,0.5,49.73
2026-08-22T11:12:20.606208+00:00,oanda,PAPER,STANDARD_SCALPING,ORD-0-0406,XAUUSD,0.21,80,,26,0.6,49.23
2026-08-22T11:12:20.606212+00:00,oanda,PAPER,STANDARD_SCALPING,ORD-0-0407,XAUUSD,0.22,85,,27,0.7,48.73
2026-08-22T11:12:20.606215+00:00,oanda,PAPER,STANDARD_SCALPING,ORD-0-0408,XAUUSD,0.23,90,,28,0.8,48.23
2026-08-22T11:12:20.606218+00:00,oanda,PAPER,STANDARD_SCALPING,ORD-0-0409,XAUUSD,0.24,95,,29,0.9,47.73
2026-08-22T11:12:20.606220+00:00,oanda,PAPER,STANDARD_SCALPING,ORD-0-0410,XAUUSD,0.25,100,,30,1.0,52.23
2026-08-22T11:12:20.606223+00:00,oanda,PAPER,STANDARD_SCALPING,ORD-0-0411,XAUUSD,0.26,105,,31,1.1,51.73
2026-08-22T11:12:20.606226+00:00,oanda,PAPER,STANDARD_SCALPING,ORD-0-0412,XAUUSD,0.27,110,,32,1.2,51.23
2026-08-22T11:12:20.606230+00:00,oanda,PAPER,STANDARD_SCALPING,ORD-0-0413,XAUUSD,0.28,115,,33,1.3,50.73
2026-08-22T11:12:20.606232+00:00,oanda,PAPER,STANDARD_SCALPING,ORD-0-0414,XAUUSD,0.29,120,,34,1.4,50.23
2026-08-22T11:12:20.606235+00:00,oanda,PAPER,STANDARD_SCALPING,ORD-0-0415,XAUUSD,0.3,125,,35,1.5,49.73
2026-08-22T11:12:20.606239+00:00,oanda,PAPER,STANDARD_SCALPING,ORD-0-0416,XAUUSD,0.31,130,,36,1.6,49.23
2026-08-22T11:12:20.606242+00:00,oanda,PAPER,STANDARD_SCALPING,ORD-0-0417,XAUUSD,0.32,135,,37,1.7,48.73
2026-08-22T11:12:20.606245+00:00,oanda,PAPER,STANDARD_SCALPING,ORD-0-0418,XAUUSD,0.33,140,,38,1.8,48.23
2026-08-22T11:12:20.606247+00:00,oanda,PAPER,STANDARD_SCALPING,ORD-0-0419,XAUUSD,0.34,145,,39,1.9,47.73
2026-08-22T11:12:20.606250+00:00,oanda,PAPER,STANDARD_SCALPING,ORD-0-0420,XAUUSD,0.35,150,,10,0.0,52.23
2026-08-22T11:12:20.606253+00:00,oanda,PAPER,STANDARD_SCALPING,ORD-0-0421,XAUUSD,0.36,155,,11,0.1,51.73
2026-08-22T11:12:20.606255+00:00,oanda,PAPER,STANDARD_SCALPING,ORD-0-0422,XAUUSD,0.37,160,,12,0.2,51.23
2026-08-22T11:12:20.606259+00:00,oanda,PAPER,STANDARD_SCALPING,ORD-0-0423,XAUUSD,0.38,165,,13,0.3,50.73
2026-08-22T11:12:20.606262+00:00,oanda,PAPER,STANDARD_SCALPING,ORD-0-0424,XAUUSD,0.39,170,,14,0.4,50.23
2026-08-22T11:12:20.606264+00:00,oanda,PAPER,STANDARD_SCALPING,ORD-0-0425,XAUUSD,0.4,175,,15,0.5,49.73
2026-08-22T11:12:20.606267+00:00,oanda,PAPER,STANDARD_SCALPING,ORD-0-0426,XAUUSD,0.41,180,,16,0.6,49.23
2026-08-22T11:12:20.606270+00:00,oanda,PAPER,STANDARD_SCALPING,ORD-0-0427,XAUUSD,0.42,185,,17,0.7,48.73
2026-08-22T11:12:20.606272+00:00,oanda,PAPER,STANDARD_SCALPING,ORD-0-0428,XAUUSD,0.43,190,,18,0.8,48.23
2026-08-22T11:12:20.606275+00:00,oanda,PAPER,STANDARD_SCALPING,ORD-0-0429,XAUUSD,0.44,195,,19,0.9,47.73
2026-08-22T11:12:20.606278+00:00,oanda,PAPER,STANDARD_SCALPING,ORD-0-0430,XAUUSD,0.45,200,,20,1.0,52.23
2026-08-22T11:12:20.606280+00:00,oanda,PAPER,STANDARD_SCALPING,ORD-0-0431,XAUUSD,0.46,205,,21,1.1,51.73
2026-08-22T11:12:20.606283+00:00,oanda,PAPER,STANDARD_SCALPING,ORD-0-0432,XAUUSD,0.47,210,,22,1.2,51.23
2026-08-22T11:12:20.606287+00:00,oanda,PAPER,STANDARD_SCALPING,ORD-0-0433,XAUUSD,0.48,215,,23,1.3,50.73
2026-08-22T11:12:20.606290+00:00,oanda,PAPER,STANDARD_SCALPING,ORD-0-0434,XAUUSD,0.49,220,,24,1.4,50.23
2026-08-22T11:12:20.606293+00:00,oanda,PAPER,STANDARD_SCALPING,ORD-0-0435,XAUUSD,0.5,225,,25,1.5,49.73
2026-08-22T11:12:20.606295+00:00,oanda,PAPER,STANDARD_SCALPING,ORD-0-0436,XAUUSD,0.51,230,,26,1.6,49.23
2026-08-22T11:12:20.606298+00:00,oanda,PAPER,STANDARD_SCALPING,ORD-0-0437,XAUUSD,0.52,235,,27,1.7,48.73
2026-08-22T11:12:20.606304+00:00,oanda,PAPER,STANDARD_SCALPING,ORD-0-0438,XAUUSD,0.53,240,,28,1.8,48.23
2026-08-22T11:12:20.606307+00:00,oanda,PAPER,STANDARD_SCALPING,ORD-0-0439,XAUUSD,0.54,245,,29,1.9,47.73
2026-08-22T11:12:20.606310+00:00,oanda,PAPER,STANDARD_SCALPING,ORD-0-0440,XAUUSD,0.55,250,,30,0.0,52.23
2026-08-22T11:12:20.606313+00:00,oanda,PAPER,STANDARD_SCALPING,ORD-0-0441,XAUUSD,0.56,255,,31,0.1,51.73
2026-08-22T11:12:20.606315+00:00,oanda,PAPER,STANDARD_SCALPING,ORD-0-0442,XAUUSD,0.57,260,,32,0.2,51.23
2026-08-22T11:12:20.606319+00:00,oanda,PAPER,STANDARD_SCALPING,ORD-0-0443,XAUUSD,0.58,265,,33,0.3,50.73
2026-08-22T11:12:20.606322+00:00,oanda,PAPER,STANDARD_SCALPING,ORD-0-0444,XAUUSD,0.59,270,,34,0.4,50.23
2026-08-22T11:12:20.606325+00:00,oanda,PAPER,STANDARD_SCALPING,ORD-0-0445,XAUUSD,0.6,275,,35,0.5,49.73
2026-08-22T11:12:20.606327+00:00,oanda,PAPER,STANDARD_SCALPING,ORD-0-0446,XAUUSD,0.61,280,,36,0.6,49.23
2026-08-22T11:12:20.606330+00:00,oanda,PAPER,STANDARD_SCALPING,ORD-0-0447,XAUUSD,0.62,285,,37,0.7,48.73
2026-08-22T11:12:20.606333+00:00,oanda,PAPER,STANDARD_SCALPING,ORD-0-0448,XAUUSD,0.63,290,,38,0.8,48.23
2026-08-22T11:12:20.606335+00:00,oanda,PAPER,STANDARD_SCALPING,ORD-0-0449,XAUUSD,0.64,295,,39,0.9,47.73
2026-08-22T11:12:20.606338+00:00,oanda,PAPER,STANDARD_SCALPING,ORD-0-0450,XAUUSD,0.15,300,,10,1.0,52.23
2026-08-22T11:12:20.606341+00:00,oanda,PAPER,STANDARD_SCALPING,ORD-0-0451,XAUUSD,0.16,305,,11,1.1,51.73
2026-08-22T11:12:20.606344+00:00,oanda,PAPER,STANDARD_SCALPING,ORD-0-0452,XAUUSD,0.17,310,,12,1.2,51.23
2026-08-22T11:12:20.606348+00:00,oanda,PAPER,STANDARD_SCALPING,ORD-0-0453,XAUUSD,0.18,315,,13,1.3,50.73
2026-08-22T11:12:20.606350+00:00,oanda,PAPER,STANDARD_SCALPING,ORD-0-0454,XAUUSD,0.19,320,,14,1.4,50.23
2026-08-22T11:12:20.606353+00:00,oanda,PAPER,STANDARD_SCALPING,ORD-0-0455,XAUUSD,0.2,325,,15,1.5,49.73
2026-08-22T11:12:20.606356+00:00,oanda,PAPER,STANDARD_SCALPING,ORD-0-0456,XAUUSD,0.21,330,,16,1.6,49.23
2026-08-22T11:12:20.606359+00:00,oanda,PAPER,STANDARD_SCALPING,ORD-0-0457,XAUUSD,0.22,335,,17,1.7,48.73
2026-08-22T11:12:20.606361+00:00,oanda,PAPER,STANDARD_SCALPING,ORD-0-0458,XAUUSD,0.23,340,,18,1.8,48.23
2026-08-22T11:12:20.606364+00:00,oanda,PAPER,STANDARD_SCALPING,ORD-0-0459,XAUUSD,0.24,345,,19,1.9,47.73
2026-08-22T11:12:20.606367+00:00,oanda,PAPER,STANDARD_SCALPING,ORD-0-0460,XAUUSD,0.25,350,,20,0.0,52.23
2026-08-22T11:12:20.606369+00:00,oanda,PAPER,STANDARD_SCALPING,ORD-0-0461,XAUUSD,0.26,355,,21,0.1,51.73
2026-08-22T11:12:20.606372+00:00,oanda,PAPER,STANDARD_SCALPING,ORD-0-0462,XAUUSD,0.27,360,,22,0.2,51.23
2026-08-22T11:12:20.606376+00:00,oanda,PAPER,STANDARD_SCALPING,ORD-0-0463,XAUUSD,0.28,365,,23,0.3,50.73
2026-08-22T11:12:20.606379+00:00,oanda,PAPER,STANDARD_SCALPING,ORD-0-0464,XAUUSD,0.29,370,,24,0.4,50.23
2026-08-22T11:12:20.606382+00:00,oanda,PAPER,STANDARD_SCALPING,ORD-0-0465,XAUUSD,0.3,375,,25,0.5,49.73
2026-08-22T11:12:20.606384+00:00,oanda,PAPER,STANDARD_SCALPING,ORD-0-0466,XAUUSD,0.31,380,,26,0.6,49.23
2026-08-22T11:12:20.606387+00:00,oanda,PAPER,STANDARD_SCALPING,ORD-0-0467,XAUUSD,0.32,385,,27,0.7,48.73
2026-08-22T11:12:20.606392+00:00,oanda,PAPER,STANDARD_SCALPING,ORD-0-0468,XAUUSD,0.33,390,,28,0.8,48.23
2026-08-22T11:12:20.606395+00:00,oanda,PAPER,STANDARD_SCALPING,ORD-0-0469,XAUUSD,0.34,395,,29,0.9,47.73
2026-08-22T11:12:20.606399+00:00,oanda,PAPER,STANDARD_SCALPING,ORD-0-0470,XAUUSD,0.35,400,,30,1.0,52.23
2026-08-22T11:12:20.606403+00:00,oanda,PAPER,STANDARD_SCALPING,ORD-0-0471,XAUUSD,0.36,405,,31,1.1,51.73
2026-08-22T11:12:20.606406+00:00,oanda,PAPER,STANDARD_SCALPING,ORD-0-0472,XAUUSD,0.37,410,,32,1.2,51.23
2026-08-22T11:12:20.606410+00:00,oanda,PAPER,STANDARD_SCALPING,ORD-0-0473,XAUUSD,0.38,415,,33,1.3,50.73
2026-08-22T11:12:20.606412+00:00,oanda,PAPER,STANDARD_SCALPING,ORD-0-0474,XAUUSD,0.39,420,,34,1.4,50.23
2026-08-22T11:12:20.606415+00:00,oanda,PAPER,STANDARD_SCALPING,ORD-0-0475,XAUUSD,0.4,425,,35,1.5,49.73
2026-08-22T11:12:20.606418+00:00,oanda,PAPER,STANDARD_SCALPING,ORD-0-0476,XAUUSD,0.41,430,,36,1.6,49.23
2026-08-22T11:12:20.606420+00:00,oanda,PAPER,STANDARD_SCALPING,ORD-0-0477,XAUUSD,0.42,435,,37,1.7,48.73
2026-08-22T11:12:20.606423+00:00,oanda,PAPER,STANDARD_SCALPING,ORD-0-0478,XAUUSD,0.43,440,,38,1.8,48.23
2026-08-22T11:12:20.606426+00:00,oanda,PAPER,STANDARD_SCALPING,ORD-0-0479,XAUUSD,0.44,445,,39,1.9,47.73
2026-08-22T11:12:20.606428+00:00,oanda,PAPER,STANDARD_SCALPING,ORD-0-0480,XAUUSD,0.45,450,,10,0.0,52.23
2026-08-22T11:12:20.606431+00:00,oanda,PAPER,STANDARD_SCALPING,ORD-0-0481,XAUUSD,0.46,455,,11,0.1,51.73
2026-08-22T11:12:20.606434+00:00,oanda,PAPER,STANDARD_SCALPING,ORD-0-0482,XAUUSD,0.47,460,,12,0.2,51.23
2026-08-22T11:12:20.606438+00:00,oanda,PAPER,STANDARD_SCALPING,ORD-0-0483,XAUUSD,0.48,465,,13,0.3,50.73
2026-08-22T11:12:20.606440+00:00,oanda,PAPER,STANDARD_SCALPING,ORD-0-0484,XAUUSD,0.49,470,,14,0.4,50.23
2026-08-22T11:12:20.606443+00:00,oanda,PAPER,STANDARD_SCALPING,ORD-0-0485,XAUUSD,0.5,475,INSUFFICIENT_MARGIN,15,0.5,49.73
2026-08-22T11:12:20.606446+00:00,oanda,PAPER,STANDARD_SCALPING,ORD-0-0486,XAUUSD,0.51,480,,16,0.6,49.23
2026-08-22T11:12:20.606449+00:00,oanda,PAPER,STANDARD_SCALPING,ORD-0-0487,XAUUSD,0.52,485,,17,0.7,48.73
2026-08-22T11:12:20.606451+00:00,oanda,PAPER,STANDARD_SCALPING,ORD-0-0488,XAUUSD,0.53,490,,18,0.8,48.23
2026-08-22T11:12:20.606454+00:00,oanda,PAPER,STANDARD_SCALPING,ORD-0-0489,XAUUSD,0.54,495,,19,0.9,47.73
2026-08-22T11:12:20.606456+00:00,oanda,PAPER,STANDARD_SCALPING,ORD-0-0490,XAUUSD,0.55,500,,20,1.0,52.23
2026-08-22T11:12:20.606459+00:00,oanda,PAPER,STANDARD_SCALPING,ORD-0-0491,XAUUSD,0.56,505,,21,1.1,51.73
2026-08-22T11:12:20.606462+00:00,oanda,PAPER,STANDARD_SCALPING,ORD-0-0492,XAUUSD,0.57,510,,22,1.2,51.23
2026-08-22T11:12:20.606466+00:00,oanda,PAPER,STANDARD_SCALPING,ORD-0-0493,XAUUSD,0.58,515,,23,1.3,50.73
2026-08-22T11:12:20.606468+00:00,oanda,PAPER,STANDARD_SCALPING,ORD-0-0494,XAUUSD,0.59,520,,24,1.4,50.23
2026-08-22T11:12:20.606471+00:00,oanda,PAPER,STANDARD_SCALPING,ORD-0-0495,XAUUSD,0.6,525,,25,1.5,49.73
2026-08-22T11:12:20.606474+00:00,oanda,PAPER,STANDARD_SCALPING,ORD-0-0496,XAUUSD,0.61,530,,26,1.6,49.23
2026-08-22T11:12:20.606476+00:00,oanda,PAPER,STANDARD_SCALPING,ORD-0-0497,XAUUSD,0.62,535,,27,1.7,48.73
2026-08-22T11:12:20.606479+00:00,oanda,PAPER,STANDARD_SCALPING,ORD-0-0498,XAUUSD,0.63,540,,28,1.8,48.23
2026-08-22T11:12:20.606482+00:00,oanda,PAPER,STANDARD_SCALPING,ORD-0-0499,XAUUSD,0.64,545,,29,1.9,47.73
2026-08-22T11:12:20.606484+00:00,oanda,PAPER,STANDARD_SCALPING,ORD-0-0500,XAUUSD,0.15,550,,30,0.0,52.23
2026-08-22T11:12:20.606487+00:00,oanda,PAPER,STANDARD_SCALPING,ORD-0-0501,XAUUSD,0.16,555,,31,0.1,51.73
2026-08-22T11:12:20.606493+00:00,oanda,PAPER,STANDARD_SCALPING,ORD-0-0502,XAUUSD,0.17,560,,32,0.2,51.23
2026-08-22T11:12:20.606497+00:00,oanda,PAPER,STANDARD_SCALPING,ORD-0-0503,XAUUSD,0.18,565,,33,0.3,50.73
2026-08-22T11:12:20.606500+00:00,oanda,PAPER,STANDARD_SCALPING,ORD-0-0504,XAUUSD,0.19,570,,34,0.4,50.23
2026-08-22T11:12:20.606503+00:00,oanda,PAPER,STANDARD_SCALPING,ORD-0-0505,XAUUSD,0.2,575,,35,0.5,49.73
2026-08-22T11:12:20.606505+00:00,oanda,PAPER,STANDARD_SCALPING,ORD-0-0506,XAUUSD,0.21,580,,36,0.6,49.23
2026-08-22T11:12:20.606508+00:00,oanda,PAPER,STANDARD_SCALPING,ORD-0-0507,XAUUSD,0.22,585,,37,0.7,48.73
2026-08-22T11:12:20.606511+00:00,oanda,PAPER,STANDARD_SCALPING,ORD-0-0508,XAUUSD,0.23,590,,38,0.8,48.23
2026-08-22T11:12:20.606513+00:00,oanda,PAPER,STANDARD_SCALPING,ORD-0-0509,XAUUSD,0.24,595,,39,0.9,47.73
2026-08-22T11:12:20.606516+00:00,oanda,PAPER,STANDARD_SCALPING,ORD-0-0510,XAUUSD,0.25,600,,10,1.0,52.23
2026-08-22T11:12:20.606519+00:00,oanda,PAPER,STANDARD_SCALPING,ORD-0-0511,XAUUSD,0.26,605,,11,1.1,51.73
2026-08-22T11:12:20.606521+00:00,oanda,PAPER,STANDARD_SCALPING,ORD-0-0512,XAUUSD,0.27,610,,12,1.2,51.23
2026-08-22T11:12:20.606526+00:00,oanda,PAPER,STANDARD_SCALPING,ORD-0-0513,XAUUSD,0.28,615,,13,1.3,50.73
2026-08-22T11:12:20.606528+00:00,oanda,PAPER,STANDARD_SCALPING,ORD-0-0514,XAUUSD,0.29,620,,14,1.4,50.23
2026-08-22T11:12:20.606531+00:00,oanda,PAPER,STANDARD_SCALPING,ORD-0-0515,XAUUSD,0.3,625,,15,1.5,49.73
2026-08-22T11:12:20.606545+00:00,oanda,PAPER,STANDARD_SCALPING,ORD-0-0516,XAUUSD,0.31,630,,16,1.6,49.23
2026-08-22T11:12:20.606548+00:00,oanda,PAPER,STANDARD_SCALPING,ORD-0-0517,XAUUSD,0.32,635,,17,1.7,48.73
2026-08-22T11:12:20.606553+00:00,oanda,PAPER,STANDARD_SCALPING,ORD-0-0518,XAUUSD,0.33,640,,18,1.8,48.23
2026-08-22T11:12:20.606556+00:00,oanda,PAPER,STANDARD_SCALPING,ORD-0-0519,XAUUSD,0.34,645,,19,1.9,47.73
2026-08-22T11:12:20.606558+00:00,oanda,PAPER,STANDARD_SCALPING,ORD-0-0520,XAUUSD,0.35,650,,20,0.0,52.23
2026-08-22T11:12:20.606561+00:00,oanda,PAPER,STANDARD_SCALPING,ORD-0-0521,XAUUSD,0.36,655,,21,0.1,51.73
2026-08-22T11:12:20.606564+00:00,oanda,PAPER,STANDARD_SCALPING,ORD-0-0522,XAUUSD,0.37,660,,22,0.2,51.23
2026-08-22T11:12:20.606568+00:00,oanda,PAPER,STANDARD_SCALPING,ORD-0-0523,XAUUSD,0.38,665,,23,0.3,50.73
2026-08-22T11:12:20.606571+00:00,oanda,PAPER,STANDARD_SCALPING,ORD-0-0524,XAUUSD,0.39,670,,24,0.4,50.23
2026-08-22T11:12:20.606573+00:00,oanda,PAPER,STANDARD_SCALPING,ORD-0-0525,XAUUSD,0.4,675,,25,0.5,49.73
2026-08-22T11:12:20.606576+00:00,oanda,PAPER,STANDARD_SCALPING,ORD-0-0526,XAUUSD,0.41,680,,26,0.6,49.23
2026-08-22T11:12:20.606579+00:00,oanda,PAPER,STANDARD_SCALPING,ORD-0-0527,XAUUSD,0.42,685,,27,0.7,48.73
2026-08-22T11:12:20.606581+00:00,oanda,PAPER,STANDARD_SCALPING,ORD-0-0528,XAUUSD,0.43,690,,28,0.8,48.23
2026-08-22T11:12:20.606584+00:00,oanda,PAPER,STANDARD_SCALPING,ORD-0-0529,XAUUSD,0.44,695,,29,0.9,47.73
2026-08-22T11:12:20.606587+00:00,oanda,PAPER,STANDARD_SCALPING,ORD-0-0530,XAUUSD,0.45,700,,30,1.0,52.23
2026-08-22T11:12:20.606589+00:00,oanda,PAPER,STANDARD_SCALPING,ORD-0-0531,XAUUSD,0.46,705,,31,1.1,51.73
2026-08-22T11:12:20.606592+00:00,oanda,PAPER,STANDARD_SCALPING,ORD-0-0532,XAUUSD,0.47,710,,32,1.2,51.23
2026-08-22T11:12:20.606596+00:00,oanda,PAPER,STANDARD_SCALPING,ORD-0-0533,XAUUSD,0.48,715,,33,1.3,50.73
2026-08-22T11:12:20.606602+00:00,oanda,PAPER,STANDARD_SCALPING,ORD-0-0534,XAUUSD,0.49,720,,34,1.4,50.23
2026-08-22T11:12:20.606604+00:00,oanda,PAPER,STANDARD_SCALPING,ORD-0-0535,XAUUSD,0.5,725,,35,1.5,49.73
2026-08-22T11:12:20.606607+00:00,oanda,PAPER,STANDARD_SCALPING,ORD-0-0536,XAUUSD,0.51,730,,36,1.6,49.23
2026-08-22T11:12:20.606610+00:00,oanda,PAPER,STANDARD_SCALPING,ORD-0-0537,XAUUSD,0.52,735,,37,1.7,48.73
2026-08-22T11:12:20.606612+00:00,oanda,PAPER,STANDARD_SCALPING,ORD-0-0538,XAUUSD,0.53,740,,38,1.8,48.23
2026-08-22T11:12:20.606615+00:00,oanda,PAPER,STANDARD_SCALPING,ORD-0-0539,XAUUSD,0.54,745,,39,1.9,47.73
2026-08-22T11:12:20.606618+00:00,oanda,PAPER,STANDARD_SCALPING,ORD-0-0540,XAUUSD,0.55,750,,10,0.0,52.23
2026-08-22T11:12:20.606620+00:00,oanda,PAPER,STANDARD_SCALPING,ORD-0-0541,XAUUSD,0.56,755,,11,0.1,51.73
2026-08-22T11:12:20.606623+00:00,oanda,PAPER,STANDARD_SCALPING,ORD-0-0542,XAUUSD,0.57,760,,12,0.2,51.23
2026-08-22T11:12:20.606627+00:00,oanda,PAPER,STANDARD_SCALPING,ORD-0-0543,XAUUSD,0.58,765,,13,0.3,50.73
2026-08-22T11:12:20.606630+00:00,oanda,PAPER,STANDARD_SCALPING,ORD-0-0544,XAUUSD,0.59,770,,14,0.4,50.23
2026-08-22T11:12:20.606632+00:00,oanda,PAPER,STANDARD_SCALPING,ORD-0-0545,XAUUSD,0.6,775,,15,0.5,49.73
2026-08-22T11:12:20.606635+00:00,oanda,PAPER,STANDARD_SCALPING,ORD-0-0546,XAUUSD,0.61,780,,16,0.6,49.23
2026-08-22T11:12:20.606638+00:00,oanda,PAPER,STANDARD_SCALPING,ORD-0-0547,XAUUSD,0.62,785,,17,0.7,48.73
2026-08-22T11:12:20.606640+00:00,oanda,PAPER,STANDARD_SCALPING,ORD-0-0548,XAUUSD,0.63,790,,18,0.8,48.23
2026-08-22T11:12:20.606643+00:00,oanda,PAPER,STANDARD_SCALPING,ORD-0-0549,XAUUSD,0.64,795,,19,0.9,47.73
2026-08-22T11:12:20.606646+00:00,oanda,PAPER,STANDARD_SCALPING,ORD-0-0550,XAUUSD,0.15,800,,20,1.0,52.23
2026-08-22T11:12:20.606648+00:00,oanda,PAPER,STANDARD_SCALPING,ORD-0-0551,XAUUSD,0.16,805,,21,1.1,51.73
2026-08-22T11:12:20.606651+00:00,oanda,PAPER,STANDARD_SCALPING,ORD-0-0552,XAUUSD,0.17,810,,22,1.2,51.23
2026-08-22T11:12:20.606655+00:00,oanda,PAPER,STANDARD_SCALPING,ORD-0-0553,XAUUSD,0.18,815,,23,1.3,50.73
2026-08-22T11:12:20.606658+00:00,oanda,PAPER,STANDARD_SCALPING,ORD-0-0554,XAUUSD,0.19,820,,24,1.4,50.23
2026-08-22T11:12:20.606661+00:00,oanda,PAPER,STANDARD_SCALPING,ORD-0-0555,XAUUSD,0.2,825,,25,1.5,49.73
2026-08-22T11:12:20.606663+00:00,oanda,PAPER,STANDARD_SCALPING,ORD-0-0556,XAUUSD,0.21,830,,26,1.6,49.23
2026-08-22T11:12:20.606666+00:00,oanda,PAPER,STANDARD_SCALPING,ORD-0-0557,XAUUSD,0.22,835,,27,1.7,48.73
2026-08-22T11:12:20.606669+00:00,oanda,PAPER,STANDARD_SCALPING,ORD-0-0558,XAUUSD,0.23,840,,28,1.8,48.23
2026-08-22T11:12:20.606671+00:00,oanda,PAPER,STANDARD_SCALPING,ORD-0-0559,XAUUSD,0.24,845,,29,1.9,47.73
2026-08-22T11:12:20.606674+00:00,oanda,PAPER,STANDARD_SCALPING,ORD-0-0560,XAUUSD,0.25,850,,30,0.0,52.23
2026-08-22T11:12:20.606677+00:00,oanda,PAPER,STANDARD_SCALPING,ORD-0-0561,XAUUSD,0.26,855,,31,0.1,51.73
2026-08-22T11:12:20.606679+00:00,oanda,PAPER,STANDARD_SCALPING,ORD-0-0562,XAUUSD,0.27,860,,32,0.2,51.23
2026-08-22T11:12:20.606683+00:00,oanda,PAPER,STANDARD_SCALPING,ORD-0-0563,XAUUSD,0.28,865,,33,0.3,50.73
2026-08-22T11:12:20.606686+00:00,oanda,PAPER,STANDARD_SCALPING,ORD-0-0564,XAUUSD,0.29,870,,34,0.4,50.23
2026-08-22T11:12:20.606689+00:00,oanda,PAPER,STANDARD_SCALPING,ORD-0-0565,XAUUSD,0.3,875,,35,0.5,49.73
2026-08-22T11:12:20.606694+00:00,oanda,PAPER,STANDARD_SCALPING,ORD-0-0566,XAUUSD,0.31,880,,36,0.6,49.23
2026-08-22T11:12:20.606697+00:00,oanda,PAPER,STANDARD_SCALPING,ORD-0-0567,XAUUSD,0.32,885,,37,0.7,48.73
2026-08-22T11:12:20.606699+00:00,oanda,PAPER,STANDARD_SCALPING,ORD-0-0568,XAUUSD,0.33,890,,38,0.8,48.23
2026-08-22T11:12:20.606703+00:00,oanda,PAPER,STANDARD_SCALPING,ORD-0-0569,XAUUSD,0.34,895,,39,0.9,47.73
2026-08-22T11:12:20.606706+00:00,oanda,PAPER,STANDARD_SCALPING,ORD-0-0570,XAUUSD,0.35,900,,10,1.0,52.23
2026-08-22T11:12:20.606708+00:00,oanda,PAPER,STANDARD_SCALPING,ORD-0-0571,XAUUSD,0.36,905,,11,1.1,51.73
2026-08-22T11:12:20.606711+00:00,oanda,PAPER,STANDARD_SCALPING,ORD-0-0572,XAUUSD,0.37,910,,12,1.2,51.23
2026-08-22T11:12:20.606715+00:00,oanda,PAPER,STANDARD_SCALPING,ORD-0-0573,XAUUSD,0.38,915,,13,1.3,50.73
2026-08-22T11:12:20.606718+00:00,oanda,PAPER,STANDARD_SCALPING,ORD-0-0574,XAUUSD,0.39,920,,14,1.4,50.23
2026-08-22T11:12:20.606720+00:00,oanda,PAPER,STANDARD_SCALPING,ORD-0-0575,XAUUSD,0.4,925,,15,1.5,49.73
2026-08-22T11:12:20.606723+00:00,oanda,PAPER,STANDARD_SCALPING,ORD-0-0576,XAUUSD,0.41,930,,16,1.6,49.23
2026-08-22T11:12:20.606726+00:00,oanda,PAPER,STANDARD_SCALPING,ORD-0-0577,XAUUSD,0.42,935,,17,1.7,48.73
2026-08-22T11:12:20.606728+00:00,oanda,PAPER,STANDARD_SCALPING,ORD-0-0578,XAUUSD,0.43,940,,18,1.8,48.23
2026-08-22T11:12:20.606731+00:00,oanda,PAPER,STANDARD_SCALPING,ORD-0-0579,XAUUSD,0.44,945,,19,1.9,47.73
2026-08-22T11:12:20.606734+00:00,oanda,PAPER,STANDARD_SCALPING,ORD-0-0580,XAUUSD,0.45,950,,20,0.0,52.23
2026-08-22T11:12:20.606736+00:00,oanda,PAPER,STANDARD_SCALPING,ORD-0-0581,XAUUSD,0.46,955,,21,0.1,51.73
2026-08-22T11:12:20.606739+00:00,oanda,PAPER,STANDARD_SCALPING,ORD-0-0582,XAUUSD,0.47,960,INSUFFICIENT_MARGIN,22,0.2,51.23
2026-08-22T11:12:20.606743+00:00,oanda,PAPER,STANDARD_SCALPING,ORD-0-0583,XAUUSD,0.48,965,,23,0.3,50.73
2026-08-22T11:12:20.606746+00:00,oanda,PAPER,STANDARD_SCALPING,ORD-0-0584,XAUUSD,0.49,970,,24,0.4,50.23
2026-08-22T11:12:20.606748+00:00,oanda,PAPER,STANDARD_SCALPING,ORD-0-0585,XAUUSD,0.5,975,,25,0.5,49.73
2026-08-22T11:12:20.606751+00:00,oanda,PAPER,STANDARD_SCALPING,ORD-0-0586,XAUUSD,0.51,980,,26,0.6,49.23
2026-08-22T11:12:20.606754+00:00,oanda,PAPER,STANDARD_SCALPING,ORD-0-0587,XAUUSD,0.52,985,,27,0.7,48.73
2026-08-22T11:12:20.606756+00:00,oanda,PAPER,STANDARD_SCALPING,ORD-0-0588,XAUUSD,0.53,990,,28,0.8,48.23
2026-08-22T11:12:20.606759+00:00,oanda,PAPER,STANDARD_SCALPING,ORD-0-0589,XAUUSD,0.54,995,,29,0.9,47.73
2026-08-22T11:12:20.606762+00:00,oanda,PAPER,STANDARD_SCALPING,ORD-0-0590,XAUUSD,0.55,1000,,30,1.0,52.23
2026-08-22T11:12:20.606764+00:00,oanda,PAPER,STANDARD_SCALPING,ORD-0-0591,XAUUSD,0.56,1005,,31,1.1,51.73
2026-08-22T11:12:20.606767+00:00,oanda,PAPER,STANDARD_SCALPING,ORD-0-0592,XAUUSD,0.57,1010,,32,1.2,51.23
2026-08-22T11:12:20.606771+00:00,oanda,PAPER,STANDARD_SCALPING,ORD-0-0593,XAUUSD,0.58,1015,,33,1.3,50.73
2026-08-22T11:12:20.606774+00:00,oanda,PAPER,STANDARD_SCALPING,ORD-0-0594,XAUUSD,0.59,1020,,34,1.4,50.23
2026-08-22T11:12:20.606777+00:00,oanda,PAPER,STANDARD_SCALPING,ORD-0-0595,XAUUSD,0.6,1025,,35,1.5,49.73
2026-08-22T11:12:20.606779+00:00,oanda,PAPER,STANDARD_SCALPING,ORD-0-0596,XAUUSD,0.61,1030,,36,1.6,49.23
2026-08-22T11:12:20.606782+00:00,oanda,PAPER,STANDARD_SCALPING,ORD-0-0597,XAUUSD,0.62,1035,,37,1.7,48.73
2026-08-22T11:12:20.606788+00:00,oanda,PAPER,STANDARD_SCALPING,ORD-0-0598,XAUUSD,0.63,1040,,38,1.8,48.23
2026-08-22T11:12:20.606791+00:00,oanda,PAPER,STANDARD_SCALPING,ORD-0-0599,XAUUSD,0.64,1045,,39,1.9,47.73
2026-08-22T11:12:20.606794+00:00,oanda,PAPER,STANDARD_SCALPING,ORD-0-0600,XAUUSD,0.15,50,,10,0.0,52.23
2026-08-22T11:12:20.606797+00:00,oanda,PAPER,STANDARD_SCALPING,ORD-0-0601,XAUUSD,0.16,55,,11,0.1,51.73
2026-08-22T11:12:20.606799+00:00,oanda,PAPER,STANDARD_SCALPING,ORD-0-0602,XAUUSD,0.17,60,,12,0.2,51.23
2026-08-22T11:12:20.606803+00:00,oanda,PAPER,STANDARD_SCALPING,ORD-0-0603,XAUUSD,0.18,65,,13,0.3,50.73
2026-08-22T11:12:20.606806+00:00,oanda,PAPER,STANDARD_SCALPING,ORD-0-0604,XAUUSD,0.19,70,,14,0.4,50.23
2026-08-22T11:12:20.606809+00:00,oanda,PAPER,STANDARD_SCALPING,ORD-0-0605,XAUUSD,0.2,75,,15,0.5,49.73
2026-08-22T11:12:20.606811+00:00,oanda,PAPER,STANDARD_SCALPING,ORD-0-0606,XAUUSD,0.21,80,,16,0.6,49.23
2026-08-22T11:12:20.606814+00:00,oanda,PAPER,STANDARD_SCALPING,ORD-0-0607,XAUUSD,0.22,85,,17,0.7,48.73
2026-08-22T11:12:20.606817+00:00,oanda,PAPER,STANDARD_SCALPING,ORD-0-0608,XAUUSD,0.23,90,,18,0.8,48.23
2026-08-22T11:12:20.606819+00:00,oanda,PAPER,STANDARD_SCALPING,ORD-0-0609,XAUUSD,0.24,95,,19,0.9,47.73
2026-08-22T11:12:20.606822+00:00,oanda,PAPER,STANDARD_SCALPING,ORD-0-0610,XAUUSD,0.25,100,,20,1.0,52.23
2026-08-22T11:12:20.606825+00:00,oanda,PAPER,STANDARD_SCALPING,ORD-0-0611,XAUUSD,0.26,105,,21,1.1,51.73
2026-08-22T11:12:20.606827+00:00,oanda,PAPER,STANDARD_SCALPING,ORD-0-0612,XAUUSD,0.27,110,,22,1.2,51.23
2026-08-22T11:12:20.606831+00:00,oanda,PAPER,STANDARD_SCALPING,ORD-0-0613,XAUUSD,0.28,115,,23,1.3,50.73
2026-08-22T11:12:20.606834+00:00,oanda,PAPER,STANDARD_SCALPING,ORD-0-0614,XAUUSD,0.29,120,,24,1.4,50.23
2026-08-22T11:12:20.606837+00:00,oanda,PAPER,STANDARD_SCALPING,ORD-0-0615,XAUUSD,0.3,125,,25,1.5,49.73
2026-08-22T11:12:20.606839+00:00,oanda,PAPER,STANDARD_SCALPING,ORD-0-0616,XAUUSD,0.31,130,,26,1.6,49.23
2026-08-22T11:12:20.606842+00:00,oanda,PAPER,STANDARD_SCALPING,ORD-0-0617,XAUUSD,0.32,135,,27,1.7,48.73
2026-08-22T11:12:20.606845+00:00,oanda,PAPER,STANDARD_SCALPING,ORD-0-0618,XAUUSD,0.33,140,,28,1.8,48.23
2026-08-22T11:12:20.606847+00:00,oanda,PAPER,STANDARD_SCALPING,ORD-0-0619,XAUUSD,0.34,145,,29,1.9,47.73
2026-08-22T11:12:20.606851+00:00,oanda,PAPER,STANDARD_SCALPING,ORD-0-0620,XAUUSD,0.35,150,,30,0.0,52.23
2026-08-22T11:12:20.606854+00:00,oanda,PAPER,STANDARD_SCALPING,ORD-0-0621,XAUUSD,0.36,155,,31,0.1,51.73
2026-08-22T11:12:20.606857+00:00,oanda,PAPER,STANDARD_SCALPING,ORD-0-0622,XAUUSD,0.37,160,,32,0.2,51.23
2026-08-22T11:12:20.606861+00:00,oanda,PAPER,STANDARD_SCALPING,ORD-0-0623,XAUUSD,0.38,165,,33,0.3,50.73
2026-08-22T11:12:20.606863+00:00,oanda,PAPER,STANDARD_SCALPING,ORD-0-0624,XAUUSD,0.39,170,,34,0.4,50.23
2026-08-22T11:12:20.606866+00:00,oanda,PAPER,STANDARD_SCALPING,ORD-0-0625,XAUUSD,0.4,175,,35,0.5,49.73
2026-08-22T11:12:20.606869+00:00,oanda,PAPER,STANDARD_SCALPING,ORD-0-0626,XAUUSD,0.41,180,,36,0.6,49.23
2026-08-22T11:12:20.606871+00:00,oanda,PAPER,STANDARD_SCALPING,ORD-0-0627,XAUUSD,0.42,185,,37,0.7,48.73
2026-08-22T11:12:20.606874+00:00,oanda,PAPER,STANDARD_SCALPING,ORD-0-0628,XAUUSD,0.43,190,,38,0.8,48.23
2026-08-22T11:12:20.606877+00:00,oanda,PAPER,STANDARD_SCALPING,ORD-0-0629,XAUUSD,0.44,195,,39,0.9,47.73
2026-08-22T11:12:20.606881+00:00,oanda,PAPER,STANDARD_SCALPING,ORD-0-0630,XAUUSD,0.45,200,,10,1.0,52.23
2026-08-22T11:12:20.606883+00:00,oanda,PAPER,STANDARD_SCALPING,ORD-0-0631,XAUUSD,0.46,205,,11,1.1,51.73
2026-08-22T11:12:20.606886+00:00,oanda,PAPER,STANDARD_SCALPING,ORD-0-0632,XAUUSD,0.47,210,,12,1.2,51.23
2026-08-22T11:12:20.606890+00:00,oanda,PAPER,STANDARD_SCALPING,ORD-0-0633,XAUUSD,0.48,215,,13,1.3,50.73
2026-08-22T11:12:20.606893+00:00,oanda,PAPER,STANDARD_SCALPING,ORD-0-0634,XAUUSD,0.49,220,,14,1.4,50.23
2026-08-22T11:12:20.606896+00:00,oanda,PAPER,STANDARD_SCALPING,ORD-0-0635,XAUUSD,0.5,225,,15,1.5,49.73
2026-08-22T11:12:20.606898+00:00,oanda,PAPER,STANDARD_SCALPING,ORD-0-0636,XAUUSD,0.51,230,,16,1.6,49.23
2026-08-22T11:12:20.606901+00:00,oanda,PAPER,STANDARD_SCALPING,ORD-0-0637,XAUUSD,0.52,235,,17,1.7,48.73
2026-08-22T11:12:20.606904+00:00,oanda,PAPER,STANDARD_SCALPING,ORD-0-0638,XAUUSD,0.53,240,,18,1.8,48.23
2026-08-22T11:12:20.606906+00:00,oanda,PAPER,STANDARD_SCALPING,ORD-0-0639,XAUUSD,0.54,245,,19,1.9,47.73
2026-08-22T11:12:20.606910+00:00,oanda,PAPER,STANDARD_SCALPING,ORD-0-0640,XAUUSD,0.55,250,,20,0.0,52.23
2026-08-22T11:12:20.606913+00:00,oanda,PAPER,STANDARD_SCALPING,ORD-0-0641,XAUUSD,0.56,255,,21,0.1,51.73
2026-08-22T11:12:20.606916+00:00,oanda,PAPER,STANDARD_SCALPING,ORD-0-0642,XAUUSD,0.57,260,,22,0.2,51.23
2026-08-22T11:12:20.606920+00:00,oanda,PAPER,STANDARD_SCALPING,ORD-0-0643,XAUUSD,0.58,265,,23,0.3,50.73
2026-08-22T11:12:20.606922+00:00,oanda,PAPER,STANDARD_SCALPING,ORD-0-0644,XAUUSD,0.59,270,,24,0.4,50.23
2026-08-22T11:12:20.606925+00:00,oanda,PAPER,STANDARD_SCALPING,ORD-0-0645,XAUUSD,0.6,275,,25,0.5,49.73
2026-08-22T11:12:20.606928+00:00,oanda,PAPER,STANDARD_SCALPING,ORD-0-0646,XAUUSD,0.61,280,,26,0.6,49.23
2026-08-22T11:12:20.606930+00:00,oanda,PAPER,STANDARD_SCALPING,ORD-0-0647,XAUUSD,0.62,285,,27,0.7,48.73
2026-08-22T11:12:20.606933+00:00,oanda,PAPER,STANDARD_SCALPING,ORD-0-0648,XAUUSD,0.63,290,,28,0.8,48.23
2026-08-22T11:12:20.606936+00:00,oanda,PAPER,STANDARD_SCALPING,ORD-0-0649,XAUUSD,0.64,295,,29,0.9,47.73
2026-08-22T11:12:20.606938+00:00,oanda,PAPER,STANDARD_SCALPING,ORD-0-0650,XAUUSD,0.15,300,,30,1.0,52.23
2026-08-22T11:12:20.606941+00:00,oanda,PAPER,STANDARD_SCALPING,ORD-0-0651,XAUUSD,0.16,305,,31,1.1,51.73
2026-08-22T11:12:20.606944+00:00,oanda,PAPER,STANDARD_SCALPING,ORD-0-0652,XAUUSD,0.17,310,,32,1.2,51.23
2026-08-22T11:12:20.606948+00:00,oanda,PAPER,STANDARD_SCALPING,ORD-0-0653,XAUUSD,0.18,315,,33,1.3,50.73
2026-08-22T11:12:20.606950+00:00,oanda,PAPER,STANDARD_SCALPING,ORD-0-0654,XAUUSD,0.19,320,,34,1.4,50.23
2026-08-22T11:12:20.606953+00:00,oanda,PAPER,STANDARD_SCALPING,ORD-0-0655,XAUUSD,0.2,325,,35,1.5,49.73
2026-08-22T11:12:20.606956+00:00,oanda,PAPER,STANDARD_SCALPING,ORD-0-0656,XAUUSD,0.21,330,,36,1.6,49.23
2026-08-22T11:12:20.606958+00:00,oanda,PAPER,STANDARD_SCALPING,ORD-0-0657,XAUUSD,0.22,335,,37,1.7,48.73
2026-08-22T11:12:20.606961+00:00,oanda,PAPER,STANDARD_SCALPING,ORD-0-0658,XAUUSD,0.23,340,,38,1.8,48.23
2026-08-22T11:12:20.606964+00:00,oanda,PAPER,STANDARD_SCALPING,ORD-0-0659,XAUUSD,0.24,345,,39,1.9,47.73
2026-08-22T11:12:20.606966+00:00,oanda,PAPER,STANDARD_SCALPING,ORD-0-0660,XAUUSD,0.25,350,,10,0.0,52.23
2026-08-22T11:12:20.606969+00:00,oanda,PAPER,STANDARD_SCALPING,ORD-0-0661,XAUUSD,0.26,355,,11,0.1,51.73
2026-08-22T11:12:20.606973+00:00,oanda,PAPER,STANDARD_SCALPING,ORD-0-0662,XAUUSD,0.27,360,,12,0.2,51.23
2026-08-22T11:12:20.606978+00:00,oanda,PAPER,STANDARD_SCALPING,ORD-0-0663,XAUUSD,0.28,365,,13,0.3,50.73
2026-08-22T11:12:20.606980+00:00,oanda,PAPER,STANDARD_SCALPING,ORD-0-0664,XAUUSD,0.29,370,,14,0.4,50.23
2026-08-22T11:12:20.606983+00:00,oanda,PAPER,STANDARD_SCALPING,ORD-0-0665,XAUUSD,0.3,375,,15,0.5,49.73
2026-08-22T11:12:20.606986+00:00,oanda,PAPER,STANDARD_SCALPING,ORD-0-0666,XAUUSD,0.31,380,,16,0.6,49.23
2026-08-22T11:12:20.606988+00:00,oanda,PAPER,STANDARD_SCALPING,ORD-0-0667,XAUUSD,0.32,385,,17,0.7,48.73
2026-08-22T11:12:20.606991+00:00,oanda,PAPER,STANDARD_SCALPING,ORD-0-0668,XAUUSD,0.33,390,,18,0.8,48.23
2026-08-22T11:12:20.606994+00:00,oanda,PAPER,STANDARD_SCALPING,ORD-0-0669,XAUUSD,0.34,395,,19,0.9,47.73
2026-08-22T11:12:20.606996+00:00,oanda,PAPER,STANDARD_SCALPING,ORD-0-0670,XAUUSD,0.35,400,,20,1.0,52.23
2026-08-22T11:12:20.606999+00:00,oanda,PAPER,STANDARD_SCALPING,ORD-0-0671,XAUUSD,0.36,405,,21,1.1,51.73
2026-08-22T11:12:20.607005+00:00,oanda,PAPER,STANDARD_SCALPING,ORD-0-0672,XAUUSD,0.37,410,,22,1.2,51.23
2026-08-22T11:12:20.607009+00:00,oanda,PAPER,STANDARD_SCALPING,ORD-0-0673,XAUUSD,0.38,415,,23,1.3,50.73
2026-08-22T11:12:20.607012+00:00,oanda,PAPER,STANDARD_SCALPING,ORD-0-0674,XAUUSD,0.39,420,,24,1.4,50.23
2026-08-22T11:12:20.607015+00:00,oanda,PAPER,STANDARD_SCALPING,ORD-0-0675,XAUUSD,0.4,425,,25,1.5,49.73
2026-08-22T11:12:20.607017+00:00,oanda,PAPER,STANDARD_SCALPING,ORD-0-0676,XAUUSD,0.41,430,,26,1.6,49.23
2026-08-22T11:12:20.607020+00:00,oanda,PAPER,STANDARD_SCALPING,ORD-0-0677,XAUUSD,0.42,435,,27,1.7,48.73
2026-08-22T11:12:20.607023+00:00,oanda,PAPER,STANDARD_SCALPING,ORD-0-0678,XAUUSD,0.43,440,,28,1.8,48.23
2026-08-22T11:12:20.607025+00:00,oanda,PAPER,STANDARD_SCALPING,ORD-0-0679,XAUUSD,0.44,445,INSUFFICIENT_MARGIN,29,1.9,47.73
2026-08-22T11:12:20.607028+00:00,oanda,PAPER,STANDARD_SCALPING,ORD-0-0680,XAUUSD,0.45,450,,30,0.0,52.23
2026-08-22T11:12:20.607031+00:00,oanda,PAPER,STANDARD_SCALPING,ORD-0-0681,XAUUSD,0.46,455,,31,0.1,51.73
2026-08-22T11:12:20.607033+00:00,oanda,PAPER,STANDARD_SCALPING,ORD-0-0682,XAUUSD,0.47,460,,32,0.2,51.23
2026-08-22T11:12:20.607038+00:00,oanda,PAPER,STANDARD_SCALPING,ORD-0-0683,XAUUSD,0.48,465,,33,0.3,50.73
2026-08-22T11:12:20.607041+00:00,oanda,PAPER,STANDARD_SCALPING,ORD-0-0684,XAUUSD,0.49,470,,34,0.4,50.23
2026-08-22T11:12:20.607044+00:00,oanda,PAPER,STANDARD_SCALPING,ORD-0-0685,XAUUSD,0.5,475,,35,0.5,49.73
2026-08-22T11:12:20.607061+00:00,oanda,PAPER,STANDARD_SCALPING,ORD-0-0686,XAUUSD,0.51,480,,36,0.6,49.23
2026-08-22T11:12:20.607075+00:00,oanda,PAPER,STANDARD_SCALPING,ORD-0-0687,XAUUSD,0.52,485,,37,0.7,48.73
2026-08-22T11:12:20.607081+00:00,oanda,PAPER,STANDARD_SCALPING,ORD-0-0688,XAUUSD,0.53,490,,38,0.8,48.23
2026-08-22T11:12:20.607085+00:00,oanda,PAPER,STANDARD_SCALPING,ORD-0-0689,XAUUSD,0.54,495,,39,0.9,47.73
2026-08-22T11:12:20.607090+00:00,oanda,PAPER,STANDARD_SCALPING,ORD-0-0690,XAUUSD,0.55,500,,10,1.0,52.23
2026-08-22T11:12:20.607094+00:00,oanda,PAPER,STANDARD_SCALPING,ORD-0-0691,XAUUSD,0.56,505,,11,1.1,51.73
2026-08-22T11:12:20.607096+00:00,oanda,PAPER,STANDARD_SCALPING,ORD-0-0692,XAUUSD,0.57,510,,12,1.2,51.23
2026-08-22T11:12:20.607105+00:00,oanda,PAPER,STANDARD_SCALPING,ORD-0-0693,XAUUSD,0.58,515,,13,1.3,50.73
2026-08-22T11:12:20.607108+00:00,oanda,PAPER,STANDARD_SCALPING,ORD-0-0694,XAUUSD,0.59,520,,14,1.4,50.23
2026-08-22T11:12:20.607111+00:00,oanda,PAPER,STANDARD_SCALPING,ORD-0-0695,XAUUSD,0.6,525,,15,1.5,49.73
2026-08-22T11:12:20.607113+00:00,oanda,PAPER,STANDARD_SCALPING,ORD-0-0696,XAUUSD,0.61,530,,16,1.6,49.23
2026-08-22T11:12:20.607116+00:00,oanda,PAPER,STANDARD_SCALPING,ORD-0-0697,XAUUSD,0.62,535,,17,1.7,48.73
2026-08-22T11:12:20.607119+00:00,oanda,PAPER,STANDARD_SCALPING,ORD-0-0698,XAUUSD,0.63,540,,18,1.8,48.23
2026-08-22T11:12:20.607121+00:00,oanda,PAPER,STANDARD_SCALPING,ORD-0-0699,XAUUSD,0.64,545,,19,1.9,47.73
2026-08-22T11:12:20.607124+00:00,oanda,PAPER,STANDARD_SCALPING,ORD-0-0700,XAUUSD,0.15,550,,20,0.0,52.23
2026-08-22T11:12:20.607127+00:00,oanda,PAPER,STANDARD_SCALPING,ORD-0-0701,XAUUSD,0.16,555,,21,0.1,51.73
2026-08-22T11:12:20.607130+00:00,oanda,PAPER,STANDARD_SCALPING,ORD-0-0702,XAUUSD,0.17,560,,22,0.2,51.23
2026-08-22T11:12:20.607134+00:00,oanda,PAPER,STANDARD_SCALPING,ORD-0-0703,XAUUSD,0.18,565,,23,0.3,50.73
2026-08-22T11:12:20.607138+00:00,oanda,PAPER,STANDARD_SCALPING,ORD-0-0704,XAUUSD,0.19,570,,24,0.4,50.23
2026-08-22T11:12:20.607141+00:00,oanda,PAPER,STANDARD_SCALPING,ORD-0-0705,XAUUSD,0.2,575,,25,0.5,49.73
2026-08-22T11:12:20.607144+00:00,oanda,PAPER,STANDARD_SCALPING,ORD-0-0706,XAUUSD,0.21,580,,26,0.6,49.23
2026-08-22T11:12:20.607146+00:00,oanda,PAPER,STANDARD_SCALPING,ORD-0-0707,XAUUSD,0.22,585,,27,0.7,48.73
2026-08-22T11:12:20.607149+00:00,oanda,PAPER,STANDARD_SCALPING,ORD-0-0708,XAUUSD,0.23,590,,28,0.8,48.23
2026-08-22T11:12:20.607152+00:00,oanda,PAPER,STANDARD_SCALPING,ORD-0-0709,XAUUSD,0.24,595,,29,0.9,47.73
2026-08-22T11:12:20.607154+00:00,oanda,PAPER,STANDARD_SCALPING,ORD-0-0710,XAUUSD,0.25,600,,30,1.0,52.23
2026-08-22T11:12:20.607157+00:00,oanda,PAPER,STANDARD_SCALPING,ORD-0-0711,XAUUSD,0.26,605,,31,1.1,51.73
2026-08-22T11:12:20.607160+00:00,oanda,PAPER,STANDARD_SCALPING,ORD-0-0712,XAUUSD,0.27,610,,32,1.2,51.23
2026-08-22T11:12:20.607164+00:00,oanda,PAPER,STANDARD_SCALPING,ORD-0-0713,XAUUSD,0.28,615,,33,1.3,50.73
2026-08-22T11:12:20.607166+00:00,oanda,PAPER,STANDARD_SCALPING,ORD-0-0714,XAUUSD,0.29,620,,34,1.4,50.23
2026-08-22T11:12:20.607169+00:00,oanda,PAPER,STANDARD_SCALPING,ORD-0-0715,XAUUSD,0.3,625,,35,1.5,49.73
2026-08-22T11:12:20.607172+00:00,oanda,PAPER,STANDARD_SCALPING,ORD-0-0716,XAUUSD,0.31,630,,36,1.6,49.23
2026-08-22T11:12:20.607174+00:00,oanda,PAPER,STANDARD_SCALPING,ORD-0-0717,XAUUSD,0.32,635,,37,1.7,48.73
2026-08-22T11:12:20.607177+00:00,oanda,PAPER,STANDARD_SCALPING,ORD-0-0718,XAUUSD,0.33,640,,38,1.8,48.23
2026-08-22T11:12:20.607180+00:00,oanda,PAPER,STANDARD_SCALPING,ORD-0-0719,XAUUSD,0.34,645,,39,1.9,47.73
2026-08-22T11:12:20.607183+00:00,oanda,PAPER,STANDARD_SCALPING,ORD-0-0720,XAUUSD,0.35,650,,10,0.0,52.23
2026-08-22T11:12:20.607185+00:00,oanda,PAPER,STANDARD_SCALPING,ORD-0-0721,XAUUSD,0.36,655,,11,0.1,51.73
2026-08-22T11:12:20.607209+00:00,oanda,PAPER,STANDARD_SCALPING,ORD-0-0722,XAUUSD,0.37,660,,12,0.2,51.23
2026-08-22T11:12:20.607213+00:00,oanda,PAPER,STANDARD_SCALPING,ORD-0-0723,XAUUSD,0.38,665,,13,0.3,50.73
2026-08-22T11:12:20.607216+00:00,oanda,PAPER,STANDARD_SCALPING,ORD-0-0724,XAUUSD,0.39,670,,14,0.4,50.23
2026-08-22T11:12:20.607219+00:00,oanda,PAPER,STANDARD_SCALPING,ORD-0-0725,XAUUSD,0.4,675,,15,0.5,49.73
2026-08-22T11:12:20.607222+00:00,oanda,PAPER,STANDARD_SCALPING,ORD-0-0726,XAUUSD,0.41,680,,16,0.6,49.23
2026-08-22T11:12:20.607225+00:00,oanda,PAPER,STANDARD_SCALPING,ORD-0-0727,XAUUSD,0.42,685,,17,0.7,48.73
2026-08-22T11:12:20.607228+00:00,oanda,PAPER,STANDARD_SCALPING,ORD-0-0728,XAUUSD,0.43,690,,18,0.8,48.23
2026-08-22T11:12:20.607230+00:00,oanda,PAPER,STANDARD_SCALPING,ORD-0-0729,XAUUSD,0.44,695,,19,0.9,47.73
2026-08-22T11:12:20.607233+00:00,oanda,PAPER,STANDARD_SCALPING,ORD-0-0730,XAUUSD,0.45,700,,20,1.0,52.23
2026-08-22T11:12:20.607236+00:00,oanda,PAPER,STANDARD_SCALPING,ORD-0-0731,XAUUSD,0.46,705,,21,1.1,51.73
2026-08-22T11:12:20.607238+00:00,oanda,PAPER,STANDARD_SCALPING,ORD-0-0732,XAUUSD,0.47,710,,22,1.2,51.23
2026-08-22T11:12:20.607242+00:00,oanda,PAPER,STANDARD_SCALPING,ORD-0-0733,XAUUSD,0.48,715,,23,1.3,50.73
2026-08-22T11:12:20.607245+00:00,oanda,PAPER,STANDARD_SCALPING,ORD-0-0734,XAUUSD,0.49,720,,24,1.4,50.23
2026-08-22T11:12:20.607248+00:00,oanda,PAPER,STANDARD_SCALPING,ORD-0-0735,XAUUSD,0.5,725,,25,1.5,49.73
2026-08-22T11:12:20.607252+00:00,oanda,PAPER,STANDARD_SCALPING,ORD-0-0736,XAUUSD,0.51,730,,26,1.6,49.23
2026-08-22T11:12:20.607255+00:00,oanda,PAPER,STANDARD_SCALPING,ORD-0-0737,XAUUSD,0.52,735,,27,1.7,48.73
2026-08-22T11:12:20.607257+00:00,oanda,PAPER,STANDARD_SCALPING,ORD-0-0738,XAUUSD,0.53,740,,28,1.8,48.23
2026-08-22T11:12:20.607260+00:00,oanda,PAPER,STANDARD_SCALPING,ORD-0-0739,XAUUSD,0.54,745,,29,1.9,47.73
2026-08-22T11:12:20.607263+00:00,oanda,PAPER,STANDARD_SCALPING,ORD-0-0740,XAUUSD,0.55,750,,30,0.0,52.23
2026-08-22T11:12:20.607265+00:00,oanda,PAPER,STANDARD_SCALPING,ORD-0-0741,XAUUSD,0.56,755,,31,0.1,51.73
2026-08-22T11:12:20.607268+00:00,oanda,PAPER,STANDARD_SCALPING,ORD-0-0742,XAUUSD,0.57,760,,32,0.2,51.23
2026-08-22T11:12:20.607272+00:00,oanda,PAPER,STANDARD_SCALPING,ORD-0-0743,XAUUSD,0.58,765,,33,0.3,50.73
2026-08-22T11:12:20.607275+00:00,oanda,PAPER,STANDARD_SCALPING,ORD-0-0744,XAUUSD,0.59,770,,34,0.4,50.23
2026-08-22T11:12:20.607277+00:00,oanda,PAPER,STANDARD_SCALPING,ORD-0-0745,XAUUSD,0.6,775,,35,0.5,49.73
2026-08-22T11:12:20.607280+00:00,oanda,PAPER,STANDARD_SCALPING,ORD-0-0746,XAUUSD,0.61,780,,36,0.6,49.23
2026-08-22T11:12:20.607283+00:00,oanda,PAPER,STANDARD_SCALPING,ORD-0-0747,XAUUSD,0.62,785,,37,0.7,48.73
2026-08-22T11:12:20.607285+00:00,oanda,PAPER,STANDARD_SCALPING,ORD-0-0748,XAUUSD,0.63,790,,38,0.8,48.23
2026-08-22T11:12:20.607288+00:00,oanda,PAPER,STANDARD_SCALPING,ORD-0-0749,XAUUSD,0.64,795,,39,0.9,47.73
2026-08-22T11:12:20.607291+00:00,oanda,PAPER,STANDARD_SCALPING,ORD-0-0750,XAUUSD,0.15,800,,10,1.0,52.23
2026-08-22T11:12:20.607293+00:00,oanda,PAPER,STANDARD_SCALPING,ORD-0-0751,XAUUSD,0.16,805,,11,1.1,51.73
2026-08-22T11:12:20.607296+00:00,oanda,PAPER,STANDARD_SCALPING,ORD-0-0752,XAUUSD,0.17,810,,12,1.2,51.23
2026-08-22T11:12:20.607300+00:00,oanda,PAPER,STANDARD_SCALPING,ORD-0-0753,XAUUSD,0.18,815,,13,1.3,50.73
2026-08-22T11:12:20.607303+00:00,oanda,PAPER,STANDARD_SCALPING,ORD-0-0754,XAUUSD,0.19,820,,14,1.4,50.23
2026-08-22T11:12:20.607305+00:00,oanda,PAPER,STANDARD_SCALPING,ORD-0-0755,XAUUSD,0.2,825,,15,1.5,49.73
2026-08-22T11:12:20.607308+00:00,oanda,PAPER,STANDARD_SCALPING,ORD-0-0756,XAUUSD,0.21,830,,16,1.6,49.23
2026-08-22T11:12:20.607312+00:00,oanda,PAPER,STANDARD_SCALPING,ORD-0-0757,XAUUSD,0.22,835,,17,1.7,48.73
2026-08-22T11:12:20.607315+00:00,oanda,PAPER,STANDARD_SCALPING,ORD-0-0758,XAUUSD,0.23,840,,18,1.8,48.23
2026-08-22T11:12:20.607318+00:00,oanda,PAPER,STANDARD_SCALPING,ORD-0-0759,XAUUSD,0.24,845,,19,1.9,47.73
2026-08-22T11:12:20.607320+00:00,oanda,PAPER,STANDARD_SCALPING,ORD-0-0760,XAUUSD,0.25,850,,20,0.0,52.23
2026-08-22T11:12:20.607323+00:00,oanda,PAPER,STANDARD_SCALPING,ORD-0-0761,XAUUSD,0.26,855,,21,0.1,51.73
2026-08-22T11:12:20.607326+00:00,oanda,PAPER,STANDARD_SCALPING,ORD-0-0762,XAUUSD,0.27,860,,22,0.2,51.23
2026-08-22T11:12:20.607330+00:00,oanda,PAPER,STANDARD_SCALPING,ORD-0-0763,XAUUSD,0.28,865,,23,0.3,50.73
2026-08-22T11:12:20.607333+00:00,oanda,PAPER,STANDARD_SCALPING,ORD-0-0764,XAUUSD,0.29,870,,24,0.4,50.23
2026-08-22T11:12:20.607335+00:00,oanda,PAPER,STANDARD_SCALPING,ORD-0-0765,XAUUSD,0.3,875,,25,0.5,49.73
2026-08-22T11:12:20.607338+00:00,oanda,PAPER,STANDARD_SCALPING,ORD-0-0766,XAUUSD,0.31,880,,26,0.6,49.23
2026-08-22T11:12:20.607341+00:00,oanda,PAPER,STANDARD_SCALPING,ORD-0-0767,XAUUSD,0.32,885,,27,0.7,48.73
2026-08-22T11:12:20.607346+00:00,oanda,PAPER,STANDARD_SCALPING,ORD-0-0768,XAUUSD,0.33,890,,28,0.8,48.23
2026-08-22T11:12:20.607349+00:00,oanda,PAPER,STANDARD_SCALPING,ORD-0-0769,XAUUSD,0.34,895,,29,0.9,47.73
2026-08-22T11:12:20.607351+00:00,oanda,PAPER,STANDARD_SCALPING,ORD-0-0770,XAUUSD,0.35,900,,30,1.0,52.23
2026-08-22T11:12:20.607354+00:00,oanda,PAPER,STANDARD_SCALPING,ORD-0-0771,XAUUSD,0.36,905,,31,1.1,51.73
2026-08-22T11:12:20.607357+00:00,oanda,PAPER,STANDARD_SCALPING,ORD-0-0772,XAUUSD,0.37,910,,32,1.2,51.23
2026-08-22T11:12:20.607362+00:00,oanda,PAPER,STANDARD_SCALPING,ORD-0-0773,XAUUSD,0.38,915,,33,1.3,50.73
2026-08-22T11:12:20.607365+00:00,oanda,PAPER,STANDARD_SCALPING,ORD-0-0774,XAUUSD,0.39,920,,34,1.4,50.23
2026-08-22T11:12:20.607368+00:00,oanda,PAPER,STANDARD_SCALPING,ORD-0-0775,XAUUSD,0.4,925,,35,1.5,49.73
2026-08-22T11:12:20.607370+00:00,oanda,PAPER,STANDARD_SCALPING,ORD-0-0776,XAUUSD,0.41,930,INSUFFICIENT_MARGIN,36,1.6,49.23
2026-08-22T11:12:20.607373+00:00,oanda,PAPER,STANDARD_SCALPING,ORD-0-0777,XAUUSD,0.42,935,,37,1.7,48.73
2026-08-22T11:12:20.607376+00:00,oanda,PAPER,STANDARD_SCALPING,ORD-0-0778,XAUUSD,0.43,940,,38,1.8,48.23
2026-08-22T11:12:20.607378+00:00,oanda,PAPER,STANDARD_SCALPING,ORD-0-0779,XAUUSD,0.44,945,,39,1.9,47.73
2026-08-22T11:12:20.607381+00:00,oanda,PAPER,STANDARD_SCALPING,ORD-0-0780,XAUUSD,0.45,950,,10,0.0,52.23
2026-08-22T11:12:20.607384+00:00,oanda,PAPER,STANDARD_SCALPING,ORD-0-0781,XAUUSD,0.46,955,,11,0.1,51.73
2026-08-22T11:12:20.607386+00:00,oanda,PAPER,STANDARD_SCALPING,ORD-0-0782,XAUUSD,0.47,960,,12,0.2,51.23
2026-08-22T11:12:20.607390+00:00,oanda,PAPER,STANDARD_SCALPING,ORD-0-0783,XAUUSD,0.48,965,,13,0.3,50.73
2026-08-22T11:12:20.607393+00:00,oanda,PAPER,STANDARD_SCALPING,ORD-0-0784,XAUUSD,0.49,970,,14,0.4,50.23
2026-08-22T11:12:20.607396+00:00,oanda,PAPER,STANDARD_SCALPING,ORD-0-0785,XAUUSD,0.5,975,,15,0.5,49.73
2026-08-22T11:12:20.607398+00:00,oanda,PAPER,STANDARD_SCALPING,ORD-0-0786,XAUUSD,0.51,980,,16,0.6,49.23
2026-08-22T11:12:20.607401+00:00,oanda,PAPER,STANDARD_SCALPING,ORD-0-0787,XAUUSD,0.52,985,,17,0.7,48.73
2026-08-22T11:12:20.607404+00:00,oanda,PAPER,STANDARD_SCALPING,ORD-0-0788,XAUUSD,0.53,990,,18,0.8,48.23
2026-08-22T11:12:20.607408+00:00,oanda,PAPER,STANDARD_SCALPING,ORD-0-0789,XAUUSD,0.54,995,,19,0.9,47.73
2026-08-22T11:12:20.607410+00:00,oanda,PAPER,STANDARD_SCALPING,ORD-0-0790,XAUUSD,0.55,1000,,20,1.0,52.23
2026-08-22T11:12:20.607413+00:00,oanda,PAPER,STANDARD_SCALPING,ORD-0-0791,XAUUSD,0.56,1005,,21,1.1,51.73
2026-08-22T11:12:20.607416+00:00,oanda,PAPER,STANDARD_SCALPING,ORD-0-0792,XAUUSD,0.57,1010,,22,1.2,51.23
2026-08-22T11:12:20.607420+00:00,oanda,PAPER,STANDARD_SCALPING,ORD-0-0793,XAUUSD,0.58,1015,,23,1.3,50.73
2026-08-22T11:12:20.607423+00:00,oanda,PAPER,STANDARD_SCALPING,ORD-0-0794,XAUUSD,0.59,1020,,24,1.4,50.23
2026-08-22T11:12:20.607425+00:00,oanda,PAPER,STANDARD_SCALPING,ORD-0-0795,XAUUSD,0.6,1025,,25,1.5,49.73
2026-08-22T11:12:20.607428+00:00,oanda,PAPER,STANDARD_SCALPING,ORD-0-0796,XAUUSD,0.61,1030,,26,1.6,49.23
2026-08-22T11:12:20.607431+00:00,oanda,PAPER,STANDARD_SCALPING,ORD-0-0797,XAUUSD,0.62,1035,,27,1.7,48.73
2026-08-22T11:12:20.607433+00:00,oanda,PAPER,STANDARD_SCALPING,ORD-0-0798,XAUUSD,0.63,1040,,28,1.8,48.23
2026-08-22T11:12:20.607436+00:00,oanda,PAPER,STANDARD_SCALPING,ORD-0-0799,XAUUSD,0.64,1045,,29,1.9,47.73
2026-08-22T11:12:20.607440+00:00,oanda,PAPER,STANDARD_SCALPING,ORD-0-0800,XAUUSD,0.15,50,,30,0.0,52.23
2026-08-22T11:12:20.607443+00:00,oanda,PAPER,STANDARD_SCALPING,ORD-0-0801,XAUUSD,0.16,55,,31,0.1,51.73
2026-08-22T11:12:20.607445+00:00,oanda,PAPER,STANDARD_SCALPING,ORD-0-0802,XAUUSD,0.17,60,,32,0.2,51.23
2026-08-22T11:12:20.607449+00:00,oanda,PAPER,STANDARD_SCALPING,ORD-0-0803,XAUUSD,0.18,65,,33,0.3,50.73
2026-08-22T11:12:20.607452+00:00,oanda,PAPER,STANDARD_SCALPING,ORD-0-0804,XAUUSD,0.19,70,,34,0.4,50.23
2026-08-22T11:12:20.607455+00:00,oanda,PAPER,STANDARD_SCALPING,ORD-0-0805,XAUUSD,0.2,75,,35,0.5,49.73
2026-08-22T11:12:20.607458+00:00,oanda,PAPER,STANDARD_SCALPING,ORD-0-0806,XAUUSD,0.21,80,,36,0.6,49.23
2026-08-22T11:12:20.607460+00:00,oanda,PAPER,STANDARD_SCALPING,ORD-0-0807,XAUUSD,0.22,85,,37,0.7,48.73
2026-08-22T11:12:20.607463+00:00,oanda,PAPER,STANDARD_SCALPING,ORD-0-0808,XAUUSD,0.23,90,,38,0.8,48.23
2026-08-22T11:12:20.607466+00:00,oanda,PAPER,STANDARD_SCALPING,ORD-0-0809,XAUUSD,0.24,95,,39,0.9,47.73
2026-08-22T11:12:20.607468+00:00,oanda,PAPER,STANDARD_SCALPING,ORD-0-0810,XAUUSD,0.25,100,,10,1.0,52.23
2026-08-22T11:12:20.607471+00:00,oanda,PAPER,STANDARD_SCALPING,ORD-0-0811,XAUUSD,0.26,105,,11,1.1,51.73
2026-08-22T11:12:20.607474+00:00,oanda,PAPER,STANDARD_SCALPING,ORD-0-0812,XAUUSD,0.27,110,,12,1.2,51.23
2026-08-22T11:12:20.607478+00:00,oanda,PAPER,STANDARD_SCALPING,ORD-0-0813,XAUUSD,0.28,115,,13,1.3,50.73
2026-08-22T11:12:20.607480+00:00,oanda,PAPER,STANDARD_SCALPING,ORD-0-0814,XAUUSD,0.29,120,,14,1.4,50.23
2026-08-22T11:12:20.607483+00:00,oanda,PAPER,STANDARD_SCALPING,ORD-0-0815,XAUUSD,0.3,125,,15,1.5,49.73
2026-08-22T11:12:20.607486+00:00,oanda,PAPER,STANDARD_SCALPING,ORD-0-0816,XAUUSD,0.31,130,,16,1.6,49.23
2026-08-22T11:12:20.607488+00:00,oanda,PAPER,STANDARD_SCALPING,ORD-0-0817,XAUUSD,0.32,135,,17,1.7,48.73
2026-08-22T11:12:20.607491+00:00,oanda,PAPER,STANDARD_SCALPING,ORD-0-0818,XAUUSD,0.33,140,,18,1.8,48.23
2026-08-22T11:12:20.607494+00:00,oanda,PAPER,STANDARD_SCALPING,ORD-0-0819,XAUUSD,0.34,145,,19,1.9,47.73
2026-08-22T11:12:20.607497+00:00,oanda,PAPER,STANDARD_SCALPING,ORD-0-0820,XAUUSD,0.35,150,,20,0.0,52.23
2026-08-22T11:12:20.607500+00:00,oanda,PAPER,STANDARD_SCALPING,ORD-0-0821,XAUUSD,0.36,155,,21,0.1,51.73
2026-08-22T11:12:20.607503+00:00,oanda,PAPER,STANDARD_SCALPING,ORD-0-0822,XAUUSD,0.37,160,,22,0.2,51.23
2026-08-22T11:12:20.607507+00:00,oanda,PAPER,STANDARD_SCALPING,ORD-0-0823,XAUUSD,0.38,165,,23,0.3,50.73
2026-08-22T11:12:20.607511+00:00,oanda,PAPER,STANDARD_SCALPING,ORD-0-0824,XAUUSD,0.39,170,,24,0.4,50.23
2026-08-22T11:12:20.607514+00:00,oanda,PAPER,STANDARD_SCALPING,ORD-0-0825,XAUUSD,0.4,175,,25,0.5,49.73
2026-08-22T11:12:20.607517+00:00,oanda,PAPER,STANDARD_SCALPING,ORD-0-0826,XAUUSD,0.41,180,,26,0.6,49.23
2026-08-22T11:12:20.607520+00:00,oanda,PAPER,STANDARD_SCALPING,ORD-0-0827,XAUUSD,0.42,185,,27,0.7,48.73
2026-08-22T11:12:20.607522+00:00,oanda,PAPER,STANDARD_SCALPING,ORD-0-0828,XAUUSD,0.43,190,,28,0.8,48.23
2026-08-22T11:12:20.607525+00:00,oanda,PAPER,STANDARD_SCALPING,ORD-0-0829,XAUUSD,0.44,195,,29,0.9,47.73
2026-08-22T11:12:20.607528+00:00,oanda,PAPER,STANDARD_SCALPING,ORD-0-0830,XAUUSD,0.45,200,,30,1.0,52.23
2026-08-22T11:12:20.607530+00:00,oanda,PAPER,STANDARD_SCALPING,ORD-0-0831,XAUUSD,0.46,205,,31,1.1,51.73
2026-08-22T11:12:20.607546+00:00,oanda,PAPER,STANDARD_SCALPING,ORD-0-0832,XAUUSD,0.47,210,,32,1.2,51.23
2026-08-22T11:12:20.607550+00:00,oanda,PAPER,STANDARD_SCALPING,ORD-0-0833,XAUUSD,0.48,215,,33,1.3,50.73
2026-08-22T11:12:20.607553+00:00,oanda,PAPER,STANDARD_SCALPING,ORD-0-0834,XAUUSD,0.49,220,,34,1.4,50.23
2026-08-22T11:12:20.607555+00:00,oanda,PAPER,STANDARD_SCALPING,ORD-0-0835,XAUUSD,0.5,225,,35,1.5,49.73
2026-08-22T11:12:20.607559+00:00,oanda,PAPER,STANDARD_SCALPING,ORD-0-0836,XAUUSD,0.51,230,,36,1.6,49.23
2026-08-22T11:12:20.607563+00:00,oanda,PAPER,STANDARD_SCALPING,ORD-0-0837,XAUUSD,0.52,235,,37,1.7,48.73
2026-08-22T11:12:20.607565+00:00,oanda,PAPER,STANDARD_SCALPING,ORD-0-0838,XAUUSD,0.53,240,,38,1.8,48.23
2026-08-22T11:12:20.607568+00:00,oanda,PAPER,STANDARD_SCALPING,ORD-0-0839,XAUUSD,0.54,245,,39,1.9,47.73
2026-08-22T11:12:20.607571+00:00,oanda,PAPER,STANDARD_SCALPING,ORD-0-0840,XAUUSD,0.55,250,,10,0.0,52.23
2026-08-22T11:12:20.607574+00:00,oanda,PAPER,STANDARD_SCALPING,ORD-0-0841,XAUUSD,0.56,255,,11,0.1,51.73
2026-08-22T11:12:20.607578+00:00,oanda,PAPER,STANDARD_SCALPING,ORD-0-0842,XAUUSD,0.57,260,,12,0.2,51.23
2026-08-22T11:12:20.607582+00:00,oanda,PAPER,STANDARD_SCALPING,ORD-0-0843,XAUUSD,0.58,265,,13,0.3,50.73
2026-08-22T11:12:20.607584+00:00,oanda,PAPER,STANDARD_SCALPING,ORD-0-0844,XAUUSD,0.59,270,,14,0.4,50.23
2026-08-22T11:12:20.607587+00:00,oanda,PAPER,STANDARD_SCALPING,ORD-0-0845,XAUUSD,0.6,275,,15,0.5,49.73
2026-08-22T11:12:20.607590+00:00,oanda,PAPER,STANDARD_SCALPING,ORD-0-0846,XAUUSD,0.61,280,,16,0.6,49.23
2026-08-22T11:12:20.607592+00:00,oanda,PAPER,STANDARD_SCALPING,ORD-0-0847,XAUUSD,0.62,285,,17,0.7,48.73
2026-08-22T11:12:20.607595+00:00,oanda,PAPER,STANDARD_SCALPING,ORD-0-0848,XAUUSD,0.63,290,,18,0.8,48.23
2026-08-22T11:12:20.607598+00:00,oanda,PAPER,STANDARD_SCALPING,ORD-0-0849,XAUUSD,0.64,295,,19,0.9,47.73
2026-08-22T11:12:20.607600+00:00,oanda,PAPER,STANDARD_SCALPING,ORD-0-0850,XAUUSD,0.15,300,,20,1.0,52.23
2026-08-22T11:12:20.607603+00:00,oanda,PAPER,STANDARD_SCALPING,ORD-0-0851,XAUUSD,0.16,305,,21,1.1,51.73
2026-08-22T11:12:20.607606+00:00,oanda,PAPER,STANDARD_SCALPING,ORD-0-0852,XAUUSD,0.17,310,,22,1.2,51.23
2026-08-22T11:12:20.607612+00:00,oanda,PAPER,STANDARD_SCALPING,ORD-0-0853,XAUUSD,0.18,315,,23,1.3,50.73
2026-08-22T11:12:20.607615+00:00,oanda,PAPER,STANDARD_SCALPING,ORD-0-0854,XAUUSD,0.19,320,,24,1.4,50.23
2026-08-22T11:12:20.607618+00:00,oanda,PAPER,STANDARD_SCALPING,ORD-0-0855,XAUUSD,0.2,325,,25,1.5,49.73
2026-08-22T11:12:20.607621+00:00,oanda,PAPER,STANDARD_SCALPING,ORD-0-0856,XAUUSD,0.21,330,,26,1.6,49.23
2026-08-22T11:12:20.607623+00:00,oanda,PAPER,STANDARD_SCALPING,ORD-0-0857,XAUUSD,0.22,335,,27,1.7,48.73
2026-08-22T11:12:20.607626+00:00,oanda,PAPER,STANDARD_SCALPING,ORD-0-0858,XAUUSD,0.23,340,,28,1.8,48.23
2026-08-22T11:12:20.607629+00:00,oanda,PAPER,STANDARD_SCALPING,ORD-0-0859,XAUUSD,0.24,345,,29,1.9,47.73
2026-08-22T11:12:20.607631+00:00,oanda,PAPER,STANDARD_SCALPING,ORD-0-0860,XAUUSD,0.25,350,,30,0.0,52.23
2026-08-22T11:12:20.607634+00:00,oanda,PAPER,STANDARD_SCALPING,ORD-0-0861,XAUUSD,0.26,355,,31,0.1,51.73
2026-08-22T11:12:20.607637+00:00,oanda,PAPER,STANDARD_SCALPING,ORD-0-0862,XAUUSD,0.27,360,,32,0.2,51.23
2026-08-22T11:12:20.607641+00:00,oanda,PAPER,STANDARD_SCALPING,ORD-0-0863,XAUUSD,0.28,365,,33,0.3,50.73
2026-08-22T11:12:20.607643+00:00,oanda,PAPER,STANDARD_SCALPING,ORD-0-0864,XAUUSD,0.29,370,,34,0.4,50.23
2026-08-22T11:12:20.607646+00:00,oanda,PAPER,STANDARD_SCALPING,ORD-0-0865,XAUUSD,0.3,375,,35,0.5,49.73
2026-08-22T11:12:20.607649+00:00,oanda,PAPER,STANDARD_SCALPING,ORD-0-0866,XAUUSD,0.31,380,,36,0.6,49.23
2026-08-22T11:12:20.607651+00:00,oanda,PAPER,STANDARD_SCALPING,ORD-0-0867,XAUUSD,0.32,385,,37,0.7,48.73
2026-08-22T11:12:20.607654+00:00,oanda,PAPER,STANDARD_SCALPING,ORD-0-0868,XAUUSD,0.33,390,,38,0.8,48.23
2026-08-22T11:12:20.607657+00:00,oanda,PAPER,STANDARD_SCALPING,ORD-0-0869,XAUUSD,0.34,395,,39,0.9,47.73
2026-08-22T11:12:20.607660+00:00,oanda,PAPER,STANDARD_SCALPING,ORD-0-0870,XAUUSD,0.35,400,,10,1.0,52.23
2026-08-22T11:12:20.607662+00:00,oanda,PAPER,STANDARD_SCALPING,ORD-0-0871,XAUUSD,0.36,405,,11,1.1,51.73
2026-08-22T11:12:20.607665+00:00,oanda,PAPER,STANDARD_SCALPING,ORD-0-0872,XAUUSD,0.37,410,,12,1.2,51.23
2026-08-22T11:12:20.607669+00:00,oanda,PAPER,STANDARD_SCALPING,ORD-0-0873,XAUUSD,0.38,415,INSUFFICIENT_MARGIN,13,1.3,50.73
2026-08-22T11:12:20.607673+00:00,oanda,PAPER,STANDARD_SCALPING,ORD-0-0874,XAUUSD,0.39,420,,14,1.4,50.23
2026-08-22T11:12:20.607676+00:00,oanda,PAPER,STANDARD_SCALPING,ORD-0-0875,XAUUSD,0.4,425,,15,1.5,49.73
2026-08-22T11:12:20.607680+00:00,oanda,PAPER,STANDARD_SCALPING,ORD-0-0876,XAUUSD,0.41,430,,16,1.6,49.23
2026-08-22T11:12:20.607683+00:00,oanda,PAPER,STANDARD_SCALPING,ORD-0-0877,XAUUSD,0.42,435,,17,1.7,48.73
2026-08-22T11:12:20.607686+00:00,oanda,PAPER,STANDARD_SCALPING,ORD-0-0878,XAUUSD,0.43,440,,18,1.8,48.23
2026-08-22T11:12:20.607689+00:00,oanda,PAPER,STANDARD_SCALPING,ORD-0-0879,XAUUSD,0.44,445,,19,1.9,47.73
2026-08-22T11:12:20.607691+00:00,oanda,PAPER,STANDARD_SCALPING,ORD-0-0880,XAUUSD,0.45,450,,20,0.0,52.23
2026-08-22T11:12:20.607694+00:00,oanda,PAPER,STANDARD_SCALPING,ORD-0-0881,XAUUSD,0.46,455,,21,0.1,51.73
2026-08-22T11:12:20.607697+00:00,oanda,PAPER,STANDARD_SCALPING,ORD-0-0882,XAUUSD,0.47,460,,22,0.2,51.23
2026-08-22T11:12:20.607700+00:00,oanda,PAPER,STANDARD_SCALPING,ORD-0-0883,XAUUSD,0.48,465,,23,0.3,50.73
2026-08-22T11:12:20.607703+00:00,oanda,PAPER,STANDARD_SCALPING,ORD-0-0884,XAUUSD,0.49,470,,24,0.4,50.23
2026-08-22T11:12:20.607707+00:00,oanda,PAPER,STANDARD_SCALPING,ORD-0-0885,XAUUSD,0.5,475,,25,0.5,49.73
2026-08-22T11:12:20.607710+00:00,oanda,PAPER,STANDARD_SCALPING,ORD-0-0886,XAUUSD,0.51,480,,26,0.6,49.23
2026-08-22T11:12:20.607712+00:00,oanda,PAPER,STANDARD_SCALPING,ORD-0-0887,XAUUSD,0.52,485,,27,0.7,48.73
2026-08-22T11:12:20.607715+00:00,oanda,PAPER,STANDARD_SCALPING,ORD-0-0888,XAUUSD,0.53,490,,28,0.8,48.23
2026-08-22T11:12:20.607718+00:00,oanda,PAPER,STANDARD_SCALPING,ORD-0-0889,XAUUSD,0.54,495,,29,0.9,47.73
2026-08-22T11:12:20.607720+00:00,oanda,PAPER,STANDARD_SCALPING,ORD-0-0890,XAUUSD,0.55,500,,30,1.0,52.23
2026-08-22T11:12:20.607723+00:00,oanda,PAPER,STANDARD_SCALPING,ORD-0-0891,XAUUSD,0.56,505,,31,1.1,51.73
2026-08-22T11:12:20.607726+00:00,oanda,PAPER,STANDARD_SCALPING,ORD-0-0892,XAUUSD,0.57,510,,32,1.2,51.23
2026-08-22T11:12:20.607730+00:00,oanda,PAPER,STANDARD_SCALPING,ORD-0-0893,XAUUSD,0.58,515,,33,1.3,50.73
2026-08-22T11:12:20.607732+00:00,oanda,PAPER,STANDARD_SCALPING,ORD-0-0894,XAUUSD,0.59,520,,34,1.4,50.23
2026-08-22T11:12:20.607735+00:00,oanda,PAPER,STANDARD_SCALPING,ORD-0-0895,XAUUSD,0.6,525,,35,1.5,49.73
2026-08-22T11:12:20.607738+00:00,oanda,PAPER,STANDARD_SCALPING,ORD-0-0896,XAUUSD,0.61,530,,36,1.6,49.23
2026-08-22T11:12:20.607741+00:00,oanda,PAPER,STANDARD_SCALPING,ORD-0-0897,XAUUSD,0.62,535,,37,1.7,48.73
2026-08-22T11:12:20.607743+00:00,oanda,PAPER,STANDARD_SCALPING,ORD-0-0898,XAUUSD,0.63,540,,38,1.8,48.23
2026-08-22T11:12:20.607746+00:00,oanda,PAPER,STANDARD_SCALPING,ORD-0-0899,XAUUSD,0.64,545,,39,1.9,47.73
2026-08-22T11:12:20.607749+00:00,oanda,PAPER,STANDARD_SCALPING,ORD-0-0900,XAUUSD,0.15,550,,10,0.0,52.23
2026-08-22T11:12:20.607751+00:00,oanda,PAPER,STANDARD_SCALPING,ORD-0-0901,XAUUSD,0.16,555,,11,0.1,51.73
2026-08-22T11:12:20.607754+00:00,oanda,PAPER,STANDARD_SCALPING,ORD-0-0902,XAUUSD,0.17,560,,12,0.2,51.23
2026-08-22T11:12:20.607758+00:00,oanda,PAPER,STANDARD_SCALPING,ORD-0-0903,XAUUSD,0.18,565,,13,0.3,50.73
2026-08-22T11:12:20.607760+00:00,oanda,PAPER,STANDARD_SCALPING,ORD-0-0904,XAUUSD,0.19,570,,14,0.4,50.23
2026-08-22T11:12:20.607763+00:00,oanda,PAPER,STANDARD_SCALPING,ORD-0-0905,XAUUSD,0.2,575,,15,0.5,49.73
2026-08-22T11:12:20.607767+00:00,oanda,PAPER,STANDARD_SCALPING,ORD-0-0906,XAUUSD,0.21,580,,16,0.6,49.23
2026-08-22T11:12:20.607770+00:00,oanda,PAPER,STANDARD_SCALPING,ORD-0-0907,XAUUSD,0.22,585,,17,0.7,48.73
2026-08-22T11:12:20.607772+00:00,oanda,PAPER,STANDARD_SCALPING,ORD-0-0908,XAUUSD,0.23,590,,18,0.8,48.23
2026-08-22T11:12:20.607775+00:00,oanda,PAPER,STANDARD_SCALPING,ORD-0-0909,XAUUSD,0.24,595,,19,0.9,47.73
2026-08-22T11:12:20.607778+00:00,oanda,PAPER,STANDARD_SCALPING,ORD-0-0910,XAUUSD,0.25,600,,20,1.0,52.23
2026-08-22T11:12:20.607780+00:00,oanda,PAPER,STANDARD_SCALPING,ORD-0-0911,XAUUSD,0.26,605,,21,1.1,51.73
2026-08-22T11:12:20.607783+00:00,oanda,PAPER,STANDARD_SCALPING,ORD-0-0912,XAUUSD,0.27,610,,22,1.2,51.23
2026-08-22T11:12:20.607787+00:00,oanda,PAPER,STANDARD_SCALPING,ORD-0-0913,XAUUSD,0.28,615,,23,1.3,50.73
2026-08-22T11:12:20.607790+00:00,oanda,PAPER,STANDARD_SCALPING,ORD-0-0914,XAUUSD,0.29,620,,24,1.4,50.23
2026-08-22T11:12:20.607792+00:00,oanda,PAPER,STANDARD_SCALPING,ORD-0-0915,XAUUSD,0.3,625,,25,1.5,49.73
2026-08-22T11:12:20.607795+00:00,oanda,PAPER,STANDARD_SCALPING,ORD-0-0916,XAUUSD,0.31,630,,26,1.6,49.23
2026-08-22T11:12:20.607799+00:00,oanda,PAPER,STANDARD_SCALPING,ORD-0-0917,XAUUSD,0.32,635,,27,1.7,48.73
2026-08-22T11:12:20.607802+00:00,oanda,PAPER,STANDARD_SCALPING,ORD-0-0918,XAUUSD,0.33,640,,28,1.8,48.23
2026-08-22T11:12:20.607804+00:00,oanda,PAPER,STANDARD_SCALPING,ORD-0-0919,XAUUSD,0.34,645,,29,1.9,47.73
2026-08-22T11:12:20.607807+00:00,oanda,PAPER,STANDARD_SCALPING,ORD-0-0920,XAUUSD,0.35,650,,30,0.0,52.23
2026-08-22T11:12:20.607810+00:00,oanda,PAPER,STANDARD_SCALPING,ORD-0-0921,XAUUSD,0.36,655,,31,0.1,51.73
2026-08-22T11:12:20.607812+00:00,oanda,PAPER,STANDARD_SCALPING,ORD-0-0922,XAUUSD,0.37,660,,32,0.2,51.23
2026-08-22T11:12:20.607816+00:00,oanda,PAPER,STANDARD_SCALPING,ORD-0-0923,XAUUSD,0.38,665,,33,0.3,50.73
2026-08-22T11:12:20.607819+00:00,oanda,PAPER,STANDARD_SCALPING,ORD-0-0924,XAUUSD,0.39,670,,34,0.4,50.23
2026-08-22T11:12:20.607822+00:00,oanda,PAPER,STANDARD_SCALPING,ORD-0-0925,XAUUSD,0.4,675,,35,0.5,49.73
2026-08-22T11:12:20.607833+00:00,oanda,PAPER,STANDARD_SCALPING,ORD-0-0926,XAUUSD,0.41,680,,36,0.6,49.23
2026-08-22T11:12:20.607835+00:00,oanda,PAPER,STANDARD_SCALPING,ORD-0-0927,XAUUSD,0.42,685,,37,0.7,48.73
2026-08-22T11:12:20.607838+00:00,oanda,PAPER,STANDARD_SCALPING,ORD-0-0928,XAUUSD,0.43,690,,38,0.8,48.23
2026-08-22T11:12:20.607841+00:00,oanda,PAPER,STANDARD_SCALPING,ORD-0-0929,XAUUSD,0.44,695,,39,0.9,47.73
2026-08-22T11:12:20.607843+00:00,oanda,PAPER,STANDARD_SCALPING,ORD-0-0930,XAUUSD,0.45,700,,10,1.0,52.23
2026-08-22T11:12:20.607846+00:00,oanda,PAPER,STANDARD_SCALPING,ORD-0-0931,XAUUSD,0.46,705,,11,1.1,51.73
2026-08-22T11:12:20.607849+00:00,oanda,PAPER,STANDARD_SCALPING,ORD-0-0932,XAUUSD,0.47,710,,12,1.2,51.23
2026-08-22T11:12:20.607853+00:00,oanda,PAPER,STANDARD_SCALPING,ORD-0-0933,XAUUSD,0.48,715,,13,1.3,50.73
2026-08-22T11:12:20.607856+00:00,oanda,PAPER,STANDARD_SCALPING,ORD-0-0934,XAUUSD,0.49,720,,14,1.4,50.23
2026-08-22T11:12:20.607859+00:00,oanda,PAPER,STANDARD_SCALPING,ORD-0-0935,XAUUSD,0.5,725,,15,1.5,49.73
2026-08-22T11:12:20.607862+00:00,oanda,PAPER,STANDARD_SCALPING,ORD-0-0936,XAUUSD,0.51,730,,16,1.6,49.23
2026-08-22T11:12:20.607864+00:00,oanda,PAPER,STANDARD_SCALPING,ORD-0-0937,XAUUSD,0.52,735,,17,1.7,48.73
2026-08-22T11:12:20.607868+00:00,oanda,PAPER,STANDARD_SCALPING,ORD-0-0938,XAUUSD,0.53,740,,18,1.8,48.23
2026-08-22T11:12:20.607871+00:00,oanda,PAPER,STANDARD_SCALPING,ORD-0-0939,XAUUSD,0.54,745,,19,1.9,47.73
2026-08-22T11:12:20.607874+00:00,oanda,PAPER,STANDARD_SCALPING,ORD-0-0940,XAUUSD,0.55,750,,20,0.0,52.23
2026-08-22T11:12:20.607876+00:00,oanda,PAPER,STANDARD_SCALPING,ORD-0-0941,XAUUSD,0.56,755,,21,0.1,51.73
2026-08-22T11:12:20.607879+00:00,oanda,PAPER,STANDARD_SCALPING,ORD-0-0942,XAUUSD,0.57,760,,22,0.2,51.23
2026-08-22T11:12:20.607883+00:00,oanda,PAPER,STANDARD_SCALPING,ORD-0-0943,XAUUSD,0.58,765,,23,0.3,50.73
2026-08-22T11:12:20.607886+00:00,oanda,PAPER,STANDARD_SCALPING,ORD-0-0944,XAUUSD,0.59,770,,24,0.4,50.23
2026-08-22T11:12:20.607888+00:00,oanda,PAPER,STANDARD_SCALPING,ORD-0-0945,XAUUSD,0.6,775,,25,0.5,49.73
2026-08-22T11:12:20.607891+00:00,oanda,PAPER,STANDARD_SCALPING,ORD-0-0946,XAUUSD,0.61,780,,26,0.6,49.23
2026-08-22T11:12:20.607894+00:00,oanda,PAPER,STANDARD_SCALPING,ORD-0-0947,XAUUSD,0.62,785,,27,0.7,48.73
2026-08-22T11:12:20.607898+00:00,oanda,PAPER,STANDARD_SCALPING,ORD-0-0948,XAUUSD,0.63,790,,28,0.8,48.23
2026-08-22T11:12:20.607901+00:00,oanda,PAPER,STANDARD_SCALPING,ORD-0-0949,XAUUSD,0.64,795,,29,0.9,47.73
2026-08-22T11:12:20.607903+00:00,oanda,PAPER,STANDARD_SCALPING,ORD-0-0950,XAUUSD,0.15,800,,30,1.0,52.23
2026-08-22T11:12:20.607906+00:00,oanda,PAPER,STANDARD_SCALPING,ORD-0-0951,XAUUSD,0.16,805,,31,1.1,51.73
2026-08-22T11:12:20.607909+00:00,oanda,PAPER,STANDARD_SCALPING,ORD-0-0952,XAUUSD,0.17,810,,32,1.2,51.23
2026-08-22T11:12:20.607913+00:00,oanda,PAPER,STANDARD_SCALPING,ORD-0-0953,XAUUSD,0.18,815,,33,1.3,50.73
2026-08-22T11:12:20.607915+00:00,oanda,PAPER,STANDARD_SCALPING,ORD-0-0954,XAUUSD,0.19,820,,34,1.4,50.23
2026-08-22T11:12:20.607918+00:00,oanda,PAPER,STANDARD_SCALPING,ORD-0-0955,XAUUSD,0.2,825,,35,1.5,49.73
2026-08-22T11:12:20.607921+00:00,oanda,PAPER,STANDARD_SCALPING,ORD-0-0956,XAUUSD,0.21,830,,36,1.6,49.23
2026-08-22T11:12:20.607923+00:00,oanda,PAPER,STANDARD_SCALPING,ORD-0-0957,XAUUSD,0.22,835,,37,1.7,48.73
2026-08-22T11:12:20.607926+00:00,oanda,PAPER,STANDARD_SCALPING,ORD-0-0958,XAUUSD,0.23,840,,38,1.8,48.23
2026-08-22T11:12:20.607929+00:00,oanda,PAPER,STANDARD_SCALPING,ORD-0-0959,XAUUSD,0.24,845,,39,1.9,47.73
2026-08-22T11:12:20.607932+00:00,oanda,PAPER,STANDARD_SCALPING,ORD-0-0960,XAUUSD,0.25,850,,10,0.0,52.23
2026-08-22T11:12:20.607934+00:00,oanda,PAPER,STANDARD_SCALPING,ORD-0-0961,XAUUSD,0.26,855,,11,0.1,51.73
2026-08-22T11:12:20.607937+00:00,oanda,PAPER,STANDARD_SCALPING,ORD-0-0962,XAUUSD,0.27,860,,12,0.2,51.23
2026-08-22T11:12:20.607941+00:00,oanda,PAPER,STANDARD_SCALPING,ORD-0-0963,XAUUSD,0.28,865,,13,0.3,50.73
2026-08-22T11:12:20.607944+00:00,oanda,PAPER,STANDARD_SCALPING,ORD-0-0964,XAUUSD,0.29,870,,14,0.4,50.23
2026-08-22T11:12:20.607946+00:00,oanda,PAPER,STANDARD_SCALPING,ORD-0-0965,XAUUSD,0.3,875,,15,0.5,49.73
2026-08-22T11:12:20.607949+00:00,oanda,PAPER,STANDARD_SCALPING,ORD-0-0966,XAUUSD,0.31,880,,16,0.6,49.23
2026-08-22T11:12:20.607952+00:00,oanda,PAPER,STANDARD_SCALPING,ORD-0-0967,XAUUSD,0.32,885,,17,0.7,48.73
2026-08-22T11:12:20.607955+00:00,oanda,PAPER,STANDARD_SCALPING,ORD-0-0968,XAUUSD,0.33,890,,18,0.8,48.23
2026-08-22T11:12:20.607957+00:00,oanda,PAPER,STANDARD_SCALPING,ORD-0-0969,XAUUSD,0.34,895,,19,0.9,47.73
2026-08-22T11:12:20.607961+00:00,oanda,PAPER,STANDARD_SCALPING,ORD-0-0970,XAUUSD,0.35,900,INSUFFICIENT_MARGIN,20,1.0,52.23
2026-08-22T11:12:20.607964+00:00,oanda,PAPER,STANDARD_SCALPING,ORD-0-0971,XAUUSD,0.36,905,,21,1.1,51.73
2026-08-22T11:12:20.607967+00:00,oanda,PAPER,STANDARD_SCALPING,ORD-0-0972,XAUUSD,0.37,910,,22,1.2,51.23
2026-08-22T11:12:20.607971+00:00,oanda,PAPER,STANDARD_SCALPING,ORD-0-0973,XAUUSD,0.38,915,,23,1.3,50.73
2026-08-22T11:12:20.607973+00:00,oanda,PAPER,STANDARD_SCALPING,ORD-0-0974,XAUUSD,0.39,920,,24,1.4,50.23
2026-08-22T11:12:20.607976+00:00,oanda,PAPER,STANDARD_SCALPING,ORD-0-0975,XAUUSD,0.4,925,,25,1.5,49.73
2026-08-22T11:12:20.607979+00:00,oanda,PAPER,STANDARD_SCALPING,ORD-0-0976,XAUUSD,0.41,930,,26,1.6,49.23
2026-08-22T11:12:20.607983+00:00,oanda,PAPER,STANDARD_SCALPING,ORD-0-0977,XAUUSD,0.42,935,,27,1.7,48.73
2026-08-22T11:12:20.607985+00:00,oanda,PAPER,STANDARD_SCALPING,ORD-0-0978,XAUUSD,0.43,940,,28,1.8,48.23
2026-08-22T11:12:20.607988+00:00,oanda,PAPER,STANDARD_SCALPING,ORD-0-0979,XAUUSD,0.44,945,,29,1.9,47.73
2026-08-22T11:12:20.607993+00:00,oanda,PAPER,STANDARD_SCALPING,ORD-0-0980,XAUUSD,0.45,950,,30,0.0,52.23
2026-08-22T11:12:20.607995+00:00,oanda,PAPER,STANDARD_SCALPING,ORD-0-0981,XAUUSD,0.46,955,,31,0.1,51.73
2026-08-22T11:12:20.607998+00:00,oanda,PAPER,STANDARD_SCALPING,ORD-0-0982,XAUUSD,0.47,960,,32,0.2,51.23
2026-08-22T11:12:20.608002+00:00,oanda,PAPER,STANDARD_SCALPING,ORD-0-0983,XAUUSD,0.48,965,,33,0.3,50.73
2026-08-22T11:12:20.608004+00:00,oanda,PAPER,STANDARD_SCALPING,ORD-0-0984,XAUUSD,0.49,970,,34,0.4,50.23
2026-08-22T11:12:20.608007+00:00,oanda,PAPER,STANDARD_SCALPING,ORD-0-0985,XAUUSD,0.5,975,,35,0.5,49.73
2026-08-22T11:12:20.608010+00:00,oanda,PAPER,STANDARD_SCALPING,ORD-0-0986,XAUUSD,0.51,980,,36,0.6,49.23
2026-08-22T11:12:20.608013+00:00,oanda,PAPER,STANDARD_SCALPING,ORD-0-0987,XAUUSD,0.52,985,,37,0.7,48.73
2026-08-22T11:12:20.608015+00:00,oanda,PAPER,STANDARD_SCALPING,ORD-0-0988,XAUUSD,0.53,990,,38,0.8,48.23
2026-08-22T11:12:20.608018+00:00,oanda,PAPER,STANDARD_SCALPING,ORD-0-0989,XAUUSD,0.54,995,,39,0.9,47.73
2026-08-22T11:12:20.608021+00:00,oanda,PAPER,STANDARD_SCALPING,ORD-0-0990,XAUUSD,0.55,1000,,10,1.0,52.23
2026-08-22T11:12:20.608023+00:00,oanda,PAPER,STANDARD_SCALPING,ORD-0-0991,XAUUSD,0.56,1005,,11,1.1,51.73
2026-08-22T11:12:20.608026+00:00,oanda,PAPER,STANDARD_SCALPING,ORD-0-0992,XAUUSD,0.57,1010,,12,1.2,51.23
2026-08-22T11:12:20.608031+00:00,oanda,PAPER,STANDARD_SCALPING,ORD-0-0993,XAUUSD,0.58,1015,,13,1.3,50.73
2026-08-22T11:12:20.608033+00:00,oanda,PAPER,STANDARD_SCALPING,ORD-0-0994,XAUUSD,0.59,1020,,14,1.4,50.23
2026-08-22T11:12:20.608036+00:00,oanda,PAPER,STANDARD_SCALPING,ORD-0-0995,XAUUSD,0.6,1025,,15,1.5,49.73
2026-08-22T11:12:20.608039+00:00,oanda,PAPER,STANDARD_SCALPING,ORD-0-0996,XAUUSD,0.61,1030,,16,1.6,49.23
2026-08-22T11:12:20.608041+00:00,oanda,PAPER,STANDARD_SCALPING,ORD-0-0997,XAUUSD,0.62,1035,,17,1.7,48.73
2026-08-22T11:12:20.608044+00:00,oanda,PAPER,STANDARD_SCALPING,ORD-0-0998,XAUUSD,0.63,1040,,18,1.8,48.23
2026-08-22T11:12:20.608058+00:00,oanda,PAPER,STANDARD_SCALPING,ORD-0-0999,XAUUSD,0.64,1045,,19,1.9,47.73
2026-08-22T11:12:20.608065+00:00,oanda,PAPER,ULTRA_SCALPING,ORD-1-0000,XAUUSD,0.15,50,INSUFFICIENT_MARGIN,10,0.0,52.23
2026-08-22T11:12:20.608070+00:00,oanda,PAPER,ULTRA_SCALPING,ORD-1-0001,XAUUSD,0.16,55,,11,0.1,51.73
2026-08-22T11:12:20.608073+00:00,oanda,PAPER,ULTRA_SCALPING,ORD-1-0002,XAUUSD,0.17,60,,12,0.2,51.23
2026-08-22T11:12:20.608079+00:00,oanda,PAPER,ULTRA_SCALPING,ORD-1-0003,XAUUSD,0.18,65,,13,0.3,50.73
2026-08-22T11:12:20.608082+00:00,oanda,PAPER,ULTRA_SCALPING,ORD-1-0004,XAUUSD,0.19,70,,14,0.4,50.23
2026-08-22T11:12:20.608084+00:00,oanda,PAPER,ULTRA_SCALPING,ORD-1-0005,XAUUSD,0.2,75,,15,0.5,49.73
2026-08-22T11:12:20.608087+00:00,oanda,PAPER,ULTRA_SCALPING,ORD-1-0006,XAUUSD,0.21,80,,16,0.6,49.23
2026-08-22T11:12:20.608090+00:00,oanda,PAPER,ULTRA_SCALPING,ORD-1-0007,XAUUSD,0.22,85,,17,0.7,48.73
2026-08-22T11:12:20.608093+00:00,oanda,PAPER,ULTRA_SCALPING,ORD-1-0008,XAUUSD,0.23,90,,18,0.8,48.23
2026-08-22T11:12:20.608095+00:00,oanda,PAPER,ULTRA_SCALPING,ORD-1-0009,XAUUSD,0.24,95,,19,0.9,47.73
2026-08-22T11:12:20.608098+00:00,oanda,PAPER,ULTRA_SCALPING,ORD-1-0010,XAUUSD,0.25,100,,20,1.0,52.23
2026-08-22T11:12:20.608101+00:00,oanda,PAPER,ULTRA_SCALPING,ORD-1-0011,XAUUSD,0.26,105,,21,1.1,51.73
2026-08-22T11:12:20.608105+00:00,oanda,PAPER,ULTRA_SCALPING,ORD-1-0012,XAUUSD,0.27,110,,22,1.2,51.23
2026-08-22T11:12:20.608111+00:00,oanda,PAPER,ULTRA_SCALPING,ORD-1-0013,XAUUSD,0.28,115,,23,1.3,50.73
2026-08-22T11:12:20.608114+00:00,oanda,PAPER,ULTRA_SCALPING,ORD-1-0014,XAUUSD,0.29,120,,24,1.4,50.23
2026-08-22T11:12:20.608117+00:00,oanda,PAPER,ULTRA_SCALPING,ORD-1-0015,XAUUSD,0.3,125,,25,1.5,49.73
2026-08-22T11:12:20.608119+00:00,oanda,PAPER,ULTRA_SCALPING,ORD-1-0016,XAUUSD,0.31,130,,26,1.6,49.23
2026-08-22T11:12:20.608122+00:00,oanda,PAPER,ULTRA_SCALPING,ORD-1-0017,XAUUSD,0.32,135,,27,1.7,48.73
2026-08-22T11:12:20.608125+00:00,oanda,PAPER,ULTRA_SCALPING,ORD-1-0018,XAUUSD,0.33,140,,28,1.8,48.23
2026-08-22T11:12:20.608127+00:00,oanda,PAPER,ULTRA_SCALPING,ORD-1-0019,XAUUSD,0.34,145,,29,1.9,47.73
2026-08-22T11:12:20.608130+00:00,oanda,PAPER,ULTRA_SCALPING,ORD-1-0020,XAUUSD,0.35,150,,30,0.0,52.23
2026-08-22T11:12:20.608133+00:00,oanda,PAPER,ULTRA_SCALPING,ORD-1-0021,XAUUSD,0.36,155,,31,0.1,51.73
2026-08-22T11:12:20.608135+00:00,oanda,PAPER,ULTRA_SCALPING,ORD-1-0022,XAUUSD,0.37,160,,32,0.2,51.23
2026-08-22T11:12:20.608139+00:00,oanda,PAPER,ULTRA_SCALPING,ORD-1-0023,XAUUSD,0.38,165,,33,0.3,50.73
2026-08-22T11:12:20.608142+00:00,oanda,PAPER,ULTRA_SCALPING,ORD-1-0024,XAUUSD,0.39,170,,34,0.4,50.23
2026-08-22T11:12:20.608145+00:00,oanda,PAPER,ULTRA_SCALPING,ORD-1-0025,XAUUSD,0.4,175,,35,0.5,49.73
2026-08-22T11:12:20.608147+00:00,oanda,PAPER,ULTRA_SCALPING,ORD-1-0026,XAUUSD,0.41,180,,36,0.6,49.23
2026-08-22T11:12:20.608150+00:00,oanda,PAPER,ULTRA_SCALPING,ORD-1-0027,XAUUSD,0.42,185,,37,0.7,48.73
2026-08-22T11:12:20.608154+00:00,oanda,PAPER,ULTRA_SCALPING,ORD-1-0028,XAUUSD,0.43,190,,38,0.8,48.23
2026-08-22T11:12:20.608157+00:00,oanda,PAPER,ULTRA_SCALPING,ORD-1-0029,XAUUSD,0.44,195,,39,0.9,47.73
2026-08-22T11:12:20.608159+00:00,oanda,PAPER,ULTRA_SCALPING,ORD-1-0030,XAUUSD,0.45,200,,10,1.0,52.23
2026-08-22T11:12:20.608162+00:00,oanda,PAPER,ULTRA_SCALPING,ORD-1-0031,XAUUSD,0.46,205,,11,1.1,51.73
2026-08-22T11:12:20.608165+00:00,oanda,PAPER,ULTRA_SCALPING,ORD-1-0032,XAUUSD,0.47,210,,12,1.2,51.23
2026-08-22T11:12:20.608169+00:00,oanda,PAPER,ULTRA_SCALPING,ORD-1-0033,XAUUSD,0.48,215,,13,1.3,50.73
2026-08-22T11:12:20.608172+00:00,oanda,PAPER,ULTRA_SCALPING,ORD-1-0034,XAUUSD,0.49,220,,14,1.4,50.23
2026-08-22T11:12:20.608174+00:00,oanda,PAPER,ULTRA_SCALPING,ORD-1-0035,XAUUSD,0.5,225,,15,1.5,49.73
2026-08-22T11:12:20.608177+00:00,oanda,PAPER,ULTRA_SCALPING,ORD-1-0036,XAUUSD,0.51,230,,16,1.6,49.23
2026-08-22T11:12:20.608180+00:00,oanda,PAPER,ULTRA_SCALPING,ORD-1-0037,XAUUSD,0.52,235,,17,1.7,48.73
2026-08-22T11:12:20.608182+00:00,oanda,PAPER,ULTRA_SCALPING,ORD-1-0038,XAUUSD,0.53,240,,18,1.8,48.23
2026-08-22T11:12:20.608185+00:00,oanda,PAPER,ULTRA_SCALPING,ORD-1-0039,XAUUSD,0.54,245,,19,1.9,47.73
2026-08-22T11:12:20.608188+00:00,oanda,PAPER,ULTRA_SCALPING,ORD-1-0040,XAUUSD,0.55,250,,20,0.0,52.23
2026-08-22T11:12:20.608190+00:00,oanda,PAPER,ULTRA_SCALPING,ORD-1-0041,XAUUSD,0.56,255,,21,0.1,51.73
2026-08-22T11:12:20.608193+00:00,oanda,PAPER,ULTRA_SCALPING,ORD-1-0042,XAUUSD,0.57,260,,22,0.2,51.23
2026-08-22T11:12:20.608197+00:00,oanda,PAPER,ULTRA_SCALPING,ORD-1-0043,XAUUSD,0.58,265,,23,0.3,50.73
2026-08-22T11:12:20.608202+00:00,oanda,PAPER,ULTRA_SCALPING,ORD-1-0044,XAUUSD,0.59,270,,24,0.4,50.23
2026-08-22T11:12:20.608205+00:00,oanda,PAPER,ULTRA_SCALPING,ORD-1-0045,XAUUSD,0.6,275,,25,0.5,49.73
2026-08-22T11:12:20.608208+00:00,oanda,PAPER,ULTRA_SCALPING,ORD-1-0046,XAUUSD,0.61,280,,26,0.6,49.23
2026-08-22T11:12:20.608211+00:00,oanda,PAPER,ULTRA_SCALPING,ORD-1-0047,XAUUSD,0.62,285,,27,0.7,48.73
2026-08-22T11:12:20.608213+00:00,oanda,PAPER,ULTRA_SCALPING,ORD-1-0048,XAUUSD,0.63,290,,28,0.8,48.23
2026-08-22T11:12:20.608216+00:00,oanda,PAPER,ULTRA_SCALPING,ORD-1-0049,XAUUSD,0.64,295,,29,0.9,47.73
2026-08-22T11:12:20.608219+00:00,oanda,PAPER,ULTRA_SCALPING,ORD-1-0050,XAUUSD,0.15,300,,30,1.0,52.23
2026-08-22T11:12:20.608221+00:00,oanda,PAPER,ULTRA_SCALPING,ORD-1-0051,XAUUSD,0.16,305,,31,1.1,51.73
2026-08-22T11:12:20.608224+00:00,oanda,PAPER,ULTRA_SCALPING,ORD-1-0052,XAUUSD,0.17,310,,32,1.2,51.23
2026-08-22T11:12:20.608228+00:00,oanda,PAPER,ULTRA_SCALPING,ORD-1-0053,XAUUSD,0.18,315,,33,1.3,50.73
2026-08-22T11:12:20.608231+00:00,oanda,PAPER,ULTRA_SCALPING,ORD-1-0054,XAUUSD,0.19,320,,34,1.4,50.23
2026-08-22T11:12:20.608234+00:00,oanda,PAPER,ULTRA_SCALPING,ORD-1-0055,XAUUSD,0.2,325,,35,1.5,49.73
2026-08-22T11:12:20.608236+00:00,oanda,PAPER,ULTRA_SCALPING,ORD-1-0056,XAUUSD,0.21,330,,36,1.6,49.23
2026-08-22T11:12:20.608239+00:00,oanda,PAPER,ULTRA_SCALPING,ORD-1-0057,XAUUSD,0.22,335,,37,1.7,48.73
2026-08-22T11:12:20.608242+00:00,oanda,PAPER,ULTRA_SCALPING,ORD-1-0058,XAUUSD,0.23,340,,38,1.8,48.23
2026-08-22T11:12:20.608244+00:00,oanda,PAPER,ULTRA_SCALPING,ORD-1-0059,XAUUSD,0.24,345,,39,1.9,47.73
2026-08-22T11:12:20.608247+00:00,oanda,PAPER,ULTRA_SCALPING,ORD-1-0060,XAUUSD,0.25,350,,10,0.0,52.23
2026-08-22T11:12:20.608250+00:00,oanda,PAPER,ULTRA_SCALPING,ORD-1-0061,XAUUSD,0.26,355,,11,0.1,51.73
2026-08-22T11:12:20.608253+00:00,oanda,PAPER,ULTRA_SCALPING,ORD-1-0062,XAUUSD,0.27,360,,12,0.2,51.23
2026-08-22T11:12:20.608256+00:00,oanda,PAPER,ULTRA_SCALPING,ORD-1-0063,XAUUSD,0.28,365,,13,0.3,50.73
2026-08-22T11:12:20.608259+00:00,oanda,PAPER,ULTRA_SCALPING,ORD-1-0064,XAUUSD,0.29,370,,14,0.4,50.23
2026-08-22T11:12:20.608262+00:00,oanda,PAPER,ULTRA_SCALPING,ORD-1-0065,XAUUSD,0.3,375,,15,0.5,49.73
2026-08-22T11:12:20.608265+00:00,oanda,PAPER,ULTRA_SCALPING,ORD-1-0066,XAUUSD,0.31,380,,16,0.6,49.23
2026-08-22T11:12:20.608267+00:00,oanda,PAPER,ULTRA_SCALPING,ORD-1-0067,XAUUSD,0.32,385,,17,0.7,48.73
2026-08-22T11:12:20.608270+00:00,oanda,PAPER,ULTRA_SCALPING,ORD-1-0068,XAUUSD,0.33,390,,18,0.8,48.23
2026-08-22T11:12:20.608273+00:00,oanda,PAPER,ULTRA_SCALPING,ORD-1-0069,XAUUSD,0.34,395,,19,0.9,47.73
2026-08-22T11:12:20.608275+00:00,oanda,PAPER,ULTRA_SCALPING,ORD-1-0070,XAUUSD,0.35,400,,20,1.0,52.23
2026-08-22T11:12:20.608278+00:00,oanda,PAPER,ULTRA_SCALPING,ORD-1-0071,XAUUSD,0.36,405,,21,1.1,51.73
2026-08-22T11:12:20.608281+00:00,oanda,PAPER,ULTRA_SCALPING,ORD-1-0072,XAUUSD,0.37,410,,22,1.2,51.23
2026-08-22T11:12:20.608324+00:00,oanda,PAPER,ULTRA_SCALPING,ORD-1-0073,XAUUSD,0.38,415,,23,1.3,50.73
2026-08-22T11:12:20.608327+00:00,oanda,PAPER,ULTRA_SCALPING,ORD-1-0074,XAUUSD,0.39,420,,24,1.4,50.23
2026-08-22T11:12:20.608329+00:00,oanda,PAPER,ULTRA_SCALPING,ORD-1-0075,XAUUSD,0.4,425,,25,1.5,49.73
2026-08-22T11:12:20.608335+00:00,oanda,PAPER,ULTRA_SCALPING,ORD-1-0076,XAUUSD,0.41,430,,26,1.6,49.23
2026-08-22T11:12:20.608337+00:00,oanda,PAPER,ULTRA_SCALPING,ORD-1-0077,XAUUSD,0.42,435,,27,1.7,48.73
2026-08-22T11:12:20.608340+00:00,oanda,PAPER,ULTRA_SCALPING,ORD-1-0078,XAUUSD,0.43,440,,28,1.8,48.23
2026-08-22T11:12:20.608343+00:00,oanda,PAPER,ULTRA_SCALPING,ORD-1-0079,XAUUSD,0.44,445,,29,1.9,47.73
2026-08-22T11:12:20.608347+00:00,oanda,PAPER,ULTRA_SCALPING,ORD-1-0080,XAUUSD,0.45,450,,30,0.0,52.23
2026-08-22T11:12:20.608350+00:00,oanda,PAPER,ULTRA_SCALPING,ORD-1-0081,XAUUSD,0.46,455,,31,0.1,51.73
2026-08-22T11:12:20.608353+00:00,oanda,PAPER,ULTRA_SCALPING,ORD-1-0082,XAUUSD,0.47,460,,32,0.2,51.23
2026-08-22T11:12:20.608357+00:00,oanda,PAPER,ULTRA_SCALPING,ORD-1-0083,XAUUSD,0.48,465,,33,0.3,50.73
2026-08-22T11:12:20.608359+00:00,oanda,PAPER,ULTRA_SCALPING,ORD-1-0084,XAUUSD,0.49,470,,34,0.4,50.23
2026-08-22T11:12:20.608362+00:00,oanda,PAPER,ULTRA_SCALPING,ORD-1-0085,XAUUSD,0.5,475,,35,0.5,49.73
2026-08-22T11:12:20.608365+00:00,oanda,PAPER,ULTRA_SCALPING,ORD-1-0086,XAUUSD,0.51,480,,36,0.6,49.23
2026-08-22T11:12:20.608368+00:00,oanda,PAPER,ULTRA_SCALPING,ORD-1-0087,XAUUSD,0.52,485,,37,0.7,48.73
2026-08-22T11:12:20.608370+00:00,oanda,PAPER,ULTRA_SCALPING,ORD-1-0088,XAUUSD,0.53,490,,38,0.8,48.23
2026-08-22T11:12:20.608373+00:00,oanda,PAPER,ULTRA_SCALPING,ORD-1-0089,XAUUSD,0.54,495,,39,0.9,47.73
2026-08-22T11:12:20.608376+00:00,oanda,PAPER,ULTRA_SCALPING,ORD-1-0090,XAUUSD,0.55,500,,10,1.0,52.23
2026-08-22T11:12:20.608378+00:00,oanda,PAPER,ULTRA_SCALPING,ORD-1-0091,XAUUSD,0.56,505,,11,1.1,51.73
2026-08-22T11:12:20.608381+00:00,oanda,PAPER,ULTRA_SCALPING,ORD-1-0092,XAUUSD,0.57,510,,12,1.2,51.23
2026-08-22T11:12:20.608385+00:00,oanda,PAPER,ULTRA_SCALPING,ORD-1-0093,XAUUSD,0.58,515,,13,1.3,50.73
2026-08-22T11:12:20.608388+00:00,oanda,PAPER,ULTRA_SCALPING,ORD-1-0094,XAUUSD,0.59,520,,14,1.4,50.23
2026-08-22T11:12:20.608390+00:00,oanda,PAPER,ULTRA_SCALPING,ORD-1-0095,XAUUSD,0.6,525,,15,1.5,49.73
2026-08-22T11:12:20.608393+00:00,oanda,PAPER,ULTRA_SCALPING,ORD-1-0096,XAUUSD,0.61,530,,16,1.6,49.23
2026-08-22T11:12:20.608396+00:00,oanda,PAPER,ULTRA_SCALPING,ORD-1-0097,XAUUSD,0.62,535,INSUFFICIENT_MARGIN,17,1.7,48.73
2026-08-22T11:12:20.608398+00:00,oanda,PAPER,ULTRA_SCALPING,ORD-1-0098,XAUUSD,0.63,540,,18,1.8,48.23
2026-08-22T11:12:20.608401+00:00,oanda,PAPER,ULTRA_SCALPING,ORD-1-0099,XAUUSD,0.64,545,,19,1.9,47.73
2026-08-22T11:12:20.608404+00:00,oanda,PAPER,ULTRA_SCALPING,ORD-1-0100,XAUUSD,0.15,550,,20,0.0,52.23
2026-08-22T11:12:20.608407+00:00,oanda,PAPER,ULTRA_SCALPING,ORD-1-0101,XAUUSD,0.16,555,,21,0.1,51.73
2026-08-22T11:12:20.608410+00:00,oanda,PAPER,ULTRA_SCALPING,ORD-1-0102,XAUUSD,0.17,560,,22,0.2,51.23
2026-08-22T11:12:20.608414+00:00,oanda,PAPER,ULTRA_SCALPING,ORD-1-0103,XAUUSD,0.18,565,,23,0.3,50.73
2026-08-22T11:12:20.608417+00:00,oanda,PAPER,ULTRA_SCALPING,ORD-1-0104,XAUUSD,0.19,570,,24,0.4,50.23
2026-08-22T11:12:20.608420+00:00,oanda,PAPER,ULTRA_SCALPING,ORD-1-0105,XAUUSD,0.2,575,,25,0.5,49.73
2026-08-22T11:12:20.608422+00:00,oanda,PAPER,ULTRA_SCALPING,ORD-1-0106,XAUUSD,0.21,580,,26,0.6,49.23
2026-08-22T11:12:20.608425+00:00,oanda,PAPER,ULTRA_SCALPING,ORD-1-0107,XAUUSD,0.22,585,,27,0.7,48.73
2026-08-22T11:12:20.608430+00:00,oanda,PAPER,ULTRA_SCALPING,ORD-1-0108,XAUUSD,0.23,590,,28,0.8,48.23
2026-08-22T11:12:20.608433+00:00,oanda,PAPER,ULTRA_SCALPING,ORD-1-0109,XAUUSD,0.24,595,,29,0.9,47.73
2026-08-22T11:12:20.608436+00:00,oanda,PAPER,ULTRA_SCALPING,ORD-1-0110,XAUUSD,0.25,600,,30,1.0,52.23
2026-08-22T11:12:20.608438+00:00,oanda,PAPER,ULTRA_SCALPING,ORD-1-0111,XAUUSD,0.26,605,,31,1.1,51.73
2026-08-22T11:12:20.608441+00:00,oanda,PAPER,ULTRA_SCALPING,ORD-1-0112,XAUUSD,0.27,610,,32,1.2,51.23
2026-08-22T11:12:20.608445+00:00,oanda,PAPER,ULTRA_SCALPING,ORD-1-0113,XAUUSD,0.28,615,,33,1.3,50.73
2026-08-22T11:12:20.608448+00:00,oanda,PAPER,ULTRA_SCALPING,ORD-1-0114,XAUUSD,0.29,620,,34,1.4,50.23
2026-08-22T11:12:20.608450+00:00,oanda,PAPER,ULTRA_SCALPING,ORD-1-0115,XAUUSD,0.3,625,,35,1.5,49.73
2026-08-22T11:12:20.608453+00:00,oanda,PAPER,ULTRA_SCALPING,ORD-1-0116,XAUUSD,0.31,630,,36,1.6,49.23
2026-08-22T11:12:20.608456+00:00,oanda,PAPER,ULTRA_SCALPING,ORD-1-0117,XAUUSD,0.32,635,,37,1.7,48.73
2026-08-22T11:12:20.608458+00:00,oanda,PAPER,ULTRA_SCALPING,ORD-1-0118,XAUUSD,0.33,640,,38,1.8,48.23
2026-08-22T11:12:20.608461+00:00,oanda,PAPER,ULTRA_SCALPING,ORD-1-0119,XAUUSD,0.34,645,,39,1.9,47.73
2026-08-22T11:12:20.608464+00:00,oanda,PAPER,ULTRA_SCALPING,ORD-1-0120,XAUUSD,0.35,650,,10,0.0,52.23
2026-08-22T11:12:20.608466+00:00,oanda,PAPER,ULTRA_SCALPING,ORD-1-0121,XAUUSD,0.36,655,,11,0.1,51.73
2026-08-22T11:12:20.608469+00:00,oanda,PAPER,ULTRA_SCALPING,ORD-1-0122,XAUUSD,0.37,660,,12,0.2,51.23
2026-08-22T11:12:20.608473+00:00,oanda,PAPER,ULTRA_SCALPING,ORD-1-0123,XAUUSD,0.38,665,,13,0.3,50.73
2026-08-22T11:12:20.608476+00:00,oanda,PAPER,ULTRA_SCALPING,ORD-1-0124,XAUUSD,0.39,670,,14,0.4,50.23
2026-08-22T11:12:20.608479+00:00,oanda,PAPER,ULTRA_SCALPING,ORD-1-0125,XAUUSD,0.4,675,,15,0.5,49.73
2026-08-22T11:12:20.608481+00:00,oanda,PAPER,ULTRA_SCALPING,ORD-1-0126,XAUUSD,0.41,680,,16,0.6,49.23
2026-08-22T11:12:20.608484+00:00,oanda,PAPER,ULTRA_SCALPING,ORD-1-0127,XAUUSD,0.42,685,,17,0.7,48.73
2026-08-22T11:12:20.608487+00:00,oanda,PAPER,ULTRA_SCALPING,ORD-1-0128,XAUUSD,0.43,690,,18,0.8,48.23
2026-08-22T11:12:20.608489+00:00,oanda,PAPER,ULTRA_SCALPING,ORD-1-0129,XAUUSD,0.44,695,,19,0.9,47.73
2026-08-22T11:12:20.608493+00:00,oanda,PAPER,ULTRA_SCALPING,ORD-1-0130,XAUUSD,0.45,700,,20,1.0,52.23
2026-08-22T11:12:20.608496+00:00,oanda,PAPER,ULTRA_SCALPING,ORD-1-0131,XAUUSD,0.46,705,,21,1.1,51.73
2026-08-22T11:12:20.608499+00:00,oanda,PAPER,ULTRA_SCALPING,ORD-1-0132,XAUUSD,0.47,710,,22,1.2,51.23
2026-08-22T11:12:20.608503+00:00,oanda,PAPER,ULTRA_SCALPING,ORD-1-0133,XAUUSD,0.48,715,,23,1.3,50.73
2026-08-22T11:12:20.608505+00:00,oanda,PAPER,ULTRA_SCALPING,ORD-1-0134,XAUUSD,0.49,720,,24,1.4,50.23
2026-08-22T11:12:20.608508+00:00,oanda,PAPER,ULTRA_SCALPING,ORD-1-0135,XAUUSD,0.5,725,,25,1.5,49.73
2026-08-22T11:12:20.608511+00:00,oanda,PAPER,ULTRA_SCALPING,ORD-1-0136,XAUUSD,0.51,730,,26,1.6,49.23
2026-08-22T11:12:20.608514+00:00,oanda,PAPER,ULTRA_SCALPING,ORD-1-0137,XAUUSD,0.52,735,,27,1.7,48.73
2026-08-22T11:12:20.608516+00:00,oanda,PAPER,ULTRA_SCALPING,ORD-1-0138,XAUUSD,0.53,740,,28,1.8,48.23
2026-08-22T11:12:20.608519+00:00,oanda,PAPER,ULTRA_SCALPING,ORD-1-0139,XAUUSD,0.54,745,,29,1.9,47.73
2026-08-22T11:12:20.608524+00:00,oanda,PAPER,ULTRA_SCALPING,ORD-1-0140,XAUUSD,0.55,750,,30,0.0,52.23
2026-08-22T11:12:20.608527+00:00,oanda,PAPER,ULTRA_SCALPING,ORD-1-0141,XAUUSD,0.56,755,,31,0.1,51.73
2026-08-22T11:12:20.608530+00:00,oanda,PAPER,ULTRA_SCALPING,ORD-1-0142,XAUUSD,0.57,760,,32,0.2,51.23
2026-08-22T11:12:20.608542+00:00,oanda,PAPER,ULTRA_SCALPING,ORD-1-0143,XAUUSD,0.58,765,,33,0.3,50.73
2026-08-22T11:12:20.608545+00:00,oanda,PAPER,ULTRA_SCALPING,ORD-1-0144,XAUUSD,0.59,770,,34,0.4,50.23
2026-08-22T11:12:20.608548+00:00,oanda,PAPER,ULTRA_SCALPING,ORD-1-0145,XAUUSD,0.6,775,,35,0.5,49.73
2026-08-22T11:12:20.608550+00:00,oanda,PAPER,ULTRA_SCALPING,ORD-1-0146,XAUUSD,0.61,780,,36,0.6,49.23
2026-08-22T11:12:20.608553+00:00,oanda,PAPER,ULTRA_SCALPING,ORD-1-0147,XAUUSD,0.62,785,,37,0.7,48.73
2026-08-22T11:12:20.608556+00:00,oanda,PAPER,ULTRA_SCALPING,ORD-1-0148,XAUUSD,0.63,790,,38,0.8,48.23
2026-08-22T11:12:20.608559+00:00,oanda,PAPER,ULTRA_SCALPING,ORD-1-0149,XAUUSD,0.64,795,,39,0.9,47.73
2026-08-22T11:12:20.608561+00:00,oanda,PAPER,ULTRA_SCALPING,ORD-1-0150,XAUUSD,0.15,800,,10,1.0,52.23
2026-08-22T11:12:20.608564+00:00,oanda,PAPER,ULTRA_SCALPING,ORD-1-0151,XAUUSD,0.16,805,,11,1.1,51.73
2026-08-22T11:12:20.608567+00:00,oanda,PAPER,ULTRA_SCALPING,ORD-1-0152,XAUUSD,0.17,810,,12,1.2,51.23
2026-08-22T11:12:20.608571+00:00,oanda,PAPER,ULTRA_SCALPING,ORD-1-0153,XAUUSD,0.18,815,,13,1.3,50.73
2026-08-22T11:12:20.608573+00:00,oanda,PAPER,ULTRA_SCALPING,ORD-1-0154,XAUUSD,0.19,820,,14,1.4,50.23
2026-08-22T11:12:20.608576+00:00,oanda,PAPER,ULTRA_SCALPING,ORD-1-0155,XAUUSD,0.2,825,,15,1.5,49.73
2026-08-22T11:12:20.608579+00:00,oanda,PAPER,ULTRA_SCALPING,ORD-1-0156,XAUUSD,0.21,830,,16,1.6,49.23
2026-08-22T11:12:20.608581+00:00,oanda,PAPER,ULTRA_SCALPING,ORD-1-0157,XAUUSD,0.22,835,,17,1.7,48.73
2026-08-22T11:12:20.608584+00:00,oanda,PAPER,ULTRA_SCALPING,ORD-1-0158,XAUUSD,0.23,840,,18,1.8,48.23
2026-08-22T11:12:20.608587+00:00,oanda,PAPER,ULTRA_SCALPING,ORD-1-0159,XAUUSD,0.24,845,,19,1.9,47.73
2026-08-22T11:12:20.608590+00:00,oanda,PAPER,ULTRA_SCALPING,ORD-1-0160,XAUUSD,0.25,850,,20,0.0,52.23
2026-08-22T11:12:20.608592+00:00,oanda,PAPER,ULTRA_SCALPING,ORD-1-0161,XAUUSD,0.26,855,,21,0.1,51.73
2026-08-22T11:12:20.608595+00:00,oanda,PAPER,ULTRA_SCALPING,ORD-1-0162,XAUUSD,0.27,860,,22,0.2,51.23
2026-08-22T11:12:20.608599+00:00,oanda,PAPER,ULTRA_SCALPING,ORD-1-0163,XAUUSD,0.28,865,,23,0.3,50.73
2026-08-22T11:12:20.608602+00:00,oanda,PAPER,ULTRA_SCALPING,ORD-1-0164,XAUUSD,0.29,870,,24,0.4,50.23
2026-08-22T11:12:20.608604+00:00,oanda,PAPER,ULTRA_SCALPING,ORD-1-0165,XAUUSD,0.3,875,,25,0.5,49.73
2026-08-22T11:12:20.608607+00:00,oanda,PAPER,ULTRA_SCALPING,ORD-1-0166,XAUUSD,0.31,880,,26,0.6,49.23
2026-08-22T11:12:20.608610+00:00,oanda,PAPER,ULTRA_SCALPING,ORD-1-0167,XAUUSD,0.32,885,,27,0.7,48.73
2026-08-22T11:12:20.608612+00:00,oanda,PAPER,ULTRA_SCALPING,ORD-1-0168,XAUUSD,0.33,890,,28,0.8,48.23
2026-08-22T11:12:20.608615+00:00,oanda,PAPER,ULTRA_SCALPING,ORD-1-0169,XAUUSD,0.34,895,,29,0.9,47.73
2026-08-22T11:12:20.608618+00:00,oanda,PAPER,ULTRA_SCALPING,ORD-1-0170,XAUUSD,0.35,900,,30,1.0,52.23
2026-08-22T11:12:20.608622+00:00,oanda,PAPER,ULTRA_SCALPING,ORD-1-0171,XAUUSD,0.36,905,,31,1.1,51.73
2026-08-22T11:12:20.608626+00:00,oanda,PAPER,ULTRA_SCALPING,ORD-1-0172,XAUUSD,0.37,910,,32,1.2,51.23
2026-08-22T11:12:20.608630+00:00,oanda,PAPER,ULTRA_SCALPING,ORD-1-0173,XAUUSD,0.38,915,,33,1.3,50.73
2026-08-22T11:12:20.608632+00:00,oanda,PAPER,ULTRA_SCALPING,ORD-1-0174,XAUUSD,0.39,920,,34,1.4,50.23
2026-08-22T11:12:20.608635+00:00,oanda,PAPER,ULTRA_SCALPING,ORD-1-0175,XAUUSD,0.4,925,,35,1.5,49.73
2026-08-22T11:12:20.608638+00:00,oanda,PAPER,ULTRA_SCALPING,ORD-1-0176,XAUUSD,0.41,930,,36,1.6,49.23
2026-08-22T11:12:20.608640+00:00,oanda,PAPER,ULTRA_SCALPING,ORD-1-0177,XAUUSD,0.42,935,,37,1.7,48.73
2026-08-22T11:12:20.608643+00:00,oanda,PAPER,ULTRA_SCALPING,ORD-1-0178,XAUUSD,0.43,940,,38,1.8,48.23
2026-08-22T11:12:20.608646+00:00,oanda,PAPER,ULTRA_SCALPING,ORD-1-0179,XAUUSD,0.44,945,,39,1.9,47.73
2026-08-22T11:12:20.608648+00:00,oanda,PAPER,ULTRA_SCALPING,ORD-1-0180,XAUUSD,0.45,950,,10,0.0,52.23
2026-08-22T11:12:20.608653+00:00,oanda,PAPER,ULTRA_SCALPING,ORD-1-0181,XAUUSD,0.46,955,,11,0.1,51.73
2026-08-22T11:12:20.608656+00:00,oanda,PAPER,ULTRA_SCALPING,ORD-1-0182,XAUUSD,0.47,960,,12,0.2,51.23
2026-08-22T11:12:20.608660+00:00,oanda,PAPER,ULTRA_SCALPING,ORD-1-0183,XAUUSD,0.48,965,,13,0.3,50.73
2026-08-22T11:12:20.608662+00:00,oanda,PAPER,ULTRA_SCALPING,ORD-1-0184,XAUUSD,0.49,970,,14,0.4,50.23
2026-08-22T11:12:20.608665+00:00,oanda,PAPER,ULTRA_SCALPING,ORD-1-0185,XAUUSD,0.5,975,,15,0.5,49.73
2026-08-22T11:12:20.608668+00:00,oanda,PAPER,ULTRA_SCALPING,ORD-1-0186,XAUUSD,0.51,980,,16,0.6,49.23
2026-08-22T11:12:20.608671+00:00,oanda,PAPER,ULTRA_SCALPING,ORD-1-0187,XAUUSD,0.52,985,,17,0.7,48.73
2026-08-22T11:12:20.608673+00:00,oanda,PAPER,ULTRA_SCALPING,ORD-1-0188,XAUUSD,0.53,990,,18,0.8,48.23
2026-08-22T11:12:20.608676+00:00,oanda,PAPER,ULTRA_SCALPING,ORD-1-0189,XAUUSD,0.54,995,,19,0.9,47.73
2026-08-22T11:12:20.608679+00:00,oanda,PAPER,ULTRA_SCALPING,ORD-1-0190,XAUUSD,0.55,1000,,20,1.0,52.23
2026-08-22T11:12:20.608681+00:00,oanda,PAPER,ULTRA_SCALPING,ORD-1-0191,XAUUSD,0.56,1005,,21,1.1,51.73
2026-08-22T11:12:20.608684+00:00,oanda,PAPER,ULTRA_SCALPING,ORD-1-0192,XAUUSD,0.57,1010,,22,1.2,51.23
2026-08-22T11:12:20.608688+00:00,oanda,PAPER,ULTRA_SCALPING,ORD-1-0193,XAUUSD,0.58,1015,,23,1.3,50.73
2026-08-22T11:12:20.608691+00:00,oanda,PAPER,ULTRA_SCALPING,ORD-1-0194,XAUUSD,0.59,1020,INSUFFICIENT_MARGIN,24,1.4,50.23
2026-08-22T11:12:20.608693+00:00,oanda,PAPER,ULTRA_SCALPING,ORD-1-0195,XAUUSD,0.6,1025,,25,1.5,49.73
2026-08-22T11:12:20.608696+00:00,oanda,PAPER,ULTRA_SCALPING,ORD-1-0196,XAUUSD,0.61,1030,,26,1.6,49.23
2026-08-22T11:12:20.608699+00:00,oanda,PAPER,ULTRA_SCALPING,ORD-1-0197,XAUUSD,0.62,1035,,27,1.7,48.73
2026-08-22T11:12:20.608701+00:00,oanda,PAPER,ULTRA_SCALPING,ORD-1-0198,XAUUSD,0.63,1040,,28,1.8,48.23
2026-08-22T11:12:20.608704+00:00,oanda,PAPER,ULTRA_SCALPING,ORD-1-0199,XAUUSD,0.64,1045,,29,1.9,47.73
2026-08-22T11:12:20.608707+00:00,oanda,PAPER,ULTRA_SCALPING,ORD-1-0200,XAUUSD,0.15,50,,30,0.0,52.23
2026-08-22T11:12:20.608710+00:00,oanda,PAPER,ULTRA_SCALPING,ORD-1-0201,XAUUSD,0.16,55,,31,0.1,51.73
2026-08-22T11:12:20.608712+00:00,oanda,PAPER,ULTRA_SCALPING,ORD-1-0202,XAUUSD,0.17,60,,32,0.2,51.23
2026-08-22T11:12:20.608717+00:00,oanda,PAPER,ULTRA_SCALPING,ORD-1-0203,XAUUSD,0.18,65,,33,0.3,50.73
2026-08-22T11:12:20.608720+00:00,oanda,PAPER,ULTRA_SCALPING,ORD-1-0204,XAUUSD,0.19,70,,34,0.4,50.23
2026-08-22T11:12:20.608724+00:00,oanda,PAPER,ULTRA_SCALPING,ORD-1-0205,XAUUSD,0.2,75,,35,0.5,49.73
2026-08-22T11:12:20.608727+00:00,oanda,PAPER,ULTRA_SCALPING,ORD-1-0206,XAUUSD,0.21,80,,36,0.6,49.23
2026-08-22T11:12:20.608730+00:00,oanda,PAPER,ULTRA_SCALPING,ORD-1-0207,XAUUSD,0.22,85,,37,0.7,48.73
2026-08-22T11:12:20.608732+00:00,oanda,PAPER,ULTRA_SCALPING,ORD-1-0208,XAUUSD,0.23,90,,38,0.8,48.23
2026-08-22T11:12:20.608735+00:00,oanda,PAPER,ULTRA_SCALPING,ORD-1-0209,XAUUSD,0.24,95,,39,0.9,47.73
2026-08-22T11:12:20.608738+00:00,oanda,PAPER,ULTRA_SCALPING,ORD-1-0210,XAUUSD,0.25,100,,10,1.0,52.23
2026-08-22T11:12:20.608740+00:00,oanda,PAPER,ULTRA_SCALPING,ORD-1-0211,XAUUSD,0.26,105,,11,1.1,51.73
2026-08-22T11:12:20.608743+00:00,oanda,PAPER,ULTRA_SCALPING,ORD-1-0212,XAUUSD,0.27,110,,12,1.2,51.23
2026-08-22T11:12:20.608747+00:00,oanda,PAPER,ULTRA_SCALPING,ORD-1-0213,XAUUSD,0.28,115,,13,1.3,50.73
2026-08-22T11:12:20.608750+00:00,oanda,PAPER,ULTRA_SCALPING,ORD-1-0214,XAUUSD,0.29,120,,14,1.4,50.23
2026-08-22T11:12:20.608752+00:00,oanda,PAPER,ULTRA_SCALPING,ORD-1-0215,XAUUSD,0.3,125,,15,1.5,49.73
2026-08-22T11:12:20.608755+00:00,oanda,PAPER,ULTRA_SCALPING,ORD-1-0216,XAUUSD,0.31,130,,16,1.6,49.23
2026-08-22T11:12:20.608758+00:00,oanda,PAPER,ULTRA_SCALPING,ORD-1-0217,XAUUSD,0.32,135,,17,1.7,48.73
2026-08-22T11:12:20.608761+00:00,oanda,PAPER,ULTRA_SCALPING,ORD-1-0218,XAUUSD,0.33,140,,18,1.8,48.23
2026-08-22T11:12:20.608763+00:00,oanda,PAPER,ULTRA_SCALPING,ORD-1-0219,XAUUSD,0.34,145,,19,1.9,47.73
2026-08-22T11:12:20.608766+00:00,oanda,PAPER,ULTRA_SCALPING,ORD-1-0220,XAUUSD,0.35,150,,20,0.0,52.23
2026-08-22T11:12:20.608769+00:00,oanda,PAPER,ULTRA_SCALPING,ORD-1-0221,XAUUSD,0.36,155,,21,0.1,51.73
2026-08-22T11:12:20.608771+00:00,oanda,PAPER,ULTRA_SCALPING,ORD-1-0222,XAUUSD,0.37,160,,22,0.2,51.23
2026-08-22T11:12:20.608775+00:00,oanda,PAPER,ULTRA_SCALPING,ORD-1-0223,XAUUSD,0.38,165,,23,0.3,50.73
2026-08-22T11:12:20.608778+00:00,oanda,PAPER,ULTRA_SCALPING,ORD-1-0224,XAUUSD,0.39,170,,24,0.4,50.23
2026-08-22T11:12:20.608780+00:00,oanda,PAPER,ULTRA_SCALPING,ORD-1-0225,XAUUSD,0.4,175,,25,0.5,49.73
2026-08-22T11:12:20.608783+00:00,oanda,PAPER,ULTRA_SCALPING,ORD-1-0226,XAUUSD,0.41,180,,26,0.6,49.23
2026-08-22T11:12:20.608786+00:00,oanda,PAPER,ULTRA_SCALPING,ORD-1-0227,XAUUSD,0.42,185,,27,0.7,48.73
2026-08-22T11:12:20.608788+00:00,oanda,PAPER,ULTRA_SCALPING,ORD-1-0228,XAUUSD,0.43,190,,28,0.8,48.23
2026-08-22T11:12:20.608791+00:00,oanda,PAPER,ULTRA_SCALPING,ORD-1-0229,XAUUSD,0.44,195,,29,0.9,47.73
2026-08-22T11:12:20.608794+00:00,oanda,PAPER,ULTRA_SCALPING,ORD-1-0230,XAUUSD,0.45,200,,30,1.0,52.23
2026-08-22T11:12:20.608797+00:00,oanda,PAPER,ULTRA_SCALPING,ORD-1-0231,XAUUSD,0.46,205,,31,1.1,51.73
2026-08-22T11:12:20.608801+00:00,oanda,PAPER,ULTRA_SCALPING,ORD-1-0232,XAUUSD,0.47,210,,32,1.2,51.23
2026-08-22T11:12:20.608805+00:00,oanda,PAPER,ULTRA_SCALPING,ORD-1-0233,XAUUSD,0.48,215,,33,1.3,50.73
2026-08-22T11:12:20.608808+00:00,oanda,PAPER,ULTRA_SCALPING,ORD-1-0234,XAUUSD,0.49,220,,34,1.4,50.23
2026-08-22T11:12:20.608812+00:00,oanda,PAPER,ULTRA_SCALPING,ORD-1-0235,XAUUSD,0.5,225,,35,1.5,49.73
2026-08-22T11:12:20.608815+00:00,oanda,PAPER,ULTRA_SCALPING,ORD-1-0236,XAUUSD,0.51,230,,36,1.6,49.23
2026-08-22T11:12:20.608817+00:00,oanda,PAPER,ULTRA_SCALPING,ORD-1-0237,XAUUSD,0.52,235,,37,1.7,48.73
2026-08-22T11:12:20.608820+00:00,oanda,PAPER,ULTRA_SCALPING,ORD-1-0238,XAUUSD,0.53,240,,38,1.8,48.23
2026-08-22T11:12:20.608823+00:00,oanda,PAPER,ULTRA_SCALPING,ORD-1-0239,XAUUSD,0.54,245,,39,1.9,47.73
2026-08-22T11:12:20.608825+00:00,oanda,PAPER,ULTRA_SCALPING,ORD-1-0240,XAUUSD,0.55,250,,10,0.0,52.23
2026-08-22T11:12:20.608828+00:00,oanda,PAPER,ULTRA_SCALPING,ORD-1-0241,XAUUSD,0.56,255,,11,0.1,51.73
2026-08-22T11:12:20.608831+00:00,oanda,PAPER,ULTRA_SCALPING,ORD-1-0242,XAUUSD,0.57,260,,12,0.2,51.23
2026-08-22T11:12:20.608835+00:00,oanda,PAPER,ULTRA_SCALPING,ORD-1-0243,XAUUSD,0.58,265,,13,0.3,50.73
2026-08-22T11:12:20.608838+00:00,oanda,PAPER,ULTRA_SCALPING,ORD-1-0244,XAUUSD,0.59,270,,14,0.4,50.23
2026-08-22T11:12:20.608840+00:00,oanda,PAPER,ULTRA_SCALPING,ORD-1-0245,XAUUSD,0.6,275,,15,0.5,49.73
2026-08-22T11:12:20.608845+00:00,oanda,PAPER,ULTRA_SCALPING,ORD-1-0246,XAUUSD,0.61,280,,16,0.6,49.23
2026-08-22T11:12:20.608847+00:00,oanda,PAPER,ULTRA_SCALPING,ORD-1-0247,XAUUSD,0.62,285,,17,0.7,48.73
2026-08-22T11:12:20.608850+00:00,oanda,PAPER,ULTRA_SCALPING,ORD-1-0248,XAUUSD,0.63,290,,18,0.8,48.23
2026-08-22T11:12:20.608853+00:00,oanda,PAPER,ULTRA_SCALPING,ORD-1-0249,XAUUSD,0.64,295,,19,0.9,47.73
2026-08-22T11:12:20.608855+00:00,oanda,PAPER,ULTRA_SCALPING,ORD-1-0250,XAUUSD,0.15,300,,20,1.0,52.23
2026-08-22T11:12:20.608858+00:00,oanda,PAPER,ULTRA_SCALPING,ORD-1-0251,XAUUSD,0.16,305,,21,1.1,51.73
2026-08-22T11:12:20.608861+00:00,oanda,PAPER,ULTRA_SCALPING,ORD-1-0252,XAUUSD,0.17,310,,22,1.2,51.23
2026-08-22T11:12:20.608865+00:00,oanda,PAPER,ULTRA_SCALPING,ORD-1-0253,XAUUSD,0.18,315,,23,1.3,50.73
2026-08-22T11:12:20.608868+00:00,oanda,PAPER,ULTRA_SCALPING,ORD-1-0254,XAUUSD,0.19,320,,24,1.4,50.23
2026-08-22T11:12:20.608870+00:00,oanda,PAPER,ULTRA_SCALPING,ORD-1-0255,XAUUSD,0.2,325,,25,1.5,49.73
2026-08-22T11:12:20.608873+00:00,oanda,PAPER,ULTRA_SCALPING,ORD-1-0256,XAUUSD,0.21,330,,26,1.6,49.23
2026-08-22T11:12:20.608876+00:00,oanda,PAPER,ULTRA_SCALPING,ORD-1-0257,XAUUSD,0.22,335,,27,1.7,48.73
2026-08-22T11:12:20.608879+00:00,oanda,PAPER,ULTRA_SCALPING,ORD-1-0258,XAUUSD,0.23,340,,28,1.8,48.23
2026-08-22T11:12:20.608882+00:00,oanda,PAPER,ULTRA_SCALPING,ORD-1-0259,XAUUSD,0.24,345,,29,1.9,47.73
2026-08-22T11:12:20.608884+00:00,oanda,PAPER,ULTRA_SCALPING,ORD-1-0260,XAUUSD,0.25,350,,30,0.0,52.23
2026-08-22T11:12:20.608887+00:00,oanda,PAPER,ULTRA_SCALPING,ORD-1-0261,XAUUSD,0.26,355,,31,0.1,51.73
2026-08-22T11:12:20.608890+00:00,oanda,PAPER,ULTRA_SCALPING,ORD-1-0262,XAUUSD,0.27,360,,32,0.2,51.23
2026-08-22T11:12:20.608894+00:00,oanda,PAPER,ULTRA_SCALPING,ORD-1-0263,XAUUSD,0.28,365,,33,0.3,50.73
2026-08-22T11:12:20.608897+00:00,oanda,PAPER,ULTRA_SCALPING,ORD-1-0264,XAUUSD,0.29,370,,34,0.4,50.23
2026-08-22T11:12:20.608899+00:00,oanda,PAPER,ULTRA_SCALPING,ORD-1-0265,XAUUSD,0.3,375,,35,0.5,49.73
2026-08-22T11:12:20.608902+00:00,oanda,PAPER,ULTRA_SCALPING,ORD-1-0266,XAUUSD,0.31,380,,36,0.6,49.23
2026-08-22T11:12:20.608907+00:00,oanda,PAPER,ULTRA_SCALPING,ORD-1-0267,XAUUSD,0.32,385,,37,0.7,48.73
2026-08-22T11:12:20.608909+00:00,oanda,PAPER,ULTRA_SCALPING,ORD-1-0268,XAUUSD,0.33,390,,38,0.8,48.23
2026-08-22T11:12:20.608912+00:00,oanda,PAPER,ULTRA_SCALPING,ORD-1-0269,XAUUSD,0.34,395,,39,0.9,47.73
2026-08-22T11:12:20.608915+00:00,oanda,PAPER,ULTRA_SCALPING,ORD-1-0270,XAUUSD,0.35,400,,10,1.0,52.23
2026-08-22T11:12:20.608918+00:00,oanda,PAPER,ULTRA_SCALPING,ORD-1-0271,XAUUSD,0.36,405,,11,1.1,51.73
2026-08-22T11:12:20.608920+00:00,oanda,PAPER,ULTRA_SCALPING,ORD-1-0272,XAUUSD,0.37,410,,12,1.2,51.23
2026-08-22T11:12:20.608924+00:00,oanda,PAPER,ULTRA_SCALPING,ORD-1-0273,XAUUSD,0.38,415,,13,1.3,50.73
2026-08-22T11:12:20.608927+00:00,oanda,PAPER,ULTRA_SCALPING,ORD-1-0274,XAUUSD,0.39,420,,14,1.4,50.23
2026-08-22T11:12:20.608930+00:00,oanda,PAPER,ULTRA_SCALPING,ORD-1-0275,XAUUSD,0.4,425,,15,1.5,49.73
2026-08-22T11:12:20.608933+00:00,oanda,PAPER,ULTRA_SCALPING,ORD-1-0276,XAUUSD,0.41,430,,16,1.6,49.23
2026-08-22T11:12:20.608935+00:00,oanda,PAPER,ULTRA_SCALPING,ORD-1-0277,XAUUSD,0.42,435,,17,1.7,48.73
2026-08-22T11:12:20.608951+00:00,oanda,PAPER,ULTRA_SCALPING,ORD-1-0278,XAUUSD,0.43,440,,18,1.8,48.23
2026-08-22T11:12:20.608954+00:00,oanda,PAPER,ULTRA_SCALPING,ORD-1-0279,XAUUSD,0.44,445,,19,1.9,47.73
2026-08-22T11:12:20.608956+00:00,oanda,PAPER,ULTRA_SCALPING,ORD-1-0280,XAUUSD,0.45,450,,20,0.0,52.23
2026-08-22T11:12:20.608959+00:00,oanda,PAPER,ULTRA_SCALPING,ORD-1-0281,XAUUSD,0.46,455,,21,0.1,51.73
2026-08-22T11:12:20.608962+00:00,oanda,PAPER,ULTRA_SCALPING,ORD-1-0282,XAUUSD,0.47,460,,22,0.2,51.23
2026-08-22T11:12:20.608966+00:00,oanda,PAPER,ULTRA_SCALPING,ORD-1-0283,XAUUSD,0.48,465,,23,0.3,50.73
2026-08-22T11:12:20.608970+00:00,oanda,PAPER,ULTRA_SCALPING,ORD-1-0284,XAUUSD,0.49,470,,24,0.4,50.23
2026-08-22T11:12:20.608973+00:00,oanda,PAPER,ULTRA_SCALPING,ORD-1-0285,XAUUSD,0.5,475,,25,0.5,49.73
2026-08-22T11:12:20.608976+00:00,oanda,PAPER,ULTRA_SCALPING,ORD-1-0286,XAUUSD,0.51,480,,26,0.6,49.23
2026-08-22T11:12:20.608979+00:00,oanda,PAPER,ULTRA_SCALPING,ORD-1-0287,XAUUSD,0.52,485,,27,0.7,48.73
2026-08-22T11:12:20.608981+00:00,oanda,PAPER,ULTRA_SCALPING,ORD-1-0288,XAUUSD,0.53,490,,28,0.8,48.23
2026-08-22T11:12:20.608984+00:00,oanda,PAPER,ULTRA_SCALPING,ORD-1-0289,XAUUSD,0.54,495,,29,0.9,47.73
2026-08-22T11:12:20.608987+00:00,oanda,PAPER,ULTRA_SCALPING,ORD-1-0290,XAUUSD,0.55,500,,30,1.0,52.23
2026-08-22T11:12:20.608990+00:00,oanda,PAPER,ULTRA_SCALPING,ORD-1-0291,XAUUSD,0.56,505,INSUFFICIENT_MARGIN,31,1.1,51.73
2026-08-22T11:12:20.608993+00:00,oanda,PAPER,ULTRA_SCALPING,ORD-1-0292,XAUUSD,0.57,510,,32,1.2,51.23
2026-08-22T11:12:20.608996+00:00,oanda,PAPER,ULTRA_SCALPING,ORD-1-0293,XAUUSD,0.58,515,,33,1.3,50.73
2026-08-22T11:12:20.608999+00:00,oanda,PAPER,ULTRA_SCALPING,ORD-1-0294,XAUUSD,0.59,520,,34,1.4,50.23
2026-08-22T11:12:20.609002+00:00,oanda,PAPER,ULTRA_SCALPING,ORD-1-0295,XAUUSD,0.6,525,,35,1.5,49.73
2026-08-22T11:12:20.609005+00:00,oanda,PAPER,ULTRA_SCALPING,ORD-1-0296,XAUUSD,0.61,530,,36,1.6,49.23
2026-08-22T11:12:20.609007+00:00,oanda,PAPER,ULTRA_SCALPING,ORD-1-0297,XAUUSD,0.62,535,,37,1.7,48.73
2026-08-22T11:12:20.609010+00:00,oanda,PAPER,ULTRA_SCALPING,ORD-1-0298,XAUUSD,0.63,540,,38,1.8,48.23
2026-08-22T11:12:20.609014+00:00,oanda,PAPER,ULTRA_SCALPING,ORD-1-0299,XAUUSD,0.64,545,,39,1.9,47.73
2026-08-22T11:12:20.609017+00:00,oanda,PAPER,ULTRA_SCALPING,ORD-1-0300,XAUUSD,0.15,550,,10,0.0,52.23
2026-08-22T11:12:20.609020+00:00,oanda,PAPER,ULTRA_SCALPING,ORD-1-0301,XAUUSD,0.16,555,,11,0.1,51.73
2026-08-22T11:12:20.609022+00:00,oanda,PAPER,ULTRA_SCALPING,ORD-1-0302,XAUUSD,0.17,560,,12,0.2,51.23
2026-08-22T11:12:20.609027+00:00,oanda,PAPER,ULTRA_SCALPING,ORD-1-0303,XAUUSD,0.18,565,,13,0.3,50.73
2026-08-22T11:12:20.609029+00:00,oanda,PAPER,ULTRA_SCALPING,ORD-1-0304,XAUUSD,0.19,570,,14,0.4,50.23
2026-08-22T11:12:20.609032+00:00,oanda,PAPER,ULTRA_SCALPING,ORD-1-0305,XAUUSD,0.2,575,,15,0.5,49.73
2026-08-22T11:12:20.609035+00:00,oanda,PAPER,ULTRA_SCALPING,ORD-1-0306,XAUUSD,0.21,580,,16,0.6,49.23
2026-08-22T11:12:20.609037+00:00,oanda,PAPER,ULTRA_SCALPING,ORD-1-0307,XAUUSD,0.22,585,,17,0.7,48.73
2026-08-22T11:12:20.609040+00:00,oanda,PAPER,ULTRA_SCALPING,ORD-1-0308,XAUUSD,0.23,590,,18,0.8,48.23
2026-08-22T11:12:20.609044+00:00,oanda,PAPER,ULTRA_SCALPING,ORD-1-0309,XAUUSD,0.24,595,,19,0.9,47.73
2026-08-22T11:12:20.609071+00:00,oanda,PAPER,ULTRA_SCALPING,ORD-1-0310,XAUUSD,0.25,600,,20,1.0,52.23
2026-08-22T11:12:20.609074+00:00,oanda,PAPER,ULTRA_SCALPING,ORD-1-0311,XAUUSD,0.26,605,,21,1.1,51.73
2026-08-22T11:12:20.609077+00:00,oanda,PAPER,ULTRA_SCALPING,ORD-1-0312,XAUUSD,0.27,610,,22,1.2,51.23
2026-08-22T11:12:20.609081+00:00,oanda,PAPER,ULTRA_SCALPING,ORD-1-0313,XAUUSD,0.28,615,,23,1.3,50.73
2026-08-22T11:12:20.609084+00:00,oanda,PAPER,ULTRA_SCALPING,ORD-1-0314,XAUUSD,0.29,620,,24,1.4,50.23
2026-08-22T11:12:20.609087+00:00,oanda,PAPER,ULTRA_SCALPING,ORD-1-0315,XAUUSD,0.3,625,,25,1.5,49.73
2026-08-22T11:12:20.609089+00:00,oanda,PAPER,ULTRA_SCALPING,ORD-1-0316,XAUUSD,0.31,630,,26,1.6,49.23
2026-08-22T11:12:20.609092+00:00,oanda,PAPER,ULTRA_SCALPING,ORD-1-0317,XAUUSD,0.32,635,,27,1.7,48.73
2026-08-22T11:12:20.609095+00:00,oanda,PAPER,ULTRA_SCALPING,ORD-1-0318,XAUUSD,0.33,640,,28,1.8,48.23
2026-08-22T11:12:20.609098+00:00,oanda,PAPER,ULTRA_SCALPING,ORD-1-0319,XAUUSD,0.34,645,,29,1.9,47.73
2026-08-22T11:12:20.609100+00:00,oanda,PAPER,ULTRA_SCALPING,ORD-1-0320,XAUUSD,0.35,650,,30,0.0,52.23
2026-08-22T11:12:20.609103+00:00,oanda,PAPER,ULTRA_SCALPING,ORD-1-0321,XAUUSD,0.36,655,,31,0.1,51.73
2026-08-22T11:12:20.609110+00:00,oanda,PAPER,ULTRA_SCALPING,ORD-1-0322,XAUUSD,0.37,660,,32,0.2,51.23
2026-08-22T11:12:20.609114+00:00,oanda,PAPER,ULTRA_SCALPING,ORD-1-0323,XAUUSD,0.38,665,,33,0.3,50.73
2026-08-22T11:12:20.609117+00:00,oanda,PAPER,ULTRA_SCALPING,ORD-1-0324,XAUUSD,0.39,670,,34,0.4,50.23
2026-08-22T11:12:20.609120+00:00,oanda,PAPER,ULTRA_SCALPING,ORD-1-0325,XAUUSD,0.4,675,,35,0.5,49.73
2026-08-22T11:12:20.609123+00:00,oanda,PAPER,ULTRA_SCALPING,ORD-1-0326,XAUUSD,0.41,680,,36,0.6,49.23
2026-08-22T11:12:20.609125+00:00,oanda,PAPER,ULTRA_SCALPING,ORD-1-0327,XAUUSD,0.42,685,,37,0.7,48.73
2026-08-22T11:12:20.609128+00:00,oanda,PAPER,ULTRA_SCALPING,ORD-1-0328,XAUUSD,0.43,690,,38,0.8,48.23
2026-08-22T11:12:20.609131+00:00,oanda,PAPER,ULTRA_SCALPING,ORD-1-0329,XAUUSD,0.44,695,,39,0.9,47.73
2026-08-22T11:12:20.609133+00:00,oanda,PAPER,ULTRA_SCALPING,ORD-1-0330,XAUUSD,0.45,700,,10,1.0,52.23
2026-08-22T11:12:20.609137+00:00,oanda,PAPER,ULTRA_SCALPING,ORD-1-0331,XAUUSD,0.46,705,,11,1.1,51.73
2026-08-22T11:12:20.609140+00:00,oanda,PAPER,ULTRA_SCALPING,ORD-1-0332,XAUUSD,0.47,710,,12,1.2,51.23
2026-08-22T11:12:20.609144+00:00,oanda,PAPER,ULTRA_SCALPING,ORD-1-0333,XAUUSD,0.48,715,,13,1.3,50.73
2026-08-22T11:12:20.609148+00:00,oanda,PAPER,ULTRA_SCALPING,ORD-1-0334,XAUUSD,0.49,720,,14,1.4,50.23
2026-08-22T11:12:20.609150+00:00,oanda,PAPER,ULTRA_SCALPING,ORD-1-0335,XAUUSD,0.5,725,,15,1.5,49.73
2026-08-22T11:12:20.609153+00:00,oanda,PAPER,ULTRA_SCALPING,ORD-1-0336,XAUUSD,0.51,730,,16,1.6,49.23
2026-08-22T11:12:20.609156+00:00,oanda,PAPER,ULTRA_SCALPING,ORD-1-0337,XAUUSD,0.52,735,,17,1.7,48.73
2026-08-22T11:12:20.609159+00:00,oanda,PAPER,ULTRA_SCALPING,ORD-1-0338,XAUUSD,0.53,740,,18,1.8,48.23
2026-08-22T11:12:20.609161+00:00,oanda,PAPER,ULTRA_SCALPING,ORD-1-0339,XAUUSD,0.54,745,,19,1.9,47.73
2026-08-22T11:12:20.609164+00:00,oanda,PAPER,ULTRA_SCALPING,ORD-1-0340,XAUUSD,0.55,750,,20,0.0,52.23
2026-08-22T11:12:20.609168+00:00,oanda,PAPER,ULTRA_SCALPING,ORD-1-0341,XAUUSD,0.56,755,,21,0.1,51.73
2026-08-22T11:12:20.609170+00:00,oanda,PAPER,ULTRA_SCALPING,ORD-1-0342,XAUUSD,0.57,760,,22,0.2,51.23
2026-08-22T11:12:20.609175+00:00,oanda,PAPER,ULTRA_SCALPING,ORD-1-0343,XAUUSD,0.58,765,,23,0.3,50.73
2026-08-22T11:12:20.609178+00:00,oanda,PAPER,ULTRA_SCALPING,ORD-1-0344,XAUUSD,0.59,770,,24,0.4,50.23
2026-08-22T11:12:20.609181+00:00,oanda,PAPER,ULTRA_SCALPING,ORD-1-0345,XAUUSD,0.6,775,,25,0.5,49.73
2026-08-22T11:12:20.609183+00:00,oanda,PAPER,ULTRA_SCALPING,ORD-1-0346,XAUUSD,0.61,780,,26,0.6,49.23
2026-08-22T11:12:20.609186+00:00,oanda,PAPER,ULTRA_SCALPING,ORD-1-0347,XAUUSD,0.62,785,,27,0.7,48.73
2026-08-22T11:12:20.609189+00:00,oanda,PAPER,ULTRA_SCALPING,ORD-1-0348,XAUUSD,0.63,790,,28,0.8,48.23
2026-08-22T11:12:20.609192+00:00,oanda,PAPER,ULTRA_SCALPING,ORD-1-0349,XAUUSD,0.64,795,,29,0.9,47.73
2026-08-22T11:12:20.609194+00:00,oanda,PAPER,ULTRA_SCALPING,ORD-1-0350,XAUUSD,0.15,800,,30,1.0,52.23
2026-08-22T11:12:20.609197+00:00,oanda,PAPER,ULTRA_SCALPING,ORD-1-0351,XAUUSD,0.16,805,,31,1.1,51.73
2026-08-22T11:12:20.609200+00:00,oanda,PAPER,ULTRA_SCALPING,ORD-1-0352,XAUUSD,0.17,810,,32,1.2,51.23
2026-08-22T11:12:20.609204+00:00,oanda,PAPER,ULTRA_SCALPING,ORD-1-0353,XAUUSD,0.18,815,,33,1.3,50.73
2026-08-22T11:12:20.609206+00:00,oanda,PAPER,ULTRA_SCALPING,ORD-1-0354,XAUUSD,0.19,820,,34,1.4,50.23
2026-08-22T11:12:20.609209+00:00,oanda,PAPER,ULTRA_SCALPING,ORD-1-0355,XAUUSD,0.2,825,,35,1.5,49.73
2026-08-22T11:12:20.609212+00:00,oanda,PAPER,ULTRA_SCALPING,ORD-1-0356,XAUUSD,0.21,830,,36,1.6,49.23
2026-08-22T11:12:20.609214+00:00,oanda,PAPER,ULTRA_SCALPING,ORD-1-0357,XAUUSD,0.22,835,,37,1.7,48.73
2026-08-22T11:12:20.609217+00:00,oanda,PAPER,ULTRA_SCALPING,ORD-1-0358,XAUUSD,0.23,840,,38,1.8,48.23
2026-08-22T11:12:20.609220+00:00,oanda,PAPER,ULTRA_SCALPING,ORD-1-0359,XAUUSD,0.24,845,,39,1.9,47.73
2026-08-22T11:12:20.609223+00:00,oanda,PAPER,ULTRA_SCALPING,ORD-1-0360,XAUUSD,0.25,850,,10,0.0,52.23
2026-08-22T11:12:20.609225+00:00,oanda,PAPER,ULTRA_SCALPING,ORD-1-0361,XAUUSD,0.26,855,,11,0.1,51.73
2026-08-22T11:12:20.609228+00:00,oanda,PAPER,ULTRA_SCALPING,ORD-1-0362,XAUUSD,0.27,860,,12,0.2,51.23
2026-08-22T11:12:20.609233+00:00,oanda,PAPER,ULTRA_SCALPING,ORD-1-0363,XAUUSD,0.28,865,,13,0.3,50.73
2026-08-22T11:12:20.609236+00:00,oanda,PAPER,ULTRA_SCALPING,ORD-1-0364,XAUUSD,0.29,870,,14,0.4,50.23
2026-08-22T11:12:20.609239+00:00,oanda,PAPER,ULTRA_SCALPING,ORD-1-0365,XAUUSD,0.3,875,,15,0.5,49.73
2026-08-22T11:12:20.609241+00:00,oanda,PAPER,ULTRA_SCALPING,ORD-1-0366,XAUUSD,0.31,880,,16,0.6,49.23
2026-08-22T11:12:20.609244+00:00,oanda,PAPER,ULTRA_SCALPING,ORD-1-0367,XAUUSD,0.32,885,,17,0.7,48.73
2026-08-22T11:12:20.609247+00:00,oanda,PAPER,ULTRA_SCALPING,ORD-1-0368,XAUUSD,0.33,890,,18,0.8,48.23
2026-08-22T11:12:20.609250+00:00,oanda,PAPER,ULTRA_SCALPING,ORD-1-0369,XAUUSD,0.34,895,,19,0.9,47.73
2026-08-22T11:12:20.609252+00:00,oanda,PAPER,ULTRA_SCALPING,ORD-1-0370,XAUUSD,0.35,900,,20,1.0,52.23
2026-08-22T11:12:20.609255+00:00,oanda,PAPER,ULTRA_SCALPING,ORD-1-0371,XAUUSD,0.36,905,,21,1.1,51.73
2026-08-22T11:12:20.609258+00:00,oanda,PAPER,ULTRA_SCALPING,ORD-1-0372,XAUUSD,0.37,910,,22,1.2,51.23
2026-08-22T11:12:20.609263+00:00,oanda,PAPER,ULTRA_SCALPING,ORD-1-0373,XAUUSD,0.38,915,,23,1.3,50.73
2026-08-22T11:12:20.609266+00:00,oanda,PAPER,ULTRA_SCALPING,ORD-1-0374,XAUUSD,0.39,920,,24,1.4,50.23
2026-08-22T11:12:20.609268+00:00,oanda,PAPER,ULTRA_SCALPING,ORD-1-0375,XAUUSD,0.4,925,,25,1.5,49.73
2026-08-22T11:12:20.609271+00:00,oanda,PAPER,ULTRA_SCALPING,ORD-1-0376,XAUUSD,0.41,930,,26,1.6,49.23
2026-08-22T11:12:20.609274+00:00,oanda,PAPER,ULTRA_SCALPING,ORD-1-0377,XAUUSD,0.42,935,,27,1.7,48.73
2026-08-22T11:12:20.609277+00:00,oanda,PAPER,ULTRA_SCALPING,ORD-1-0378,XAUUSD,0.43,940,,28,1.8,48.23
2026-08-22T11:12:20.609279+00:00,oanda,PAPER,ULTRA_SCALPING,ORD-1-0379,XAUUSD,0.44,945,,29,1.9,47.73
2026-08-22T11:12:20.609282+00:00,oanda,PAPER,ULTRA_SCALPING,ORD-1-0380,XAUUSD,0.45,950,,30,0.0,52.23
2026-08-22T11:12:20.609285+00:00,oanda,PAPER,ULTRA_SCALPING,ORD-1-0381,XAUUSD,0.46,955,,31,0.1,51.73
2026-08-22T11:12:20.609287+00:00,oanda,PAPER,ULTRA_SCALPING,ORD-1-0382,XAUUSD,0.47,960,,32,0.2,51.23
2026-08-22T11:12:20.609291+00:00,oanda,PAPER,ULTRA_SCALPING,ORD-1-0383,XAUUSD,0.48,965,,33,0.3,50.73
2026-08-22T11:12:20.609294+00:00,oanda,PAPER,ULTRA_SCALPING,ORD-1-0384,XAUUSD,0.49,970,,34,0.4,50.23
2026-08-22T11:12:20.609298+00:00,oanda,PAPER,ULTRA_SCALPING,ORD-1-0385,XAUUSD,0.5,975,,35,0.5,49.73
2026-08-22T11:12:20.609301+00:00,oanda,PAPER,ULTRA_SCALPING,ORD-1-0386,XAUUSD,0.51,980,,36,0.6,49.23
2026-08-22T11:12:20.609303+00:00,oanda,PAPER,ULTRA_SCALPING,ORD-1-0387,XAUUSD,0.52,985,,37,0.7,48.73
2026-08-22T11:12:20.609306+00:00,oanda,PAPER,ULTRA_SCALPING,ORD-1-0388,XAUUSD,0.53,990,INSUFFICIENT_MARGIN,38,0.8,48.23
2026-08-22T11:12:20.609309+00:00,oanda,PAPER,ULTRA_SCALPING,ORD-1-0389,XAUUSD,0.54,995,,39,0.9,47.73
2026-08-22T11:12:20.609311+00:00,oanda,PAPER,ULTRA_SCALPING,ORD-1-0390,XAUUSD,0.55,1000,,10,1.0,52.23
2026-08-22T11:12:20.609314+00:00,oanda,PAPER,ULTRA_SCALPING,ORD-1-0391,XAUUSD,0.56,1005,,11,1.1,51.73
2026-08-22T11:12:20.609317+00:00,oanda,PAPER,ULTRA_SCALPING,ORD-1-0392,XAUUSD,0.57,1010,,12,1.2,51.23
2026-08-22T11:12:20.609321+00:00,oanda,PAPER,ULTRA_SCALPING,ORD-1-0393,XAUUSD,0.58,1015,,13,1.3,50.73
2026-08-22T11:12:20.609324+00:00,oanda,PAPER,ULTRA_SCALPING,ORD-1-0394,XAUUSD,0.59,1020,,14,1.4,50.23
2026-08-22T11:12:20.609328+00:00,oanda,PAPER,ULTRA_SCALPING,ORD-1-0395,XAUUSD,0.6,1025,,15,1.5,49.73
2026-08-22T11:12:20.609330+00:00,oanda,PAPER,ULTRA_SCALPING,ORD-1-0396,XAUUSD,0.61,1030,,16,1.6,49.23
2026-08-22T11:12:20.609333+00:00,oanda,PAPER,ULTRA_SCALPING,ORD-1-0397,XAUUSD,0.62,1035,,17,1.7,48.73
2026-08-22T11:12:20.609336+00:00,oanda,PAPER,ULTRA_SCALPING,ORD-1-0398,XAUUSD,0.63,1040,,18,1.8,48.23
2026-08-22T11:12:20.609339+00:00,oanda,PAPER,ULTRA_SCALPING,ORD-1-0399,XAUUSD,0.64,1045,,19,1.9,47.73
2026-08-22T11:12:20.609341+00:00,oanda,PAPER,ULTRA_SCALPING,ORD-1-0400,XAUUSD,0.15,50,,20,0.0,52.23
2026-08-22T11:12:20.609344+00:00,oanda,PAPER,ULTRA_SCALPING,ORD-1-0401,XAUUSD,0.16,55,,21,0.1,51.73
2026-08-22T11:12:20.609347+00:00,oanda,PAPER,ULTRA_SCALPING,ORD-1-0402,XAUUSD,0.17,60,,22,0.2,51.23
2026-08-22T11:12:20.609351+00:00,oanda,PAPER,ULTRA_SCALPING,ORD-1-0403,XAUUSD,0.18,65,,23,0.3,50.73
2026-08-22T11:12:20.609354+00:00,oanda,PAPER,ULTRA_SCALPING,ORD-1-0404,XAUUSD,0.19,70,,24,0.4,50.23
2026-08-22T11:12:20.609357+00:00,oanda,PAPER,ULTRA_SCALPING,ORD-1-0405,XAUUSD,0.2,75,,25,0.5,49.73
2026-08-22T11:12:20.609359+00:00,oanda,PAPER,ULTRA_SCALPING,ORD-1-0406,XAUUSD,0.21,80,,26,0.6,49.23
2026-08-22T11:12:20.609364+00:00,oanda,PAPER,ULTRA_SCALPING,ORD-1-0407,XAUUSD,0.22,85,,27,0.7,48.73
2026-08-22T11:12:20.609366+00:00,oanda,PAPER,ULTRA_SCALPING,ORD-1-0408,XAUUSD,0.23,90,,28,0.8,48.23
2026-08-22T11:12:20.609369+00:00,oanda,PAPER,ULTRA_SCALPING,ORD-1-0409,XAUUSD,0.24,95,,29,0.9,47.73
2026-08-22T11:12:20.609372+00:00,oanda,PAPER,ULTRA_SCALPING,ORD-1-0410,XAUUSD,0.25,100,,30,1.0,52.23
2026-08-22T11:12:20.609374+00:00,oanda,PAPER,ULTRA_SCALPING,ORD-1-0411,XAUUSD,0.26,105,,31,1.1,51.73
2026-08-22T11:12:20.609377+00:00,oanda,PAPER,ULTRA_SCALPING,ORD-1-0412,XAUUSD,0.27,110,,32,1.2,51.23
2026-08-22T11:12:20.609381+00:00,oanda,PAPER,ULTRA_SCALPING,ORD-1-0413,XAUUSD,0.28,115,,33,1.3,50.73
2026-08-22T11:12:20.609384+00:00,oanda,PAPER,ULTRA_SCALPING,ORD-1-0414,XAUUSD,0.29,120,,34,1.4,50.23
2026-08-22T11:12:20.609387+00:00,oanda,PAPER,ULTRA_SCALPING,ORD-1-0415,XAUUSD,0.3,125,,35,1.5,49.73
2026-08-22T11:12:20.609390+00:00,oanda,PAPER,ULTRA_SCALPING,ORD-1-0416,XAUUSD,0.31,130,,36,1.6,49.23
2026-08-22T11:12:20.609392+00:00,oanda,PAPER,ULTRA_SCALPING,ORD-1-0417,XAUUSD,0.32,135,,37,1.7,48.73
2026-08-22T11:12:20.609395+00:00,oanda,PAPER,ULTRA_SCALPING,ORD-1-0418,XAUUSD,0.33,140,,38,1.8,48.23
2026-08-22T11:12:20.609398+00:00,oanda,PAPER,ULTRA_SCALPING,ORD-1-0419,XAUUSD,0.34,145,,39,1.9,47.73
2026-08-22T11:12:20.609400+00:00,oanda,PAPER,ULTRA_SCALPING,ORD-1-0420,XAUUSD,0.35,150,,10,0.0,52.23
2026-08-22T11:12:20.609403+00:00,oanda,PAPER,ULTRA_SCALPING,ORD-1-0421,XAUUSD,0.36,155,,11,0.1,51.73
2026-08-22T11:12:20.609406+00:00,oanda,PAPER,ULTRA_SCALPING,ORD-1-0422,XAUUSD,0.37,160,,12,0.2,51.23
2026-08-22T11:12:20.609410+00:00,oanda,PAPER,ULTRA_SCALPING,ORD-1-0423,XAUUSD,0.38,165,,13,0.3,50.73
2026-08-22T11:12:20.609412+00:00,oanda,PAPER,ULTRA_SCALPING,ORD-1-0424,XAUUSD,0.39,170,,14,0.4,50.23
2026-08-22T11:12:20.609415+00:00,oanda,PAPER,ULTRA_SCALPING,ORD-1-0425,XAUUSD,0.4,175,,15,0.5,49.73
2026-08-22T11:12:20.609418+00:00,oanda,PAPER,ULTRA_SCALPING,ORD-1-0426,XAUUSD,0.41,180,,16,0.6,49.23
2026-08-22T11:12:20.609422+00:00,oanda,PAPER,ULTRA_SCALPING,ORD-1-0427,XAUUSD,0.42,185,,17,0.7,48.73
2026-08-22T11:12:20.609424+00:00,oanda,PAPER,ULTRA_SCALPING,ORD-1-0428,XAUUSD,0.43,190,,18,0.8,48.23
2026-08-22T11:12:20.609427+00:00,oanda,PAPER,ULTRA_SCALPING,ORD-1-0429,XAUUSD,0.44,195,,19,0.9,47.73
2026-08-22T11:12:20.609430+00:00,oanda,PAPER,ULTRA_SCALPING,ORD-1-0430,XAUUSD,0.45,200,,20,1.0,52.23
2026-08-22T11:12:20.609432+00:00,oanda,PAPER,ULTRA_SCALPING,ORD-1-0431,XAUUSD,0.46,205,,21,1.1,51.73
2026-08-22T11:12:20.609435+00:00,oanda,PAPER,ULTRA_SCALPING,ORD-1-0432,XAUUSD,0.47,210,,22,1.2,51.23
2026-08-22T11:12:20.609440+00:00,oanda,PAPER,ULTRA_SCALPING,ORD-1-0433,XAUUSD,0.48,215,,23,1.3,50.73
2026-08-22T11:12:20.609443+00:00,oanda,PAPER,ULTRA_SCALPING,ORD-1-0434,XAUUSD,0.49,220,,24,1.4,50.23
2026-08-22T11:12:20.609445+00:00,oanda,PAPER,ULTRA_SCALPING,ORD-1-0435,XAUUSD,0.5,225,,25,1.5,49.73
2026-08-22T11:12:20.609449+00:00,oanda,PAPER,ULTRA_SCALPING,ORD-1-0436,XAUUSD,0.51,230,,26,1.6,49.23
2026-08-22T11:12:20.609452+00:00,oanda,PAPER,ULTRA_SCALPING,ORD-1-0437,XAUUSD,0.52,235,,27,1.7,48.73
2026-08-22T11:12:20.609455+00:00,oanda,PAPER,ULTRA_SCALPING,ORD-1-0438,XAUUSD,0.53,240,,28,1.8,48.23
2026-08-22T11:12:20.609457+00:00,oanda,PAPER,ULTRA_SCALPING,ORD-1-0439,XAUUSD,0.54,245,,29,1.9,47.73
2026-08-22T11:12:20.609460+00:00,oanda,PAPER,ULTRA_SCALPING,ORD-1-0440,XAUUSD,0.55,250,,30,0.0,52.23
2026-08-22T11:12:20.609463+00:00,oanda,PAPER,ULTRA_SCALPING,ORD-1-0441,XAUUSD,0.56,255,,31,0.1,51.73
2026-08-22T11:12:20.609465+00:00,oanda,PAPER,ULTRA_SCALPING,ORD-1-0442,XAUUSD,0.57,260,,32,0.2,51.23
2026-08-22T11:12:20.609470+00:00,oanda,PAPER,ULTRA_SCALPING,ORD-1-0443,XAUUSD,0.58,265,,33,0.3,50.73
2026-08-22T11:12:20.609472+00:00,oanda,PAPER,ULTRA_SCALPING,ORD-1-0444,XAUUSD,0.59,270,,34,0.4,50.23
2026-08-22T11:12:20.609475+00:00,oanda,PAPER,ULTRA_SCALPING,ORD-1-0445,XAUUSD,0.6,275,,35,0.5,49.73
2026-08-22T11:12:20.609478+00:00,oanda,PAPER,ULTRA_SCALPING,ORD-1-0446,XAUUSD,0.61,280,,36,0.6,49.23
2026-08-22T11:12:20.609482+00:00,oanda,PAPER,ULTRA_SCALPING,ORD-1-0447,XAUUSD,0.62,285,,37,0.7,48.73
2026-08-22T11:12:20.609484+00:00,oanda,PAPER,ULTRA_SCALPING,ORD-1-0448,XAUUSD,0.63,290,,38,0.8,48.23
2026-08-22T11:12:20.609487+00:00,oanda,PAPER,ULTRA_SCALPING,ORD-1-0449,XAUUSD,0.64,295,,39,0.9,47.73
2026-08-22T11:12:20.609490+00:00,oanda,PAPER,ULTRA_SCALPING,ORD-1-0450,XAUUSD,0.15,300,,10,1.0,52.23
2026-08-22T11:12:20.609493+00:00,oanda,PAPER,ULTRA_SCALPING,ORD-1-0451,XAUUSD,0.16,305,,11,1.1,51.73
2026-08-22T11:12:20.609495+00:00,oanda,PAPER,ULTRA_SCALPING,ORD-1-0452,XAUUSD,0.17,310,,12,1.2,51.23
2026-08-22T11:12:20.609499+00:00,oanda,PAPER,ULTRA_SCALPING,ORD-1-0453,XAUUSD,0.18,315,,13,1.3,50.73
2026-08-22T11:12:20.609502+00:00,oanda,PAPER,ULTRA_SCALPING,ORD-1-0454,XAUUSD,0.19,320,,14,1.4,50.23
2026-08-22T11:12:20.609505+00:00,oanda,PAPER,ULTRA_SCALPING,ORD-1-0455,XAUUSD,0.2,325,,15,1.5,49.73
2026-08-22T11:12:20.609507+00:00,oanda,PAPER,ULTRA_SCALPING,ORD-1-0456,XAUUSD,0.21,330,,16,1.6,49.23
2026-08-22T11:12:20.609510+00:00,oanda,PAPER,ULTRA_SCALPING,ORD-1-0457,XAUUSD,0.22,335,,17,1.7,48.73
2026-08-22T11:12:20.609514+00:00,oanda,PAPER,ULTRA_SCALPING,ORD-1-0458,XAUUSD,0.23,340,,18,1.8,48.23
2026-08-22T11:12:20.609517+00:00,oanda,PAPER,ULTRA_SCALPING,ORD-1-0459,XAUUSD,0.24,345,,19,1.9,47.73
2026-08-22T11:12:20.609519+00:00,oanda,PAPER,ULTRA_SCALPING,ORD-1-0460,XAUUSD,0.25,350,,20,0.0,52.23
2026-08-22T11:12:20.609522+00:00,oanda,PAPER,ULTRA_SCALPING,ORD-1-0461,XAUUSD,0.26,355,,21,0.1,51.73
2026-08-22T11:12:20.609525+00:00,oanda,PAPER,ULTRA_SCALPING,ORD-1-0462,XAUUSD,0.27,360,,22,0.2,51.23
2026-08-22T11:12:20.609529+00:00,oanda,PAPER,ULTRA_SCALPING,ORD-1-0463,XAUUSD,0.28,365,,23,0.3,50.73
2026-08-22T11:12:20.609537+00:00,oanda,PAPER,ULTRA_SCALPING,ORD-1-0464,XAUUSD,0.29,370,,24,0.4,50.23
2026-08-22T11:12:20.609540+00:00,oanda,PAPER,ULTRA_SCALPING,ORD-1-0465,XAUUSD,0.3,375,,25,0.5,49.73
2026-08-22T11:12:20.609543+00:00,oanda,PAPER,ULTRA_SCALPING,ORD-1-0466,XAUUSD,0.31,380,,26,0.6,49.23
2026-08-22T11:12:20.609545+00:00,oanda,PAPER,ULTRA_SCALPING,ORD-1-0467,XAUUSD,0.32,385,,27,0.7,48.73
2026-08-22T11:12:20.609548+00:00,oanda,PAPER,ULTRA_SCALPING,ORD-1-0468,XAUUSD,0.33,390,,28,0.8,48.23
2026-08-22T11:12:20.609551+00:00,oanda,PAPER,ULTRA_SCALPING,ORD-1-0469,XAUUSD,0.34,395,,29,0.9,47.73
2026-08-22T11:12:20.609554+00:00,oanda,PAPER,ULTRA_SCALPING,ORD-1-0470,XAUUSD,0.35,400,,30,1.0,52.23
2026-08-22T11:12:20.609556+00:00,oanda,PAPER,ULTRA_SCALPING,ORD-1-0471,XAUUSD,0.36,405,,31,1.1,51.73
2026-08-22T11:12:20.609559+00:00,oanda,PAPER,ULTRA_SCALPING,ORD-1-0472,XAUUSD,0.37,410,,32,1.2,51.23
2026-08-22T11:12:20.609563+00:00,oanda,PAPER,ULTRA_SCALPING,ORD-1-0473,XAUUSD,0.38,415,,33,1.3,50.73
2026-08-22T11:12:20.609566+00:00,oanda,PAPER,ULTRA_SCALPING,ORD-1-0474,XAUUSD,0.39,420,,34,1.4,50.23
2026-08-22T11:12:20.609568+00:00,oanda,PAPER,ULTRA_SCALPING,ORD-1-0475,XAUUSD,0.4,425,,35,1.5,49.73
2026-08-22T11:12:20.609571+00:00,oanda,PAPER,ULTRA_SCALPING,ORD-1-0476,XAUUSD,0.41,430,,36,1.6,49.23
2026-08-22T11:12:20.609574+00:00,oanda,PAPER,ULTRA_SCALPING,ORD-1-0477,XAUUSD,0.42,435,,37,1.7,48.73
2026-08-22T11:12:20.609576+00:00,oanda,PAPER,ULTRA_SCALPING,ORD-1-0478,XAUUSD,0.43,440,,38,1.8,48.23
2026-08-22T11:12:20.609580+00:00,oanda,PAPER,ULTRA_SCALPING,ORD-1-0479,XAUUSD,0.44,445,,39,1.9,47.73
2026-08-22T11:12:20.609583+00:00,oanda,PAPER,ULTRA_SCALPING,ORD-1-0480,XAUUSD,0.45,450,,10,0.0,52.23
2026-08-22T11:12:20.609586+00:00,oanda,PAPER,ULTRA_SCALPING,ORD-1-0481,XAUUSD,0.46,455,,11,0.1,51.73
2026-08-22T11:12:20.609589+00:00,oanda,PAPER,ULTRA_SCALPING,ORD-1-0482,XAUUSD,0.47,460,,12,0.2,51.23
2026-08-22T11:12:20.609593+00:00,oanda,PAPER,ULTRA_SCALPING,ORD-1-0483,XAUUSD,0.48,465,,13,0.3,50.73
2026-08-22T11:12:20.609595+00:00,oanda,PAPER,ULTRA_SCALPING,ORD-1-0484,XAUUSD,0.49,470,,14,0.4,50.23
2026-08-22T11:12:20.609598+00:00,oanda,PAPER,ULTRA_SCALPING,ORD-1-0485,XAUUSD,0.5,475,INSUFFICIENT_MARGIN,15,0.5,49.73
2026-08-22T11:12:20.609601+00:00,oanda,PAPER,ULTRA_SCALPING,ORD-1-0486,XAUUSD,0.51,480,,16,0.6,49.23
2026-08-22T11:12:20.609604+00:00,oanda,PAPER,ULTRA_SCALPING,ORD-1-0487,XAUUSD,0.52,485,,17,0.7,48.73
2026-08-22T11:12:20.609608+00:00,oanda,PAPER,ULTRA_SCALPING,ORD-1-0488,XAUUSD,0.53,490,,18,0.8,48.23
2026-08-22T11:12:20.609611+00:00,oanda,PAPER,ULTRA_SCALPING,ORD-1-0489,XAUUSD,0.54,495,,19,0.9,47.73
2026-08-22T11:12:20.609614+00:00,oanda,PAPER,ULTRA_SCALPING,ORD-1-0490,XAUUSD,0.55,500,,20,1.0,52.23
2026-08-22T11:12:20.609617+00:00,oanda,PAPER,ULTRA_SCALPING,ORD-1-0491,XAUUSD,0.56,505,,21,1.1,51.73
2026-08-22T11:12:20.609620+00:00,oanda,PAPER,ULTRA_SCALPING,ORD-1-0492,XAUUSD,0.57,510,,22,1.2,51.23
2026-08-22T11:12:20.609624+00:00,oanda,PAPER,ULTRA_SCALPING,ORD-1-0493,XAUUSD,0.58,515,,23,1.3,50.73
2026-08-22T11:12:20.609626+00:00,oanda,PAPER,ULTRA_SCALPING,ORD-1-0494,XAUUSD,0.59,520,,24,1.4,50.23
2026-08-22T11:12:20.609629+00:00,oanda,PAPER,ULTRA_SCALPING,ORD-1-0495,XAUUSD,0.6,525,,25,1.5,49.73
2026-08-22T11:12:20.609632+00:00,oanda,PAPER,ULTRA_SCALPING,ORD-1-0496,XAUUSD,0.61,530,,26,1.6,49.23
2026-08-22T11:12:20.609635+00:00,oanda,PAPER,ULTRA_SCALPING,ORD-1-0497,XAUUSD,0.62,535,,27,1.7,48.73
2026-08-22T11:12:20.609637+00:00,oanda,PAPER,ULTRA_SCALPING,ORD-1-0498,XAUUSD,0.63,540,,28,1.8,48.23
2026-08-22T11:12:20.609640+00:00,oanda,PAPER,ULTRA_SCALPING,ORD-1-0499,XAUUSD,0.64,545,,29,1.9,47.73
2026-08-22T11:12:20.609643+00:00,oanda,PAPER,ULTRA_SCALPING,ORD-1-0500,XAUUSD,0.15,550,,30,0.0,52.23
2026-08-22T11:12:20.609645+00:00,oanda,PAPER,ULTRA_SCALPING,ORD-1-0501,XAUUSD,0.16,555,,31,0.1,51.73
2026-08-22T11:12:20.609648+00:00,oanda,PAPER,ULTRA_SCALPING,ORD-1-0502,XAUUSD,0.17,560,,32,0.2,51.23
2026-08-22T11:12:20.609652+00:00,oanda,PAPER,ULTRA_SCALPING,ORD-1-0503,XAUUSD,0.18,565,,33,0.3,50.73
2026-08-22T11:12:20.609655+00:00,oanda,PAPER,ULTRA_SCALPING,ORD-1-0504,XAUUSD,0.19,570,,34,0.4,50.23
2026-08-22T11:12:20.609657+00:00,oanda,PAPER,ULTRA_SCALPING,ORD-1-0505,XAUUSD,0.2,575,,35,0.5,49.73
2026-08-22T11:12:20.609660+00:00,oanda,PAPER,ULTRA_SCALPING,ORD-1-0506,XAUUSD,0.21,580,,36,0.6,49.23
2026-08-22T11:12:20.609663+00:00,oanda,PAPER,ULTRA_SCALPING,ORD-1-0507,XAUUSD,0.22,585,,37,0.7,48.73
2026-08-22T11:12:20.609666+00:00,oanda,PAPER,ULTRA_SCALPING,ORD-1-0508,XAUUSD,0.23,590,,38,0.8,48.23
2026-08-22T11:12:20.609668+00:00,oanda,PAPER,ULTRA_SCALPING,ORD-1-0509,XAUUSD,0.24,595,,39,0.9,47.73
2026-08-22T11:12:20.609671+00:00,oanda,PAPER,ULTRA_SCALPING,ORD-1-0510,XAUUSD,0.25,600,,10,1.0,52.23
2026-08-22T11:12:20.609675+00:00,oanda,PAPER,ULTRA_SCALPING,ORD-1-0511,XAUUSD,0.26,605,,11,1.1,51.73
2026-08-22T11:12:20.609678+00:00,oanda,PAPER,ULTRA_SCALPING,ORD-1-0512,XAUUSD,0.27,610,,12,1.2,51.23
2026-08-22T11:12:20.609682+00:00,oanda,PAPER,ULTRA_SCALPING,ORD-1-0513,XAUUSD,0.28,615,,13,1.3,50.73
2026-08-22T11:12:20.609685+00:00,oanda,PAPER,ULTRA_SCALPING,ORD-1-0514,XAUUSD,0.29,620,,14,1.4,50.23
2026-08-22T11:12:20.609688+00:00,oanda,PAPER,ULTRA_SCALPING,ORD-1-0515,XAUUSD,0.3,625,,15,1.5,49.73
2026-08-22T11:12:20.609691+00:00,oanda,PAPER,ULTRA_SCALPING,ORD-1-0516,XAUUSD,0.31,630,,16,1.6,49.23
2026-08-22T11:12:20.609693+00:00,oanda,PAPER,ULTRA_SCALPING,ORD-1-0517,XAUUSD,0.32,635,,17,1.7,48.73
2026-08-22T11:12:20.609696+00:00,oanda,PAPER,ULTRA_SCALPING,ORD-1-0518,XAUUSD,0.33,640,,18,1.8,48.23
2026-08-22T11:12:20.609699+00:00,oanda,PAPER,ULTRA_SCALPING,ORD-1-0519,XAUUSD,0.34,645,,19,1.9,47.73
2026-08-22T11:12:20.609701+00:00,oanda,PAPER,ULTRA_SCALPING,ORD-1-0520,XAUUSD,0.35,650,,20,0.0,52.23
2026-08-22T11:12:20.609704+00:00,oanda,PAPER,ULTRA_SCALPING,ORD-1-0521,XAUUSD,0.36,655,,21,0.1,51.73
2026-08-22T11:12:20.609708+00:00,oanda,PAPER,ULTRA_SCALPING,ORD-1-0522,XAUUSD,0.37,660,,22,0.2,51.23
2026-08-22T11:12:20.609712+00:00,oanda,PAPER,ULTRA_SCALPING,ORD-1-0523,XAUUSD,0.38,665,,23,0.3,50.73
2026-08-22T11:12:20.609715+00:00,oanda,PAPER,ULTRA_SCALPING,ORD-1-0524,XAUUSD,0.39,670,,24,0.4,50.23
2026-08-22T11:12:20.609717+00:00,oanda,PAPER,ULTRA_SCALPING,ORD-1-0525,XAUUSD,0.4,675,,25,0.5,49.73
2026-08-22T11:12:20.609720+00:00,oanda,PAPER,ULTRA_SCALPING,ORD-1-0526,XAUUSD,0.41,680,,26,0.6,49.23
2026-08-22T11:12:20.609723+00:00,oanda,PAPER,ULTRA_SCALPING,ORD-1-0527,XAUUSD,0.42,685,,27,0.7,48.73
2026-08-22T11:12:20.609725+00:00,oanda,PAPER,ULTRA_SCALPING,ORD-1-0528,XAUUSD,0.43,690,,28,0.8,48.23
2026-08-22T11:12:20.609728+00:00,oanda,PAPER,ULTRA_SCALPING,ORD-1-0529,XAUUSD,0.44,695,,29,0.9,47.73
2026-08-22T11:12:20.609731+00:00,oanda,PAPER,ULTRA_SCALPING,ORD-1-0530,XAUUSD,0.45,700,,30,1.0,52.23
2026-08-22T11:12:20.609734+00:00,oanda,PAPER,ULTRA_SCALPING,ORD-1-0531,XAUUSD,0.46,705,,31,1.1,51.73
2026-08-22T11:12:20.609736+00:00,oanda,PAPER,ULTRA_SCALPING,ORD-1-0532,XAUUSD,0.47,710,,32,1.2,51.23
2026-08-22T11:12:20.609740+00:00,oanda,PAPER,ULTRA_SCALPING,ORD-1-0533,XAUUSD,0.48,715,,33,1.3,50.73
2026-08-22T11:12:20.609743+00:00,oanda,PAPER,ULTRA_SCALPING,ORD-1-0534,XAUUSD,0.49,720,,34,1.4,50.23
2026-08-22T11:12:20.609746+00:00,oanda,PAPER,ULTRA_SCALPING,ORD-1-0535,XAUUSD,0.5,725,,35,1.5,49.73
2026-08-22T11:12:20.609749+00:00,oanda,PAPER,ULTRA_SCALPING,ORD-1-0536,XAUUSD,0.51,730,,36,1.6,49.23
2026-08-22T11:12:20.609752+00:00,oanda,PAPER,ULTRA_SCALPING,ORD-1-0537,XAUUSD,0.52,735,,37,1.7,48.73
2026-08-22T11:12:20.609757+00:00,oanda,PAPER,ULTRA_SCALPING,ORD-1-0538,XAUUSD,0.53,740,,38,1.8,48.23
2026-08-22T11:12:20.609759+00:00,oanda,PAPER,ULTRA_SCALPING,ORD-1-0539,XAUUSD,0.54,745,,39,1.9,47.73
2026-08-22T11:12:20.609762+00:00,oanda,PAPER,ULTRA_SCALPING,ORD-1-0540,XAUUSD,0.55,750,,10,0.0,52.23
2026-08-22T11:12:20.609765+00:00,oanda,PAPER,ULTRA_SCALPING,ORD-1-0541,XAUUSD,0.56,755,,11,0.1,51.73
2026-08-22T11:12:20.609767+00:00,oanda,PAPER,ULTRA_SCALPING,ORD-1-0542,XAUUSD,0.57,760,,12,0.2,51.23
2026-08-22T11:12:20.609772+00:00,oanda,PAPER,ULTRA_SCALPING,ORD-1-0543,XAUUSD,0.58,765,,13,0.3,50.73
2026-08-22T11:12:20.609775+00:00,oanda,PAPER,ULTRA_SCALPING,ORD-1-0544,XAUUSD,0.59,770,,14,0.4,50.23
2026-08-22T11:12:20.609778+00:00,oanda,PAPER,ULTRA_SCALPING,ORD-1-0545,XAUUSD,0.6,775,,15,0.5,49.73
2026-08-22T11:12:20.609781+00:00,oanda,PAPER,ULTRA_SCALPING,ORD-1-0546,XAUUSD,0.61,780,,16,0.6,49.23
2026-08-22T11:12:20.609783+00:00,oanda,PAPER,ULTRA_SCALPING,ORD-1-0547,XAUUSD,0.62,785,,17,0.7,48.73
2026-08-22T11:12:20.609786+00:00,oanda,PAPER,ULTRA_SCALPING,ORD-1-0548,XAUUSD,0.63,790,,18,0.8,48.23
2026-08-22T11:12:20.609789+00:00,oanda,PAPER,ULTRA_SCALPING,ORD-1-0549,XAUUSD,0.64,795,,19,0.9,47.73
2026-08-22T11:12:20.609792+00:00,oanda,PAPER,ULTRA_SCALPING,ORD-1-0550,XAUUSD,0.15,800,,20,1.0,52.23
2026-08-22T11:12:20.609794+00:00,oanda,PAPER,ULTRA_SCALPING,ORD-1-0551,XAUUSD,0.16,805,,21,1.1,51.73
2026-08-22T11:12:20.609797+00:00,oanda,PAPER,ULTRA_SCALPING,ORD-1-0552,XAUUSD,0.17,810,,22,1.2,51.23
2026-08-22T11:12:20.609801+00:00,oanda,PAPER,ULTRA_SCALPING,ORD-1-0553,XAUUSD,0.18,815,,23,1.3,50.73
2026-08-22T11:12:20.609805+00:00,oanda,PAPER,ULTRA_SCALPING,ORD-1-0554,XAUUSD,0.19,820,,24,1.4,50.23
2026-08-22T11:12:20.609808+00:00,oanda,PAPER,ULTRA_SCALPING,ORD-1-0555,XAUUSD,0.2,825,,25,1.5,49.73
2026-08-22T11:12:20.609810+00:00,oanda,PAPER,ULTRA_SCALPING,ORD-1-0556,XAUUSD,0.21,830,,26,1.6,49.23
2026-08-22T11:12:20.609813+00:00,oanda,PAPER,ULTRA_SCALPING,ORD-1-0557,XAUUSD,0.22,835,,27,1.7,48.73
2026-08-22T11:12:20.609816+00:00,oanda,PAPER,ULTRA_SCALPING,ORD-1-0558,XAUUSD,0.23,840,,28,1.8,48.23
2026-08-22T11:12:20.609818+00:00,oanda,PAPER,ULTRA_SCALPING,ORD-1-0559,XAUUSD,0.24,845,,29,1.9,47.73
2026-08-22T11:12:20.609821+00:00,oanda,PAPER,ULTRA_SCALPING,ORD-1-0560,XAUUSD,0.25,850,,30,0.0,52.23
2026-08-22T11:12:20.609824+00:00,oanda,PAPER,ULTRA_SCALPING,ORD-1-0561,XAUUSD,0.26,855,,31,0.1,51.73
2026-08-22T11:12:20.609827+00:00,oanda,PAPER,ULTRA_SCALPING,ORD-1-0562,XAUUSD,0.27,860,,32,0.2,51.23
2026-08-22T11:12:20.609831+00:00,oanda,PAPER,ULTRA_SCALPING,ORD-1-0563,XAUUSD,0.28,865,,33,0.3,50.73
2026-08-22T11:12:20.609833+00:00,oanda,PAPER,ULTRA_SCALPING,ORD-1-0564,XAUUSD,0.29,870,,34,0.4,50.23
2026-08-22T11:12:20.609836+00:00,oanda,PAPER,ULTRA_SCALPING,ORD-1-0565,XAUUSD,0.3,875,,35,0.5,49.73
2026-08-22T11:12:20.609839+00:00,oanda,PAPER,ULTRA_SCALPING,ORD-1-0566,XAUUSD,0.31,880,,36,0.6,49.23
2026-08-22T11:12:20.609841+00:00,oanda,PAPER,ULTRA_SCALPING,ORD-1-0567,XAUUSD,0.32,885,,37,0.7,48.73
2026-08-22T11:12:20.609844+00:00,oanda,PAPER,ULTRA_SCALPING,ORD-1-0568,XAUUSD,0.33,890,,38,0.8,48.23
2026-08-22T11:12:20.609847+00:00,oanda,PAPER,ULTRA_SCALPING,ORD-1-0569,XAUUSD,0.34,895,,39,0.9,47.73
2026-08-22T11:12:20.609850+00:00,oanda,PAPER,ULTRA_SCALPING,ORD-1-0570,XAUUSD,0.35,900,,10,1.0,52.23
2026-08-22T11:12:20.609852+00:00,oanda,PAPER,ULTRA_SCALPING,ORD-1-0571,XAUUSD,0.36,905,,11,1.1,51.73
2026-08-22T11:12:20.609855+00:00,oanda,PAPER,ULTRA_SCALPING,ORD-1-0572,XAUUSD,0.37,910,,12,1.2,51.23
2026-08-22T11:12:20.609859+00:00,oanda,PAPER,ULTRA_SCALPING,ORD-1-0573,XAUUSD,0.38,915,,13,1.3,50.73
2026-08-22T11:12:20.609862+00:00,oanda,PAPER,ULTRA_SCALPING,ORD-1-0574,XAUUSD,0.39,920,,14,1.4,50.23
2026-08-22T11:12:20.609866+00:00,oanda,PAPER,ULTRA_SCALPING,ORD-1-0575,XAUUSD,0.4,925,,15,1.5,49.73
2026-08-22T11:12:20.609868+00:00,oanda,PAPER,ULTRA_SCALPING,ORD-1-0576,XAUUSD,0.41,930,,16,1.6,49.23
2026-08-22T11:12:20.609871+00:00,oanda,PAPER,ULTRA_SCALPING,ORD-1-0577,XAUUSD,0.42,935,,17,1.7,48.73
2026-08-22T11:12:20.609874+00:00,oanda,PAPER,ULTRA_SCALPING,ORD-1-0578,XAUUSD,0.43,940,,18,1.8,48.23
2026-08-22T11:12:20.609876+00:00,oanda,PAPER,ULTRA_SCALPING,ORD-1-0579,XAUUSD,0.44,945,,19,1.9,47.73
2026-08-22T11:12:20.609879+00:00,oanda,PAPER,ULTRA_SCALPING,ORD-1-0580,XAUUSD,0.45,950,,20,0.0,52.23
2026-08-22T11:12:20.609882+00:00,oanda,PAPER,ULTRA_SCALPING,ORD-1-0581,XAUUSD,0.46,955,,21,0.1,51.73
2026-08-22T11:12:20.609885+00:00,oanda,PAPER,ULTRA_SCALPING,ORD-1-0582,XAUUSD,0.47,960,INSUFFICIENT_MARGIN,22,0.2,51.23
2026-08-22T11:12:20.609888+00:00,oanda,PAPER,ULTRA_SCALPING,ORD-1-0583,XAUUSD,0.48,965,,23,0.3,50.73
2026-08-22T11:12:20.609891+00:00,oanda,PAPER,ULTRA_SCALPING,ORD-1-0584,XAUUSD,0.49,970,,24,0.4,50.23
2026-08-22T11:12:20.609894+00:00,oanda,PAPER,ULTRA_SCALPING,ORD-1-0585,XAUUSD,0.5,975,,25,0.5,49.73
2026-08-22T11:12:20.609898+00:00,oanda,PAPER,ULTRA_SCALPING,ORD-1-0586,XAUUSD,0.51,980,,26,0.6,49.23
2026-08-22T11:12:20.609901+00:00,oanda,PAPER,ULTRA_SCALPING,ORD-1-0587,XAUUSD,0.52,985,,27,0.7,48.73
2026-08-22T11:12:20.609904+00:00,oanda,PAPER,ULTRA_SCALPING,ORD-1-0588,XAUUSD,0.53,990,,28,0.8,48.23
2026-08-22T11:12:20.609908+00:00,oanda,PAPER,ULTRA_SCALPING,ORD-1-0589,XAUUSD,0.54,995,,29,0.9,47.73
2026-08-22T11:12:20.609910+00:00,oanda,PAPER,ULTRA_SCALPING,ORD-1-0590,XAUUSD,0.55,1000,,30,1.0,52.23
2026-08-22T11:12:20.609913+00:00,oanda,PAPER,ULTRA_SCALPING,ORD-1-0591,XAUUSD,0.56,1005,,31,1.1,51.73
2026-08-22T11:12:20.609916+00:00,oanda,PAPER,ULTRA_SCALPING,ORD-1-0592,XAUUSD,0.57,1010,,32,1.2,51.23
2026-08-22T11:12:20.609921+00:00,oanda,PAPER,ULTRA_SCALPING,ORD-1-0593,XAUUSD,0.58,1015,,33,1.3,50.73
2026-08-22T11:12:20.609924+00:00,oanda,PAPER,ULTRA_SCALPING,ORD-1-0594,XAUUSD,0.59,1020,,34,1.4,50.23
2026-08-22T11:12:20.609926+00:00,oanda,PAPER,ULTRA_SCALPING,ORD-1-0595,XAUUSD,0.6,1025,,35,1.5,49.73
2026-08-22T11:12:20.609929+00:00,oanda,PAPER,ULTRA_SCALPING,ORD-1-0596,XAUUSD,0.61,1030,,36,1.6,49.23
2026-08-22T11:12:20.609932+00:00,oanda,PAPER,ULTRA_SCALPING,ORD-1-0597,XAUUSD,0.62,1035,,37,1.7,48.73
2026-08-22T11:12:20.609934+00:00,oanda,PAPER,ULTRA_SCALPING,ORD-1-0598,XAUUSD,0.63,1040,,38,1.8,48.23
2026-08-22T11:12:20.609937+00:00,oanda,PAPER,ULTRA_SCALPING,ORD-1-0599,XAUUSD,0.64,1045,,39,1.9,47.73
2026-08-22T11:12:20.609940+00:00,oanda,PAPER,ULTRA_SCALPING,ORD-1-0600,XAUUSD,0.15,50,,10,0.0,52.23
2026-08-22T11:12:20.609943+00:00,oanda,PAPER,ULTRA_SCALPING,ORD-1-0601,XAUUSD,0.16,55,,11,0.1,51.73
2026-08-22T11:12:20.609945+00:00,oanda,PAPER,ULTRA_SCALPING,ORD-1-0602,XAUUSD,0.17,60,,12,0.2,51.23
2026-08-22T11:12:20.609950+00:00,oanda,PAPER,ULTRA_SCALPING,ORD-1-0603,XAUUSD,0.18,65,,13,0.3,50.73
2026-08-22T11:12:20.609952+00:00,oanda,PAPER,ULTRA_SCALPING,ORD-1-0604,XAUUSD,0.19,70,,14,0.4,50.23
2026-08-22T11:12:20.609955+00:00,oanda,PAPER,ULTRA_SCALPING,ORD-1-0605,XAUUSD,0.2,75,,15,0.5,49.73
2026-08-22T11:12:20.609958+00:00,oanda,PAPER,ULTRA_SCALPING,ORD-1-0606,XAUUSD,0.21,80,,16,0.6,49.23
2026-08-22T11:12:20.609960+00:00,oanda,PAPER,ULTRA_SCALPING,ORD-1-0607,XAUUSD,0.22,85,,17,0.7,48.73
2026-08-22T11:12:20.609963+00:00,oanda,PAPER,ULTRA_SCALPING,ORD-1-0608,XAUUSD,0.23,90,,18,0.8,48.23
2026-08-22T11:12:20.609967+00:00,oanda,PAPER,ULTRA_SCALPING,ORD-1-0609,XAUUSD,0.24,95,,19,0.9,47.73
2026-08-22T11:12:20.609970+00:00,oanda,PAPER,ULTRA_SCALPING,ORD-1-0610,XAUUSD,0.25,100,,20,1.0,52.23
2026-08-22T11:12:20.609973+00:00,oanda,PAPER,ULTRA_SCALPING,ORD-1-0611,XAUUSD,0.26,105,,21,1.1,51.73
2026-08-22T11:12:20.609975+00:00,oanda,PAPER,ULTRA_SCALPING,ORD-1-0612,XAUUSD,0.27,110,,22,1.2,51.23
2026-08-22T11:12:20.609979+00:00,oanda,PAPER,ULTRA_SCALPING,ORD-1-0613,XAUUSD,0.28,115,,23,1.3,50.73
2026-08-22T11:12:20.609982+00:00,oanda,PAPER,ULTRA_SCALPING,ORD-1-0614,XAUUSD,0.29,120,,24,1.4,50.23
2026-08-22T11:12:20.609985+00:00,oanda,PAPER,ULTRA_SCALPING,ORD-1-0615,XAUUSD,0.3,125,,25,1.5,49.73
2026-08-22T11:12:20.609988+00:00,oanda,PAPER,ULTRA_SCALPING,ORD-1-0616,XAUUSD,0.31,130,,26,1.6,49.23
2026-08-22T11:12:20.609990+00:00,oanda,PAPER,ULTRA_SCALPING,ORD-1-0617,XAUUSD,0.32,135,,27,1.7,48.73
2026-08-22T11:12:20.609995+00:00,oanda,PAPER,ULTRA_SCALPING,ORD-1-0618,XAUUSD,0.33,140,,28,1.8,48.23
2026-08-22T11:12:20.609997+00:00,oanda,PAPER,ULTRA_SCALPING,ORD-1-0619,XAUUSD,0.34,145,,29,1.9,47.73
2026-08-22T11:12:20.610000+00:00,oanda,PAPER,ULTRA_SCALPING,ORD-1-0620,XAUUSD,0.35,150,,30,0.0,52.23
2026-08-22T11:12:20.610007+00:00,oanda,PAPER,ULTRA_SCALPING,ORD-1-0621,XAUUSD,0.36,155,,31,0.1,51.73
2026-08-22T11:12:20.610010+00:00,oanda,PAPER,ULTRA_SCALPING,ORD-1-0622,XAUUSD,0.37,160,,32,0.2,51.23
2026-08-22T11:12:20.610014+00:00,oanda,PAPER,ULTRA_SCALPING,ORD-1-0623,XAUUSD,0.38,165,,33,0.3,50.73
2026-08-22T11:12:20.610017+00:00,oanda,PAPER,ULTRA_SCALPING,ORD-1-0624,XAUUSD,0.39,170,,34,0.4,50.23
2026-08-22T11:12:20.610019+00:00,oanda,PAPER,ULTRA_SCALPING,ORD-1-0625,XAUUSD,0.4,175,,35,0.5,49.73
2026-08-22T11:12:20.610022+00:00,oanda,PAPER,ULTRA_SCALPING,ORD-1-0626,XAUUSD,0.41,180,,36,0.6,49.23
2026-08-22T11:12:20.610025+00:00,oanda,PAPER,ULTRA_SCALPING,ORD-1-0627,XAUUSD,0.42,185,,37,0.7,48.73
2026-08-22T11:12:20.610027+00:00,oanda,PAPER,ULTRA_SCALPING,ORD-1-0628,XAUUSD,0.43,190,,38,0.8,48.23
2026-08-22T11:12:20.610030+00:00,oanda,PAPER,ULTRA_SCALPING,ORD-1-0629,XAUUSD,0.44,195,,39,0.9,47.73
2026-08-22T11:12:20.610033+00:00,oanda,PAPER,ULTRA_SCALPING,ORD-1-0630,XAUUSD,0.45,200,,10,1.0,52.23
2026-08-22T11:12:20.610036+00:00,oanda,PAPER,ULTRA_SCALPING,ORD-1-0631,XAUUSD,0.46,205,,11,1.1,51.73
2026-08-22T11:12:20.610038+00:00,oanda,PAPER,ULTRA_SCALPING,ORD-1-0632,XAUUSD,0.47,210,,12,1.2,51.23
2026-08-22T11:12:20.610043+00:00,oanda,PAPER,ULTRA_SCALPING,ORD-1-0633,XAUUSD,0.48,215,,13,1.3,50.73
2026-08-22T11:12:20.610073+00:00,oanda,PAPER,ULTRA_SCALPING,ORD-1-0634,XAUUSD,0.49,220,,14,1.4,50.23
2026-08-22T11:12:20.610077+00:00,oanda,PAPER,ULTRA_SCALPING,ORD-1-0635,XAUUSD,0.5,225,,15,1.5,49.73
2026-08-22T11:12:20.610081+00:00,oanda,PAPER,ULTRA_SCALPING,ORD-1-0636,XAUUSD,0.51,230,,16,1.6,49.23
2026-08-22T11:12:20.610085+00:00,oanda,PAPER,ULTRA_SCALPING,ORD-1-0637,XAUUSD,0.52,235,,17,1.7,48.73
2026-08-22T11:12:20.610089+00:00,oanda,PAPER,ULTRA_SCALPING,ORD-1-0638,XAUUSD,0.53,240,,18,1.8,48.23
2026-08-22T11:12:20.610093+00:00,oanda,PAPER,ULTRA_SCALPING,ORD-1-0639,XAUUSD,0.54,245,,19,1.9,47.73
2026-08-22T11:12:20.610099+00:00,oanda,PAPER,ULTRA_SCALPING,ORD-1-0640,XAUUSD,0.55,250,,20,0.0,52.23
2026-08-22T11:12:20.610102+00:00,oanda,PAPER,ULTRA_SCALPING,ORD-1-0641,XAUUSD,0.56,255,,21,0.1,51.73
2026-08-22T11:12:20.610104+00:00,oanda,PAPER,ULTRA_SCALPING,ORD-1-0642,XAUUSD,0.57,260,,22,0.2,51.23
2026-08-22T11:12:20.610108+00:00,oanda,PAPER,ULTRA_SCALPING,ORD-1-0643,XAUUSD,0.58,265,,23,0.3,50.73
2026-08-22T11:12:20.610111+00:00,oanda,PAPER,ULTRA_SCALPING,ORD-1-0644,XAUUSD,0.59,270,,24,0.4,50.23
2026-08-22T11:12:20.610114+00:00,oanda,PAPER,ULTRA_SCALPING,ORD-1-0645,XAUUSD,0.6,275,,25,0.5,49.73
2026-08-22T11:12:20.610117+00:00,oanda,PAPER,ULTRA_SCALPING,ORD-1-0646,XAUUSD,0.61,280,,26,0.6,49.23
2026-08-22T11:12:20.610119+00:00,oanda,PAPER,ULTRA_SCALPING,ORD-1-0647,XAUUSD,0.62,285,,27,0.7,48.73
2026-08-22T11:12:20.610122+00:00,oanda,PAPER,ULTRA_SCALPING,ORD-1-0648,XAUUSD,0.63,290,,28,0.8,48.23
2026-08-22T11:12:20.610126+00:00,oanda,PAPER,ULTRA_SCALPING,ORD-1-0649,XAUUSD,0.64,295,,29,0.9,47.73
2026-08-22T11:12:20.610130+00:00,oanda,PAPER,ULTRA_SCALPING,ORD-1-0650,XAUUSD,0.15,300,,30,1.0,52.23
2026-08-22T11:12:20.610133+00:00,oanda,PAPER,ULTRA_SCALPING,ORD-1-0651,XAUUSD,0.16,305,,31,1.1,51.73
2026-08-22T11:12:20.610135+00:00,oanda,PAPER,ULTRA_SCALPING,ORD-1-0652,XAUUSD,0.17,310,,32,1.2,51.23
2026-08-22T11:12:20.610139+00:00,oanda,PAPER,ULTRA_SCALPING,ORD-1-0653,XAUUSD,0.18,315,,33,1.3,50.73
2026-08-22T11:12:20.610142+00:00,oanda,PAPER,ULTRA_SCALPING,ORD-1-0654,XAUUSD,0.19,320,,34,1.4,50.23
2026-08-22T11:12:20.610145+00:00,oanda,PAPER,ULTRA_SCALPING,ORD-1-0655,XAUUSD,0.2,325,,35,1.5,49.73
2026-08-22T11:12:20.610148+00:00,oanda,PAPER,ULTRA_SCALPING,ORD-1-0656,XAUUSD,0.21,330,,36,1.6,49.23
2026-08-22T11:12:20.610150+00:00,oanda,PAPER,ULTRA_SCALPING,ORD-1-0657,XAUUSD,0.22,335,,37,1.7,48.73
2026-08-22T11:12:20.610153+00:00,oanda,PAPER,ULTRA_SCALPING,ORD-1-0658,XAUUSD,0.23,340,,38,1.8,48.23
2026-08-22T11:12:20.610156+00:00,oanda,PAPER,ULTRA_SCALPING,ORD-1-0659,XAUUSD,0.24,345,,39,1.9,47.73
2026-08-22T11:12:20.610159+00:00,oanda,PAPER,ULTRA_SCALPING,ORD-1-0660,XAUUSD,0.25,350,,10,0.0,52.23
2026-08-22T11:12:20.610161+00:00,oanda,PAPER,ULTRA_SCALPING,ORD-1-0661,XAUUSD,0.26,355,,11,0.1,51.73
2026-08-22T11:12:20.610164+00:00,oanda,PAPER,ULTRA_SCALPING,ORD-1-0662,XAUUSD,0.27,360,,12,0.2,51.23
2026-08-22T11:12:20.610168+00:00,oanda,PAPER,ULTRA_SCALPING,ORD-1-0663,XAUUSD,0.28,365,,13,0.3,50.73
2026-08-22T11:12:20.610171+00:00,oanda,PAPER,ULTRA_SCALPING,ORD-1-0664,XAUUSD,0.29,370,,14,0.4,50.23
2026-08-22T11:12:20.610174+00:00,oanda,PAPER,ULTRA_SCALPING,ORD-1-0665,XAUUSD,0.3,375,,15,0.5,49.73
2026-08-22T11:12:20.610177+00:00,oanda,PAPER,ULTRA_SCALPING,ORD-1-0666,XAUUSD,0.31,380,,16,0.6,49.23
2026-08-22T11:12:20.610179+00:00,oanda,PAPER,ULTRA_SCALPING,ORD-1-0667,XAUUSD,0.32,385,,17,0.7,48.73
2026-08-22T11:12:20.610182+00:00,oanda,PAPER,ULTRA_SCALPING,ORD-1-0668,XAUUSD,0.33,390,,18,0.8,48.23
2026-08-22T11:12:20.610185+00:00,oanda,PAPER,ULTRA_SCALPING,ORD-1-0669,XAUUSD,0.34,395,,19,0.9,47.73
2026-08-22T11:12:20.610187+00:00,oanda,PAPER,ULTRA_SCALPING,ORD-1-0670,XAUUSD,0.35,400,,20,1.0,52.23
2026-08-22T11:12:20.610190+00:00,oanda,PAPER,ULTRA_SCALPING,ORD-1-0671,XAUUSD,0.36,405,,21,1.1,51.73
2026-08-22T11:12:20.610193+00:00,oanda,PAPER,ULTRA_SCALPING,ORD-1-0672,XAUUSD,0.37,410,,22,1.2,51.23
2026-08-22T11:12:20.610197+00:00,oanda,PAPER,ULTRA_SCALPING,ORD-1-0673,XAUUSD,0.38,415,,23,1.3,50.73
2026-08-22T11:12:20.610200+00:00,oanda,PAPER,ULTRA_SCALPING,ORD-1-0674,XAUUSD,0.39,420,,24,1.4,50.23
2026-08-22T11:12:20.610202+00:00,oanda,PAPER,ULTRA_SCALPING,ORD-1-0675,XAUUSD,0.4,425,,25,1.5,49.73
2026-08-22T11:12:20.610209+00:00,oanda,PAPER,ULTRA_SCALPING,ORD-1-0676,XAUUSD,0.41,430,,26,1.6,49.23
2026-08-22T11:12:20.610212+00:00,oanda,PAPER,ULTRA_SCALPING,ORD-1-0677,XAUUSD,0.42,435,,27,1.7,48.73
2026-08-22T11:12:20.610214+00:00,oanda,PAPER,ULTRA_SCALPING,ORD-1-0678,XAUUSD,0.43,440,,28,1.8,48.23
2026-08-22T11:12:20.610217+00:00,oanda,PAPER,ULTRA_SCALPING,ORD-1-0679,XAUUSD,0.44,445,INSUFFICIENT_MARGIN,29,1.9,47.73
2026-08-22T11:12:20.610220+00:00,oanda,PAPER,ULTRA_SCALPING,ORD-1-0680,XAUUSD,0.45,450,,30,0.0,52.23
2026-08-22T11:12:20.610224+00:00,oanda,PAPER,ULTRA_SCALPING,ORD-1-0681,XAUUSD,0.46,455,,31,0.1,51.73
2026-08-22T11:12:20.610229+00:00,oanda,PAPER,ULTRA_SCALPING,ORD-1-0682,XAUUSD,0.47,460,,32,0.2,51.23
2026-08-22T11:12:20.610232+00:00,oanda,PAPER,ULTRA_SCALPING,ORD-1-0683,XAUUSD,0.48,465,,33,0.3,50.73
2026-08-22T11:12:20.610235+00:00,oanda,PAPER,ULTRA_SCALPING,ORD-1-0684,XAUUSD,0.49,470,,34,0.4,50.23
2026-08-22T11:12:20.610238+00:00,oanda,PAPER,ULTRA_SCALPING,ORD-1-0685,XAUUSD,0.5,475,,35,0.5,49.73
2026-08-22T11:12:20.610241+00:00,oanda,PAPER,ULTRA_SCALPING,ORD-1-0686,XAUUSD,0.51,480,,36,0.6,49.23
2026-08-22T11:12:20.610243+00:00,oanda,PAPER,ULTRA_SCALPING,ORD-1-0687,XAUUSD,0.52,485,,37,0.7,48.73
2026-08-22T11:12:20.610246+00:00,oanda,PAPER,ULTRA_SCALPING,ORD-1-0688,XAUUSD,0.53,490,,38,0.8,48.23
2026-08-22T11:12:20.610249+00:00,oanda,PAPER,ULTRA_SCALPING,ORD-1-0689,XAUUSD,0.54,495,,39,0.9,47.73
2026-08-22T11:12:20.610251+00:00,oanda,PAPER,ULTRA_SCALPING,ORD-1-0690,XAUUSD,0.55,500,,10,1.0,52.23
2026-08-22T11:12:20.610254+00:00,oanda,PAPER,ULTRA_SCALPING,ORD-1-0691,XAUUSD,0.56,505,,11,1.1,51.73
2026-08-22T11:12:20.610259+00:00,oanda,PAPER,ULTRA_SCALPING,ORD-1-0692,XAUUSD,0.57,510,,12,1.2,51.23
2026-08-22T11:12:20.610263+00:00,oanda,PAPER,ULTRA_SCALPING,ORD-1-0693,XAUUSD,0.58,515,,13,1.3,50.73
2026-08-22T11:12:20.610265+00:00,oanda,PAPER,ULTRA_SCALPING,ORD-1-0694,XAUUSD,0.59,520,,14,1.4,50.23
2026-08-22T11:12:20.610268+00:00,oanda,PAPER,ULTRA_SCALPING,ORD-1-0695,XAUUSD,0.6,525,,15,1.5,49.73
2026-08-22T11:12:20.610271+00:00,oanda,PAPER,ULTRA_SCALPING,ORD-1-0696,XAUUSD,0.61,530,,16,1.6,49.23
2026-08-22T11:12:20.610274+00:00,oanda,PAPER,ULTRA_SCALPING,ORD-1-0697,XAUUSD,0.62,535,,17,1.7,48.73
2026-08-22T11:12:20.610276+00:00,oanda,PAPER,ULTRA_SCALPING,ORD-1-0698,XAUUSD,0.63,540,,18,1.8,48.23
2026-08-22T11:12:20.610279+00:00,oanda,PAPER,ULTRA_SCALPING,ORD-1-0699,XAUUSD,0.64,545,,19,1.9,47.73
2026-08-22T11:12:20.610282+00:00,oanda,PAPER,ULTRA_SCALPING,ORD-1-0700,XAUUSD,0.15,550,,20,0.0,52.23
2026-08-22T11:12:20.610284+00:00,oanda,PAPER,ULTRA_SCALPING,ORD-1-0701,XAUUSD,0.16,555,,21,0.1,51.73
2026-08-22T11:12:20.610287+00:00,oanda,PAPER,ULTRA_SCALPING,ORD-1-0702,XAUUSD,0.17,560,,22,0.2,51.23
2026-08-22T11:12:20.610291+00:00,oanda,PAPER,ULTRA_SCALPING,ORD-1-0703,XAUUSD,0.18,565,,23,0.3,50.73
2026-08-22T11:12:20.610294+00:00,oanda,PAPER,ULTRA_SCALPING,ORD-1-0704,XAUUSD,0.19,570,,24,0.4,50.23
2026-08-22T11:12:20.610296+00:00,oanda,PAPER,ULTRA_SCALPING,ORD-1-0705,XAUUSD,0.2,575,,25,0.5,49.73
2026-08-22T11:12:20.610299+00:00,oanda,PAPER,ULTRA_SCALPING,ORD-1-0706,XAUUSD,0.21,580,,26,0.6,49.23
2026-08-22T11:12:20.610302+00:00,oanda,PAPER,ULTRA_SCALPING,ORD-1-0707,XAUUSD,0.22,585,,27,0.7,48.73
2026-08-22T11:12:20.610305+00:00,oanda,PAPER,ULTRA_SCALPING,ORD-1-0708,XAUUSD,0.23,590,,28,0.8,48.23
2026-08-22T11:12:20.610307+00:00,oanda,PAPER,ULTRA_SCALPING,ORD-1-0709,XAUUSD,0.24,595,,29,0.9,47.73
2026-08-22T11:12:20.610310+00:00,oanda,PAPER,ULTRA_SCALPING,ORD-1-0710,XAUUSD,0.25,600,,30,1.0,52.23
2026-08-22T11:12:20.610313+00:00,oanda,PAPER,ULTRA_SCALPING,ORD-1-0711,XAUUSD,0.26,605,,31,1.1,51.73
2026-08-22T11:12:20.610316+00:00,oanda,PAPER,ULTRA_SCALPING,ORD-1-0712,XAUUSD,0.27,610,,32,1.2,51.23
2026-08-22T11:12:20.610322+00:00,oanda,PAPER,ULTRA_SCALPING,ORD-1-0713,XAUUSD,0.28,615,,33,1.3,50.73
2026-08-22T11:12:20.610325+00:00,oanda,PAPER,ULTRA_SCALPING,ORD-1-0714,XAUUSD,0.29,620,,34,1.4,50.23
2026-08-22T11:12:20.610328+00:00,oanda,PAPER,ULTRA_SCALPING,ORD-1-0715,XAUUSD,0.3,625,,35,1.5,49.73
2026-08-22T11:12:20.610330+00:00,oanda,PAPER,ULTRA_SCALPING,ORD-1-0716,XAUUSD,0.31,630,,36,1.6,49.23
2026-08-22T11:12:20.610333+00:00,oanda,PAPER,ULTRA_SCALPING,ORD-1-0717,XAUUSD,0.32,635,,37,1.7,48.73
2026-08-22T11:12:20.610336+00:00,oanda,PAPER,ULTRA_SCALPING,ORD-1-0718,XAUUSD,0.33,640,,38,1.8,48.23
2026-08-22T11:12:20.610338+00:00,oanda,PAPER,ULTRA_SCALPING,ORD-1-0719,XAUUSD,0.34,645,,39,1.9,47.73
2026-08-22T11:12:20.610341+00:00,oanda,PAPER,ULTRA_SCALPING,ORD-1-0720,XAUUSD,0.35,650,,10,0.0,52.23
2026-08-22T11:12:20.610344+00:00,oanda,PAPER,ULTRA_SCALPING,ORD-1-0721,XAUUSD,0.36,655,,11,0.1,51.73
2026-08-22T11:12:20.610347+00:00,oanda,PAPER,ULTRA_SCALPING,ORD-1-0722,XAUUSD,0.37,660,,12,0.2,51.23
2026-08-22T11:12:20.610351+00:00,oanda,PAPER,ULTRA_SCALPING,ORD-1-0723,XAUUSD,0.38,665,,13,0.3,50.73
2026-08-22T11:12:20.610353+00:00,oanda,PAPER,ULTRA_SCALPING,ORD-1-0724,XAUUSD,0.39,670,,14,0.4,50.23
2026-08-22T11:12:20.610356+00:00,oanda,PAPER,ULTRA_SCALPING,ORD-1-0725,XAUUSD,0.4,675,,15,0.5,49.73
2026-08-22T11:12:20.610359+00:00,oanda,PAPER,ULTRA_SCALPING,ORD-1-0726,XAUUSD,0.41,680,,16,0.6,49.23
2026-08-22T11:12:20.610362+00:00,oanda,PAPER,ULTRA_SCALPING,ORD-1-0727,XAUUSD,0.42,685,,17,0.7,48.73
2026-08-22T11:12:20.610364+00:00,oanda,PAPER,ULTRA_SCALPING,ORD-1-0728,XAUUSD,0.43,690,,18,0.8,48.23
2026-08-22T11:12:20.610367+00:00,oanda,PAPER,ULTRA_SCALPING,ORD-1-0729,XAUUSD,0.44,695,,19,0.9,47.73
2026-08-22T11:12:20.610370+00:00,oanda,PAPER,ULTRA_SCALPING,ORD-1-0730,XAUUSD,0.45,700,,20,1.0,52.23
2026-08-22T11:12:20.610372+00:00,oanda,PAPER,ULTRA_SCALPING,ORD-1-0731,XAUUSD,0.46,705,,21,1.1,51.73
2026-08-22T11:12:20.610375+00:00,oanda,PAPER,ULTRA_SCALPING,ORD-1-0732,XAUUSD,0.47,710,,22,1.2,51.23
2026-08-22T11:12:20.610379+00:00,oanda,PAPER,ULTRA_SCALPING,ORD-1-0733,XAUUSD,0.48,715,,23,1.3,50.73
2026-08-22T11:12:20.610382+00:00,oanda,PAPER,ULTRA_SCALPING,ORD-1-0734,XAUUSD,0.49,720,,24,1.4,50.23
2026-08-22T11:12:20.610385+00:00,oanda,PAPER,ULTRA_SCALPING,ORD-1-0735,XAUUSD,0.5,725,,25,1.5,49.73
2026-08-22T11:12:20.610387+00:00,oanda,PAPER,ULTRA_SCALPING,ORD-1-0736,XAUUSD,0.51,730,,26,1.6,49.23
2026-08-22T11:12:20.610390+00:00,oanda,PAPER,ULTRA_SCALPING,ORD-1-0737,XAUUSD,0.52,735,,27,1.7,48.73
2026-08-22T11:12:20.610393+00:00,oanda,PAPER,ULTRA_SCALPING,ORD-1-0738,XAUUSD,0.53,740,,28,1.8,48.23
2026-08-22T11:12:20.610395+00:00,oanda,PAPER,ULTRA_SCALPING,ORD-1-0739,XAUUSD,0.54,745,,29,1.9,47.73
2026-08-22T11:12:20.610398+00:00,oanda,PAPER,ULTRA_SCALPING,ORD-1-0740,XAUUSD,0.55,750,,30,0.0,52.23
2026-08-22T11:12:20.610401+00:00,oanda,PAPER,ULTRA_SCALPING,ORD-1-0741,XAUUSD,0.56,755,,31,0.1,51.73
2026-08-22T11:12:20.610405+00:00,oanda,PAPER,ULTRA_SCALPING,ORD-1-0742,XAUUSD,0.57,760,,32,0.2,51.23
2026-08-22T11:12:20.610409+00:00,oanda,PAPER,ULTRA_SCALPING,ORD-1-0743,XAUUSD,0.58,765,,33,0.3,50.73
2026-08-22T11:12:20.610411+00:00,oanda,PAPER,ULTRA_SCALPING,ORD-1-0744,XAUUSD,0.59,770,,34,0.4,50.23
2026-08-22T11:12:20.610417+00:00,oanda,PAPER,ULTRA_SCALPING,ORD-1-0745,XAUUSD,0.6,775,,35,0.5,49.73
2026-08-22T11:12:20.610419+00:00,oanda,PAPER,ULTRA_SCALPING,ORD-1-0746,XAUUSD,0.61,780,,36,0.6,49.23
2026-08-22T11:12:20.610422+00:00,oanda,PAPER,ULTRA_SCALPING,ORD-1-0747,XAUUSD,0.62,785,,37,0.7,48.73
2026-08-22T11:12:20.610425+00:00,oanda,PAPER,ULTRA_SCALPING,ORD-1-0748,XAUUSD,0.63,790,,38,0.8,48.23
2026-08-22T11:12:20.610428+00:00,oanda,PAPER,ULTRA_SCALPING,ORD-1-0749,XAUUSD,0.64,795,,39,0.9,47.73
2026-08-22T11:12:20.610430+00:00,oanda,PAPER,ULTRA_SCALPING,ORD-1-0750,XAUUSD,0.15,800,,10,1.0,52.23
2026-08-22T11:12:20.610433+00:00,oanda,PAPER,ULTRA_SCALPING,ORD-1-0751,XAUUSD,0.16,805,,11,1.1,51.73
2026-08-22T11:12:20.610436+00:00,oanda,PAPER,ULTRA_SCALPING,ORD-1-0752,XAUUSD,0.17,810,,12,1.2,51.23
2026-08-22T11:12:20.610440+00:00,oanda,PAPER,ULTRA_SCALPING,ORD-1-0753,XAUUSD,0.18,815,,13,1.3,50.73
2026-08-22T11:12:20.610443+00:00,oanda,PAPER,ULTRA_SCALPING,ORD-1-0754,XAUUSD,0.19,820,,14,1.4,50.23
2026-08-22T11:12:20.610445+00:00,oanda,PAPER,ULTRA_SCALPING,ORD-1-0755,XAUUSD,0.2,825,,15,1.5,49.73
2026-08-22T11:12:20.610448+00:00,oanda,PAPER,ULTRA_SCALPING,ORD-1-0756,XAUUSD,0.21,830,,16,1.6,49.23
2026-08-22T11:12:20.610451+00:00,oanda,PAPER,ULTRA_SCALPING,ORD-1-0757,XAUUSD,0.22,835,,17,1.7,48.73
2026-08-22T11:12:20.610453+00:00,oanda,PAPER,ULTRA_SCALPING,ORD-1-0758,XAUUSD,0.23,840,,18,1.8,48.23
2026-08-22T11:12:20.610456+00:00,oanda,PAPER,ULTRA_SCALPING,ORD-1-0759,XAUUSD,0.24,845,,19,1.9,47.73
2026-08-22T11:12:20.610459+00:00,oanda,PAPER,ULTRA_SCALPING,ORD-1-0760,XAUUSD,0.25,850,,20,0.0,52.23
2026-08-22T11:12:20.610462+00:00,oanda,PAPER,ULTRA_SCALPING,ORD-1-0761,XAUUSD,0.26,855,,21,0.1,51.73
2026-08-22T11:12:20.610464+00:00,oanda,PAPER,ULTRA_SCALPING,ORD-1-0762,XAUUSD,0.27,860,,22,0.2,51.23
2026-08-22T11:12:20.610551+00:00,oanda,PAPER,ULTRA_SCALPING,ORD-1-0763,XAUUSD,0.28,865,,23,0.3,50.73
2026-08-22T11:12:20.610553+00:00,oanda,PAPER,ULTRA_SCALPING,ORD-1-0764,XAUUSD,0.29,870,,24,0.4,50.23
2026-08-22T11:12:20.610556+00:00,oanda,PAPER,ULTRA_SCALPING,ORD-1-0765,XAUUSD,0.3,875,,25,0.5,49.73
2026-08-22T11:12:20.610559+00:00,oanda,PAPER,ULTRA_SCALPING,ORD-1-0766,XAUUSD,0.31,880,,26,0.6,49.23
2026-08-22T11:12:20.610562+00:00,oanda,PAPER,ULTRA_SCALPING,ORD-1-0767,XAUUSD,0.32,885,,27,0.7,48.73
2026-08-22T11:12:20.610564+00:00,oanda,PAPER,ULTRA_SCALPING,ORD-1-0768,XAUUSD,0.33,890,,28,0.8,48.23
2026-08-22T11:12:20.610567+00:00,oanda,PAPER,ULTRA_SCALPING,ORD-1-0769,XAUUSD,0.34,895,,29,0.9,47.73
2026-08-22T11:12:20.610570+00:00,oanda,PAPER,ULTRA_SCALPING,ORD-1-0770,XAUUSD,0.35,900,,30,1.0,52.23
2026-08-22T11:12:20.610573+00:00,oanda,PAPER,ULTRA_SCALPING,ORD-1-0771,XAUUSD,0.36,905,,31,1.1,51.73
2026-08-22T11:12:20.610575+00:00,oanda,PAPER,ULTRA_SCALPING,ORD-1-0772,XAUUSD,0.37,910,,32,1.2,51.23
2026-08-22T11:12:20.610579+00:00,oanda,PAPER,ULTRA_SCALPING,ORD-1-0773,XAUUSD,0.38,915,,33,1.3,50.73
2026-08-22T11:12:20.610582+00:00,oanda,PAPER,ULTRA_SCALPING,ORD-1-0774,XAUUSD,0.39,920,,34,1.4,50.23
2026-08-22T11:12:20.610585+00:00,oanda,PAPER,ULTRA_SCALPING,ORD-1-0775,XAUUSD,0.4,925,,35,1.5,49.73
2026-08-22T11:12:20.610588+00:00,oanda,PAPER,ULTRA_SCALPING,ORD-1-0776,XAUUSD,0.41,930,INSUFFICIENT_MARGIN,36,1.6,49.23
2026-08-22T11:12:20.610593+00:00,oanda,PAPER,ULTRA_SCALPING,ORD-1-0777,XAUUSD,0.42,935,,37,1.7,48.73
2026-08-22T11:12:20.610595+00:00,oanda,PAPER,ULTRA_SCALPING,ORD-1-0778,XAUUSD,0.43,940,,38,1.8,48.23
2026-08-22T11:12:20.610598+00:00,oanda,PAPER,ULTRA_SCALPING,ORD-1-0779,XAUUSD,0.44,945,,39,1.9,47.73
2026-08-22T11:12:20.610601+00:00,oanda,PAPER,ULTRA_SCALPING,ORD-1-0780,XAUUSD,0.45,950,,10,0.0,52.23
2026-08-22T11:12:20.610604+00:00,oanda,PAPER,ULTRA_SCALPING,ORD-1-0781,XAUUSD,0.46,955,,11,0.1,51.73
2026-08-22T11:12:20.610606+00:00,oanda,PAPER,ULTRA_SCALPING,ORD-1-0782,XAUUSD,0.47,960,,12,0.2,51.23
2026-08-22T11:12:20.610610+00:00,oanda,PAPER,ULTRA_SCALPING,ORD-1-0783,XAUUSD,0.48,965,,13,0.3,50.73
2026-08-22T11:12:20.610613+00:00,oanda,PAPER,ULTRA_SCALPING,ORD-1-0784,XAUUSD,0.49,970,,14,0.4,50.23
2026-08-22T11:12:20.610616+00:00,oanda,PAPER,ULTRA_SCALPING,ORD-1-0785,XAUUSD,0.5,975,,15,0.5,49.73
2026-08-22T11:12:20.610618+00:00,oanda,PAPER,ULTRA_SCALPING,ORD-1-0786,XAUUSD,0.51,980,,16,0.6,49.23
2026-08-22T11:12:20.610621+00:00,oanda,PAPER,ULTRA_SCALPING,ORD-1-0787,XAUUSD,0.52,985,,17,0.7,48.73
2026-08-22T11:12:20.610624+00:00,oanda,PAPER,ULTRA_SCALPING,ORD-1-0788,XAUUSD,0.53,990,,18,0.8,48.23
2026-08-22T11:12:20.610628+00:00,oanda,PAPER,ULTRA_SCALPING,ORD-1-0789,XAUUSD,0.54,995,,19,0.9,47.73
2026-08-22T11:12:20.610631+00:00,oanda,PAPER,ULTRA_SCALPING,ORD-1-0790,XAUUSD,0.55,1000,,20,1.0,52.23
2026-08-22T11:12:20.610634+00:00,oanda,PAPER,ULTRA_SCALPING,ORD-1-0791,XAUUSD,0.56,1005,,21,1.1,51.73
2026-08-22T11:12:20.610636+00:00,oanda,PAPER,ULTRA_SCALPING,ORD-1-0792,XAUUSD,0.57,1010,,22,1.2,51.23
2026-08-22T11:12:20.610641+00:00,oanda,PAPER,ULTRA_SCALPING,ORD-1-0793,XAUUSD,0.58,1015,,23,1.3,50.73
2026-08-22T11:12:20.610644+00:00,oanda,PAPER,ULTRA_SCALPING,ORD-1-0794,XAUUSD,0.59,1020,,24,1.4,50.23
2026-08-22T11:12:20.610647+00:00,oanda,PAPER,ULTRA_SCALPING,ORD-1-0795,XAUUSD,0.6,1025,,25,1.5,49.73
2026-08-22T11:12:20.610650+00:00,oanda,PAPER,ULTRA_SCALPING,ORD-1-0796,XAUUSD,0.61,1030,,26,1.6,49.23
2026-08-22T11:12:20.610652+00:00,oanda,PAPER,ULTRA_SCALPING,ORD-1-0797,XAUUSD,0.62,1035,,27,1.7,48.73
2026-08-22T11:12:20.610655+00:00,oanda,PAPER,ULTRA_SCALPING,ORD-1-0798,XAUUSD,0.63,1040,,28,1.8,48.23
2026-08-22T11:12:20.610658+00:00,oanda,PAPER,ULTRA_SCALPING,ORD-1-0799,XAUUSD,0.64,1045,,29,1.9,47.73
2026-08-22T11:12:20.610661+00:00,oanda,PAPER,ULTRA_SCALPING,ORD-1-0800,XAUUSD,0.15,50,,30,0.0,52.23
2026-08-22T11:12:20.610663+00:00,oanda,PAPER,ULTRA_SCALPING,ORD-1-0801,XAUUSD,0.16,55,,31,0.1,51.73
2026-08-22T11:12:20.610666+00:00,oanda,PAPER,ULTRA_SCALPING,ORD-1-0802,XAUUSD,0.17,60,,32,0.2,51.23
2026-08-22T11:12:20.610670+00:00,oanda,PAPER,ULTRA_SCALPING,ORD-1-0803,XAUUSD,0.18,65,,33,0.3,50.73
2026-08-22T11:12:20.610673+00:00,oanda,PAPER,ULTRA_SCALPING,ORD-1-0804,XAUUSD,0.19,70,,34,0.4,50.23
2026-08-22T11:12:20.610676+00:00,oanda,PAPER,ULTRA_SCALPING,ORD-1-0805,XAUUSD,0.2,75,,35,0.5,49.73
2026-08-22T11:12:20.610679+00:00,oanda,PAPER,ULTRA_SCALPING,ORD-1-0806,XAUUSD,0.21,80,,36,0.6,49.23
2026-08-22T11:12:20.610681+00:00,oanda,PAPER,ULTRA_SCALPING,ORD-1-0807,XAUUSD,0.22,85,,37,0.7,48.73
2026-08-22T11:12:20.610684+00:00,oanda,PAPER,ULTRA_SCALPING,ORD-1-0808,XAUUSD,0.23,90,,38,0.8,48.23
2026-08-22T11:12:20.610688+00:00,oanda,PAPER,ULTRA_SCALPING,ORD-1-0809,XAUUSD,0.24,95,,39,0.9,47.73
2026-08-22T11:12:20.610691+00:00,oanda,PAPER,ULTRA_SCALPING,ORD-1-0810,XAUUSD,0.25,100,,10,1.0,52.23
2026-08-22T11:12:20.610694+00:00,oanda,PAPER,ULTRA_SCALPING,ORD-1-0811,XAUUSD,0.26,105,,11,1.1,51.73
2026-08-22T11:12:20.610698+00:00,oanda,PAPER,ULTRA_SCALPING,ORD-1-0812,XAUUSD,0.27,110,,12,1.2,51.23
2026-08-22T11:12:20.610702+00:00,oanda,PAPER,ULTRA_SCALPING,ORD-1-0813,XAUUSD,0.28,115,,13,1.3,50.73
2026-08-22T11:12:20.610704+00:00,oanda,PAPER,ULTRA_SCALPING,ORD-1-0814,XAUUSD,0.29,120,,14,1.4,50.23
2026-08-22T11:12:20.610707+00:00,oanda,PAPER,ULTRA_SCALPING,ORD-1-0815,XAUUSD,0.3,125,,15,1.5,49.73
2026-08-22T11:12:20.610710+00:00,oanda,PAPER,ULTRA_SCALPING,ORD-1-0816,XAUUSD,0.31,130,,16,1.6,49.23
2026-08-22T11:12:20.610713+00:00,oanda,PAPER,ULTRA_SCALPING,ORD-1-0817,XAUUSD,0.32,135,,17,1.7,48.73
2026-08-22T11:12:20.610715+00:00,oanda,PAPER,ULTRA_SCALPING,ORD-1-0818,XAUUSD,0.33,140,,18,1.8,48.23
2026-08-22T11:12:20.610718+00:00,oanda,PAPER,ULTRA_SCALPING,ORD-1-0819,XAUUSD,0.34,145,,19,1.9,47.73
2026-08-22T11:12:20.610721+00:00,oanda,PAPER,ULTRA_SCALPING,ORD-1-0820,XAUUSD,0.35,150,,20,0.0,52.23
2026-08-22T11:12:20.610723+00:00,oanda,PAPER,ULTRA_SCALPING,ORD-1-0821,XAUUSD,0.36,155,,21,0.1,51.73
2026-08-22T11:12:20.610726+00:00,oanda,PAPER,ULTRA_SCALPING,ORD-1-0822,XAUUSD,0.37,160,,22,0.2,51.23
2026-08-22T11:12:20.610730+00:00,oanda,PAPER,ULTRA_SCALPING,ORD-1-0823,XAUUSD,0.38,165,,23,0.3,50.73
2026-08-22T11:12:20.610733+00:00,oanda,PAPER,ULTRA_SCALPING,ORD-1-0824,XAUUSD,0.39,170,,24,0.4,50.23
2026-08-22T11:12:20.610735+00:00,oanda,PAPER,ULTRA_SCALPING,ORD-1-0825,XAUUSD,0.4,175,,25,0.5,49.73
2026-08-22T11:12:20.610738+00:00,oanda,PAPER,ULTRA_SCALPING,ORD-1-0826,XAUUSD,0.41,180,,26,0.6,49.23
2026-08-22T11:12:20.610741+00:00,oanda,PAPER,ULTRA_SCALPING,ORD-1-0827,XAUUSD,0.42,185,,27,0.7,48.73
2026-08-22T11:12:20.610744+00:00,oanda,PAPER,ULTRA_SCALPING,ORD-1-0828,XAUUSD,0.43,190,,28,0.8,48.23
2026-08-22T11:12:20.610746+00:00,oanda,PAPER,ULTRA_SCALPING,ORD-1-0829,XAUUSD,0.44,195,,29,0.9,47.73
2026-08-22T11:12:20.610749+00:00,oanda,PAPER,ULTRA_SCALPING,ORD-1-0830,XAUUSD,0.45,200,,30,1.0,52.23
2026-08-22T11:12:20.610752+00:00,oanda,PAPER,ULTRA_SCALPING,ORD-1-0831,XAUUSD,0.46,205,,31,1.1,51.73
2026-08-22T11:12:20.610755+00:00,oanda,PAPER,ULTRA_SCALPING,ORD-1-0832,XAUUSD,0.47,210,,32,1.2,51.23
2026-08-22T11:12:20.610758+00:00,oanda,PAPER,ULTRA_SCALPING,ORD-1-0833,XAUUSD,0.48,215,,33,1.3,50.73
2026-08-22T11:12:20.610761+00:00,oanda,PAPER,ULTRA_SCALPING,ORD-1-0834,XAUUSD,0.49,220,,34,1.4,50.23
2026-08-22T11:12:20.610764+00:00,oanda,PAPER,ULTRA_SCALPING,ORD-1-0835,XAUUSD,0.5,225,,35,1.5,49.73
2026-08-22T11:12:20.610767+00:00,oanda,PAPER,ULTRA_SCALPING,ORD-1-0836,XAUUSD,0.51,230,,36,1.6,49.23
2026-08-22T11:12:20.610769+00:00,oanda,PAPER,ULTRA_SCALPING,ORD-1-0837,XAUUSD,0.52,235,,37,1.7,48.73
2026-08-22T11:12:20.610772+00:00,oanda,PAPER,ULTRA_SCALPING,ORD-1-0838,XAUUSD,0.53,240,,38,1.8,48.23
2026-08-22T11:12:20.610775+00:00,oanda,PAPER,ULTRA_SCALPING,ORD-1-0839,XAUUSD,0.54,245,,39,1.9,47.73
2026-08-22T11:12:20.610778+00:00,oanda,PAPER,ULTRA_SCALPING,ORD-1-0840,XAUUSD,0.55,250,,10,0.0,52.23
2026-08-22T11:12:20.610782+00:00,oanda,PAPER,ULTRA_SCALPING,ORD-1-0841,XAUUSD,0.56,255,,11,0.1,51.73
2026-08-22T11:12:20.610784+00:00,oanda,PAPER,ULTRA_SCALPING,ORD-1-0842,XAUUSD,0.57,260,,12,0.2,51.23
2026-08-22T11:12:20.610788+00:00,oanda,PAPER,ULTRA_SCALPING,ORD-1-0843,XAUUSD,0.58,265,,13,0.3,50.73
2026-08-22T11:12:20.610793+00:00,oanda,PAPER,ULTRA_SCALPING,ORD-1-0844,XAUUSD,0.59,270,,14,0.4,50.23
2026-08-22T11:12:20.610796+00:00,oanda,PAPER,ULTRA_SCALPING,ORD-1-0845,XAUUSD,0.6,275,,15,0.5,49.73
2026-08-22T11:12:20.610799+00:00,oanda,PAPER,ULTRA_SCALPING,ORD-1-0846,XAUUSD,0.61,280,,16,0.6,49.23
2026-08-22T11:12:20.610801+00:00,oanda,PAPER,ULTRA_SCALPING,ORD-1-0847,XAUUSD,0.62,285,,17,0.7,48.73
2026-08-22T11:12:20.610804+00:00,oanda,PAPER,ULTRA_SCALPING,ORD-1-0848,XAUUSD,0.63,290,,18,0.8,48.23
2026-08-22T11:12:20.610807+00:00,oanda,PAPER,ULTRA_SCALPING,ORD-1-0849,XAUUSD,0.64,295,,19,0.9,47.73
2026-08-22T11:12:20.610809+00:00,oanda,PAPER,ULTRA_SCALPING,ORD-1-0850,XAUUSD,0.15,300,,20,1.0,52.23
2026-08-22T11:12:20.610813+00:00,oanda,PAPER,ULTRA_SCALPING,ORD-1-0851,XAUUSD,0.16,305,,21,1.1,51.73
2026-08-22T11:12:20.610816+00:00,oanda,PAPER,ULTRA_SCALPING,ORD-1-0852,XAUUSD,0.17,310,,22,1.2,51.23
2026-08-22T11:12:20.610820+00:00,oanda,PAPER,ULTRA_SCALPING,ORD-1-0853,XAUUSD,0.18,315,,23,1.3,50.73
2026-08-22T11:12:20.610823+00:00,oanda,PAPER,ULTRA_SCALPING,ORD-1-0854,XAUUSD,0.19,320,,24,1.4,50.23
2026-08-22T11:12:20.610826+00:00,oanda,PAPER,ULTRA_SCALPING,ORD-1-0855,XAUUSD,0.2,325,,25,1.5,49.73
2026-08-22T11:12:20.610828+00:00,oanda,PAPER,ULTRA_SCALPING,ORD-1-0856,XAUUSD,0.21,330,,26,1.6,49.23
2026-08-22T11:12:20.610831+00:00,oanda,PAPER,ULTRA_SCALPING,ORD-1-0857,XAUUSD,0.22,335,,27,1.7,48.73
2026-08-22T11:12:20.610834+00:00,oanda,PAPER,ULTRA_SCALPING,ORD-1-0858,XAUUSD,0.23,340,,28,1.8,48.23
2026-08-22T11:12:20.610837+00:00,oanda,PAPER,ULTRA_SCALPING,ORD-1-0859,XAUUSD,0.24,345,,29,1.9,47.73
2026-08-22T11:12:20.610839+00:00,oanda,PAPER,ULTRA_SCALPING,ORD-1-0860,XAUUSD,0.25,350,,30,0.0,52.23
2026-08-22T11:12:20.610842+00:00,oanda,PAPER,ULTRA_SCALPING,ORD-1-0861,XAUUSD,0.26,355,,31,0.1,51.73
2026-08-22T11:12:20.610845+00:00,oanda,PAPER,ULTRA_SCALPING,ORD-1-0862,XAUUSD,0.27,360,,32,0.2,51.23
2026-08-22T11:12:20.610849+00:00,oanda,PAPER,ULTRA_SCALPING,ORD-1-0863,XAUUSD,0.28,365,,33,0.3,50.73
2026-08-22T11:12:20.610851+00:00,oanda,PAPER,ULTRA_SCALPING,ORD-1-0864,XAUUSD,0.29,370,,34,0.4,50.23
2026-08-22T11:12:20.610854+00:00,oanda,PAPER,ULTRA_SCALPING,ORD-1-0865,XAUUSD,0.3,375,,35,0.5,49.73
2026-08-22T11:12:20.610857+00:00,oanda,PAPER,ULTRA_SCALPING,ORD-1-0866,XAUUSD,0.31,380,,36,0.6,49.23
2026-08-22T11:12:20.610860+00:00,oanda,PAPER,ULTRA_SCALPING,ORD-1-0867,XAUUSD,0.32,385,,37,0.7,48.73
2026-08-22T11:12:20.610862+00:00,oanda,PAPER,ULTRA_SCALPING,ORD-1-0868,XAUUSD,0.33,390,,38,0.8,48.23
2026-08-22T11:12:20.610865+00:00,oanda,PAPER,ULTRA_SCALPING,ORD-1-0869,XAUUSD,0.34,395,,39,0.9,47.73
2026-08-22T11:12:20.610868+00:00,oanda,PAPER,ULTRA_SCALPING,ORD-1-0870,XAUUSD,0.35,400,,10,1.0,52.23
2026-08-22T11:12:20.610870+00:00,oanda,PAPER,ULTRA_SCALPING,ORD-1-0871,XAUUSD,0.36,405,,11,1.1,51.73
2026-08-22T11:12:20.610873+00:00,oanda,PAPER,ULTRA_SCALPING,ORD-1-0872,XAUUSD,0.37,410,,12,1.2,51.23
2026-08-22T11:12:20.610878+00:00,oanda,PAPER,ULTRA_SCALPING,ORD-1-0873,XAUUSD,0.38,415,INSUFFICIENT_MARGIN,13,1.3,50.73
2026-08-22T11:12:20.610881+00:00,oanda,PAPER,ULTRA_SCALPING,ORD-1-0874,XAUUSD,0.39,420,,14,1.4,50.23
2026-08-22T11:12:20.610884+00:00,oanda,PAPER,ULTRA_SCALPING,ORD-1-0875,XAUUSD,0.4,425,,15,1.5,49.73
2026-08-22T11:12:20.610886+00:00,oanda,PAPER,ULTRA_SCALPING,ORD-1-0876,XAUUSD,0.41,430,,16,1.6,49.23
2026-08-22T11:12:20.610889+00:00,oanda,PAPER,ULTRA_SCALPING,ORD-1-0877,XAUUSD,0.42,435,,17,1.7,48.73
2026-08-22T11:12:20.610892+00:00,oanda,PAPER,ULTRA_SCALPING,ORD-1-0878,XAUUSD,0.43,440,,18,1.8,48.23
2026-08-22T11:12:20.610895+00:00,oanda,PAPER,ULTRA_SCALPING,ORD-1-0879,XAUUSD,0.44,445,,19,1.9,47.73
2026-08-22T11:12:20.610897+00:00,oanda,PAPER,ULTRA_SCALPING,ORD-1-0880,XAUUSD,0.45,450,,20,0.0,52.23
2026-08-22T11:12:20.610900+00:00,oanda,PAPER,ULTRA_SCALPING,ORD-1-0881,XAUUSD,0.46,455,,21,0.1,51.73
2026-08-22T11:12:20.610903+00:00,oanda,PAPER,ULTRA_SCALPING,ORD-1-0882,XAUUSD,0.47,460,,22,0.2,51.23
2026-08-22T11:12:20.610908+00:00,oanda,PAPER,ULTRA_SCALPING,ORD-1-0883,XAUUSD,0.48,465,,23,0.3,50.73
2026-08-22T11:12:20.610911+00:00,oanda,PAPER,ULTRA_SCALPING,ORD-1-0884,XAUUSD,0.49,470,,24,0.4,50.23
2026-08-22T11:12:20.610913+00:00,oanda,PAPER,ULTRA_SCALPING,ORD-1-0885,XAUUSD,0.5,475,,25,0.5,49.73
2026-08-22T11:12:20.610916+00:00,oanda,PAPER,ULTRA_SCALPING,ORD-1-0886,XAUUSD,0.51,480,,26,0.6,49.23
2026-08-22T11:12:20.610919+00:00,oanda,PAPER,ULTRA_SCALPING,ORD-1-0887,XAUUSD,0.52,485,,27,0.7,48.73
2026-08-22T11:12:20.610922+00:00,oanda,PAPER,ULTRA_SCALPING,ORD-1-0888,XAUUSD,0.53,490,,28,0.8,48.23
2026-08-22T11:12:20.610924+00:00,oanda,PAPER,ULTRA_SCALPING,ORD-1-0889,XAUUSD,0.54,495,,29,0.9,47.73
2026-08-22T11:12:20.610927+00:00,oanda,PAPER,ULTRA_SCALPING,ORD-1-0890,XAUUSD,0.55,500,,30,1.0,52.23
2026-08-22T11:12:20.610930+00:00,oanda,PAPER,ULTRA_SCALPING,ORD-1-0891,XAUUSD,0.56,505,,31,1.1,51.73
2026-08-22T11:12:20.610933+00:00,oanda,PAPER,ULTRA_SCALPING,ORD-1-0892,XAUUSD,0.57,510,,32,1.2,51.23
2026-08-22T11:12:20.610936+00:00,oanda,PAPER,ULTRA_SCALPING,ORD-1-0893,XAUUSD,0.58,515,,33,1.3,50.73
2026-08-22T11:12:20.610939+00:00,oanda,PAPER,ULTRA_SCALPING,ORD-1-0894,XAUUSD,0.59,520,,34,1.4,50.23
2026-08-22T11:12:20.610942+00:00,oanda,PAPER,ULTRA_SCALPING,ORD-1-0895,XAUUSD,0.6,525,,35,1.5,49.73
2026-08-22T11:12:20.610946+00:00,oanda,PAPER,ULTRA_SCALPING,ORD-1-0896,XAUUSD,0.61,530,,36,1.6,49.23
2026-08-22T11:12:20.610949+00:00,oanda,PAPER,ULTRA_SCALPING,ORD-1-0897,XAUUSD,0.62,535,,37,1.7,48.73
2026-08-22T11:12:20.610952+00:00,oanda,PAPER,ULTRA_SCALPING,ORD-1-0898,XAUUSD,0.63,540,,38,1.8,48.23
2026-08-22T11:12:20.610955+00:00,oanda,PAPER,ULTRA_SCALPING,ORD-1-0899,XAUUSD,0.64,545,,39,1.9,47.73
2026-08-22T11:12:20.610957+00:00,oanda,PAPER,ULTRA_SCALPING,ORD-1-0900,XAUUSD,0.15,550,,10,0.0,52.23
2026-08-22T11:12:20.610960+00:00,oanda,PAPER,ULTRA_SCALPING,ORD-1-0901,XAUUSD,0.16,555,,11,0.1,51.73
2026-08-22T11:12:20.610963+00:00,oanda,PAPER,ULTRA_SCALPING,ORD-1-0902,XAUUSD,0.17,560,,12,0.2,51.23
2026-08-22T11:12:20.610967+00:00,oanda,PAPER,ULTRA_SCALPING,ORD-1-0903,XAUUSD,0.18,565,,13,0.3,50.73
2026-08-22T11:12:20.610970+00:00,oanda,PAPER,ULTRA_SCALPING,ORD-1-0904,XAUUSD,0.19,570,,14,0.4,50.23
2026-08-22T11:12:20.610974+00:00,oanda,PAPER,ULTRA_SCALPING,ORD-1-0905,XAUUSD,0.2,575,,15,0.5,49.73
2026-08-22T11:12:20.610976+00:00,oanda,PAPER,ULTRA_SCALPING,ORD-1-0906,XAUUSD,0.21,580,,16,0.6,49.23
2026-08-22T11:12:20.610979+00:00,oanda,PAPER,ULTRA_SCALPING,ORD-1-0907,XAUUSD,0.22,585,,17,0.7,48.73
2026-08-22T11:12:20.610982+00:00,oanda,PAPER,ULTRA_SCALPING,ORD-1-0908,XAUUSD,0.23,590,,18,0.8,48.23
2026-08-22T11:12:20.610985+00:00,oanda,PAPER,ULTRA_SCALPING,ORD-1-0909,XAUUSD,0.24,595,,19,0.9,47.73
2026-08-22T11:12:20.610987+00:00,oanda,PAPER,ULTRA_SCALPING,ORD-1-0910,XAUUSD,0.25,600,,20,1.0,52.23
2026-08-22T11:12:20.610990+00:00,oanda,PAPER,ULTRA_SCALPING,ORD-1-0911,XAUUSD,0.26,605,,21,1.1,51.73
2026-08-22T11:12:20.610993+00:00,oanda,PAPER,ULTRA_SCALPING,ORD-1-0912,XAUUSD,0.27,610,,22,1.2,51.23
2026-08-22T11:12:20.610997+00:00,oanda,PAPER,ULTRA_SCALPING,ORD-1-0913,XAUUSD,0.28,615,,23,1.3,50.73
2026-08-22T11:12:20.611000+00:00,oanda,PAPER,ULTRA_SCALPING,ORD-1-0914,XAUUSD,0.29,620,,24,1.4,50.23
2026-08-22T11:12:20.611004+00:00,oanda,PAPER,ULTRA_SCALPING,ORD-1-0915,XAUUSD,0.3,625,,25,1.5,49.73
2026-08-22T11:12:20.611006+00:00,oanda,PAPER,ULTRA_SCALPING,ORD-1-0916,XAUUSD,0.31,630,,26,1.6,49.23
2026-08-22T11:12:20.611009+00:00,oanda,PAPER,ULTRA_SCALPING,ORD-1-0917,XAUUSD,0.32,635,,27,1.7,48.73
2026-08-22T11:12:20.611012+00:00,oanda,PAPER,ULTRA_SCALPING,ORD-1-0918,XAUUSD,0.33,640,,28,1.8,48.23
2026-08-22T11:12:20.611015+00:00,oanda,PAPER,ULTRA_SCALPING,ORD-1-0919,XAUUSD,0.34,645,,29,1.9,47.73
2026-08-22T11:12:20.611017+00:00,oanda,PAPER,ULTRA_SCALPING,ORD-1-0920,XAUUSD,0.35,650,,30,0.0,52.23
2026-08-22T11:12:20.611020+00:00,oanda,PAPER,ULTRA_SCALPING,ORD-1-0921,XAUUSD,0.36,655,,31,0.1,51.73
2026-08-22T11:12:20.611023+00:00,oanda,PAPER,ULTRA_SCALPING,ORD-1-0922,XAUUSD,0.37,660,,32,0.2,51.23
2026-08-22T11:12:20.611027+00:00,oanda,PAPER,ULTRA_SCALPING,ORD-1-0923,XAUUSD,0.38,665,,33,0.3,50.73
2026-08-22T11:12:20.611029+00:00,oanda,PAPER,ULTRA_SCALPING,ORD-1-0924,XAUUSD,0.39,670,,34,0.4,50.23
2026-08-22T11:12:20.611032+00:00,oanda,PAPER,ULTRA_SCALPING,ORD-1-0925,XAUUSD,0.4,675,,35,0.5,49.73
2026-08-22T11:12:20.611035+00:00,oanda,PAPER,ULTRA_SCALPING,ORD-1-0926,XAUUSD,0.41,680,,36,0.6,49.23
2026-08-22T11:12:20.611038+00:00,oanda,PAPER,ULTRA_SCALPING,ORD-1-0927,XAUUSD,0.42,685,,37,0.7,48.73
2026-08-22T11:12:20.611040+00:00,oanda,PAPER,ULTRA_SCALPING,ORD-1-0928,XAUUSD,0.43,690,,38,0.8,48.23
2026-08-22T11:12:20.611043+00:00,oanda,PAPER,ULTRA_SCALPING,ORD-1-0929,XAUUSD,0.44,695,,39,0.9,47.73
2026-08-22T11:12:20.611054+00:00,oanda,PAPER,ULTRA_SCALPING,ORD-1-0930,XAUUSD,0.45,700,,10,1.0,52.23
2026-08-22T11:12:20.611058+00:00,oanda,PAPER,ULTRA_SCALPING,ORD-1-0931,XAUUSD,0.46,705,,11,1.1,51.73
2026-08-22T11:12:20.611062+00:00,oanda,PAPER,ULTRA_SCALPING,ORD-1-0932,XAUUSD,0.47,710,,12,1.2,51.23
2026-08-22T11:12:20.611066+00:00,oanda,PAPER,ULTRA_SCALPING,ORD-1-0933,XAUUSD,0.48,715,,13,1.3,50.73
2026-08-22T11:12:20.611069+00:00,oanda,PAPER,ULTRA_SCALPING,ORD-1-0934,XAUUSD,0.49,720,,14,1.4,50.23
2026-08-22T11:12:20.611072+00:00,oanda,PAPER,ULTRA_SCALPING,ORD-1-0935,XAUUSD,0.5,725,,15,1.5,49.73
2026-08-22T11:12:20.611075+00:00,oanda,PAPER,ULTRA_SCALPING,ORD-1-0936,XAUUSD,0.51,730,,16,1.6,49.23
2026-08-22T11:12:20.611079+00:00,oanda,PAPER,ULTRA_SCALPING,ORD-1-0937,XAUUSD,0.52,735,,17,1.7,48.73
2026-08-22T11:12:20.611081+00:00,oanda,PAPER,ULTRA_SCALPING,ORD-1-0938,XAUUSD,0.53,740,,18,1.8,48.23
2026-08-22T11:12:20.611084+00:00,oanda,PAPER,ULTRA_SCALPING,ORD-1-0939,XAUUSD,0.54,745,,19,1.9,47.73
2026-08-22T11:12:20.611087+00:00,oanda,PAPER,ULTRA_SCALPING,ORD-1-0940,XAUUSD,0.55,750,,20,0.0,52.23
2026-08-22T11:12:20.611090+00:00,oanda,PAPER,ULTRA_SCALPING,ORD-1-0941,XAUUSD,0.56,755,,21,0.1,51.73
2026-08-22T11:12:20.611092+00:00,oanda,PAPER,ULTRA_SCALPING,ORD-1-0942,XAUUSD,0.57,760,,22,0.2,51.23
2026-08-22T11:12:20.611096+00:00,oanda,PAPER,ULTRA_SCALPING,ORD-1-0943,XAUUSD,0.58,765,,23,0.3,50.73
2026-08-22T11:12:20.611099+00:00,oanda,PAPER,ULTRA_SCALPING,ORD-1-0944,XAUUSD,0.59,770,,24,0.4,50.23
2026-08-22T11:12:20.611102+00:00,oanda,PAPER,ULTRA_SCALPING,ORD-1-0945,XAUUSD,0.6,775,,25,0.5,49.73
2026-08-22T11:12:20.611106+00:00,oanda,PAPER,ULTRA_SCALPING,ORD-1-0946,XAUUSD,0.61,780,,26,0.6,49.23
2026-08-22T11:12:20.611110+00:00,oanda,PAPER,ULTRA_SCALPING,ORD-1-0947,XAUUSD,0.62,785,,27,0.7,48.73
2026-08-22T11:12:20.611112+00:00,oanda,PAPER,ULTRA_SCALPING,ORD-1-0948,XAUUSD,0.63,790,,28,0.8,48.23
2026-08-22T11:12:20.611115+00:00,oanda,PAPER,ULTRA_SCALPING,ORD-1-0949,XAUUSD,0.64,795,,29,0.9,47.73
2026-08-22T11:12:20.611118+00:00,oanda,PAPER,ULTRA_SCALPING,ORD-1-0950,XAUUSD,0.15,800,,30,1.0,52.23
2026-08-22T11:12:20.611121+00:00,oanda,PAPER,ULTRA_SCALPING,ORD-1-0951,XAUUSD,0.16,805,,31,1.1,51.73
2026-08-22T11:12:20.611123+00:00,oanda,PAPER,ULTRA_SCALPING,ORD-1-0952,XAUUSD,0.17,810,,32,1.2,51.23
2026-08-22T11:12:20.611127+00:00,oanda,PAPER,ULTRA_SCALPING,ORD-1-0953,XAUUSD,0.18,815,,33,1.3,50.73
2026-08-22T11:12:20.611130+00:00,oanda,PAPER,ULTRA_SCALPING,ORD-1-0954,XAUUSD,0.19,820,,34,1.4,50.23
2026-08-22T11:12:20.611133+00:00,oanda,PAPER,ULTRA_SCALPING,ORD-1-0955,XAUUSD,0.2,825,,35,1.5,49.73
2026-08-22T11:12:20.611135+00:00,oanda,PAPER,ULTRA_SCALPING,ORD-1-0956,XAUUSD,0.21,830,,36,1.6,49.23
2026-08-22T11:12:20.611138+00:00,oanda,PAPER,ULTRA_SCALPING,ORD-1-0957,XAUUSD,0.22,835,,37,1.7,48.73
2026-08-22T11:12:20.611141+00:00,oanda,PAPER,ULTRA_SCALPING,ORD-1-0958,XAUUSD,0.23,840,,38,1.8,48.23
2026-08-22T11:12:20.611144+00:00,oanda,PAPER,ULTRA_SCALPING,ORD-1-0959,XAUUSD,0.24,845,,39,1.9,47.73
2026-08-22T11:12:20.611146+00:00,oanda,PAPER,ULTRA_SCALPING,ORD-1-0960,XAUUSD,0.25,850,,10,0.0,52.23
2026-08-22T11:12:20.611149+00:00,oanda,PAPER,ULTRA_SCALPING,ORD-1-0961,XAUUSD,0.26,855,,11,0.1,51.73
2026-08-22T11:12:20.611152+00:00,oanda,PAPER,ULTRA_SCALPING,ORD-1-0962,XAUUSD,0.27,860,,12,0.2,51.23
2026-08-22T11:12:20.611156+00:00,oanda,PAPER,ULTRA_SCALPING,ORD-1-0963,XAUUSD,0.28,865,,13,0.3,50.73
2026-08-22T11:12:20.611158+00:00,oanda,PAPER,ULTRA_SCALPING,ORD-1-0964,XAUUSD,0.29,870,,14,0.4,50.23
2026-08-22T11:12:20.611161+00:00,oanda,PAPER,ULTRA_SCALPING,ORD-1-0965,XAUUSD,0.3,875,,15,0.5,49.73
2026-08-22T11:12:20.611164+00:00,oanda,PAPER,ULTRA_SCALPING,ORD-1-0966,XAUUSD,0.31,880,,16,0.6,49.23
2026-08-22T11:12:20.611167+00:00,oanda,PAPER,ULTRA_SCALPING,ORD-1-0967,XAUUSD,0.32,885,,17,0.7,48.73
2026-08-22T11:12:20.611171+00:00,oanda,PAPER,ULTRA_SCALPING,ORD-1-0968,XAUUSD,0.33,890,,18,0.8,48.23
2026-08-22T11:12:20.611173+00:00,oanda,PAPER,ULTRA_SCALPING,ORD-1-0969,XAUUSD,0.34,895,,19,0.9,47.73
2026-08-22T11:12:20.611176+00:00,oanda,PAPER,ULTRA_SCALPING,ORD-1-0970,XAUUSD,0.35,900,INSUFFICIENT_MARGIN,20,1.0,52.23
2026-08-22T11:12:20.611179+00:00,oanda,PAPER,ULTRA_SCALPING,ORD-1-0971,XAUUSD,0.36,905,,21,1.1,51.73
2026-08-22T11:12:20.611181+00:00,oanda,PAPER,ULTRA_SCALPING,ORD-1-0972,XAUUSD,0.37,910,,22,1.2,51.23
2026-08-22T11:12:20.611185+00:00,oanda,PAPER,ULTRA_SCALPING,ORD-1-0973,XAUUSD,0.38,915,,23,1.3,50.73
2026-08-22T11:12:20.611188+00:00,oanda,PAPER,ULTRA_SCALPING,ORD-1-0974,XAUUSD,0.39,920,,24,1.4,50.23
2026-08-22T11:12:20.611191+00:00,oanda,PAPER,ULTRA_SCALPING,ORD-1-0975,XAUUSD,0.4,925,,25,1.5,49.73
2026-08-22T11:12:20.611193+00:00,oanda,PAPER,ULTRA_SCALPING,ORD-1-0976,XAUUSD,0.41,930,,26,1.6,49.23
2026-08-22T11:12:20.611196+00:00,oanda,PAPER,ULTRA_SCALPING,ORD-1-0977,XAUUSD,0.42,935,,27,1.7,48.73
2026-08-22T11:12:20.611200+00:00,oanda,PAPER,ULTRA_SCALPING,ORD-1-0978,XAUUSD,0.43,940,,28,1.8,48.23
2026-08-22T11:12:20.611203+00:00,oanda,PAPER,ULTRA_SCALPING,ORD-1-0979,XAUUSD,0.44,945,,29,1.9,47.73
2026-08-22T11:12:20.611206+00:00,oanda,PAPER,ULTRA_SCALPING,ORD-1-0980,XAUUSD,0.45,950,,30,0.0,52.23
2026-08-22T11:12:20.611208+00:00,oanda,PAPER,ULTRA_SCALPING,ORD-1-0981,XAUUSD,0.46,955,,31,0.1,51.73
2026-08-22T11:12:20.611211+00:00,oanda,PAPER,ULTRA_SCALPING,ORD-1-0982,XAUUSD,0.47,960,,32,0.2,51.23
2026-08-22T11:12:20.611215+00:00,oanda,PAPER,ULTRA_SCALPING,ORD-1-0983,XAUUSD,0.48,965,,33,0.3,50.73
2026-08-22T11:12:20.611218+00:00,oanda,PAPER,ULTRA_SCALPING,ORD-1-0984,XAUUSD,0.49,970,,34,0.4,50.23
2026-08-22T11:12:20.611220+00:00,oanda,PAPER,ULTRA_SCALPING,ORD-1-0985,XAUUSD,0.5,975,,35,0.5,49.73
2026-08-22T11:12:20.611223+00:00,oanda,PAPER,ULTRA_SCALPING,ORD-1-0986,XAUUSD,0.51,980,,36,0.6,49.23
2026-08-22T11:12:20.611226+00:00,oanda,PAPER,ULTRA_SCALPING,ORD-1-0987,XAUUSD,0.52,985,,37,0.7,48.73
2026-08-22T11:12:20.611228+00:00,oanda,PAPER,ULTRA_SCALPING,ORD-1-0988,XAUUSD,0.53,990,,38,0.8,48.23
2026-08-22T11:12:20.611231+00:00,oanda,PAPER,ULTRA_SCALPING,ORD-1-0989,XAUUSD,0.54,995,,39,0.9,47.73
2026-08-22T11:12:20.611234+00:00,oanda,PAPER,ULTRA_SCALPING,ORD-1-0990,XAUUSD,0.55,1000,,10,1.0,52.23
2026-08-22T11:12:20.611237+00:00,oanda,PAPER,ULTRA_SCALPING,ORD-1-0991,XAUUSD,0.56,1005,,11,1.1,51.73
2026-08-22T11:12:20.611239+00:00,oanda,PAPER,ULTRA_SCALPING,ORD-1-0992,XAUUSD,0.57,1010,,12,1.2,51.23
2026-08-22T11:12:20.611243+00:00,oanda,PAPER,ULTRA_SCALPING,ORD-1-0993,XAUUSD,0.58,1015,,13,1.3,50.73
2026-08-22T11:12:20.611246+00:00,oanda,PAPER,ULTRA_SCALPING,ORD-1-0994,XAUUSD,0.59,1020,,14,1.4,50.23
2026-08-22T11:12:20.611249+00:00,oanda,PAPER,ULTRA_SCALPING,ORD-1-0995,XAUUSD,0.6,1025,,15,1.5,49.73
2026-08-22T11:12:20.611252+00:00,oanda,PAPER,ULTRA_SCALPING,ORD-1-0996,XAUUSD,0.61,1030,,16,1.6,49.23
2026-08-22T11:12:20.611255+00:00,oanda,PAPER,ULTRA_SCALPING,ORD-1-0997,XAUUSD,0.62,1035,,17,1.7,48.73
2026-08-22T11:12:20.611258+00:00,oanda,PAPER,ULTRA_SCALPING,ORD-1-0998,XAUUSD,0.63,1040,,18,1.8,48.23
2026-08-22T11:12:20.611261+00:00,oanda,PAPER,ULTRA_SCALPING,ORD-1-0999,XAUUSD,0.64,1045,,19,1.9,47.73
2026-08-22T11:12:20.611265+00:00,oanda,PAPER,STANDARD_SWING,ORD-2-0000,XAUUSD,0.15,50,INSUFFICIENT_MARGIN,10,0.0,52.23
2026-08-22T11:12:20.611268+00:00,oanda,PAPER,STANDARD_SWING,ORD-2-0001,XAUUSD,0.16,55,,11,0.1,51.73
2026-08-22T11:12:20.611271+00:00,oanda,PAPER,STANDARD_SWING,ORD-2-0002,XAUUSD,0.17,60,,12,0.2,51.23
2026-08-22T11:12:20.611275+00:00,oanda,PAPER,STANDARD_SWING,ORD-2-0003,XAUUSD,0.18,65,,13,0.3,50.73
2026-08-22T11:12:20.611278+00:00,oanda,PAPER,STANDARD_SWING,ORD-2-0004,XAUUSD,0.19,70,,14,0.4,50.23
2026-08-22T11:12:20.611280+00:00,oanda,PAPER,STANDARD_SWING,ORD-2-0005,XAUUSD,0.2,75,,15,0.5,49.73
2026-08-22T11:12:20.611283+00:00,oanda,PAPER,STANDARD_SWING,ORD-2-0006,XAUUSD,0.21,80,,16,0.6,49.23
2026-08-22T11:12:20.611286+00:00,oanda,PAPER,STANDARD_SWING,ORD-2-0007,XAUUSD,0.22,85,,17,0.7,48.73
2026-08-22T11:12:20.611288+00:00,oanda,PAPER,STANDARD_SWING,ORD-2-0008,XAUUSD,0.23,90,,18,0.8,48.23
2026-08-22T11:12:20.611291+00:00,oanda,PAPER,STANDARD_SWING,ORD-2-0009,XAUUSD,0.24,95,,19,0.9,47.73
2026-08-22T11:12:20.611294+00:00,oanda,PAPER,STANDARD_SWING,ORD-2-0010,XAUUSD,0.25,100,,20,1.0,52.23
2026-08-22T11:12:20.611297+00:00,oanda,PAPER,STANDARD_SWING,ORD-2-0011,XAUUSD,0.26,105,,21,1.1,51.73
2026-08-22T11:12:20.611299+00:00,oanda,PAPER,STANDARD_SWING,ORD-2-0012,XAUUSD,0.27,110,,22,1.2,51.23
2026-08-22T11:12:20.611304+00:00,oanda,PAPER,STANDARD_SWING,ORD-2-0013,XAUUSD,0.28,115,,23,1.3,50.73
2026-08-22T11:12:20.611308+00:00,oanda,PAPER,STANDARD_SWING,ORD-2-0014,XAUUSD,0.29,120,,24,1.4,50.23
2026-08-22T11:12:20.611311+00:00,oanda,PAPER,STANDARD_SWING,ORD-2-0015,XAUUSD,0.3,125,,25,1.5,49.73
2026-08-22T11:12:20.611313+00:00,oanda,PAPER,STANDARD_SWING,ORD-2-0016,XAUUSD,0.31,130,,26,1.6,49.23
2026-08-22T11:12:20.611316+00:00,oanda,PAPER,STANDARD_SWING,ORD-2-0017,XAUUSD,0.32,135,,27,1.7,48.73
2026-08-22T11:12:20.611319+00:00,oanda,PAPER,STANDARD_SWING,ORD-2-0018,XAUUSD,0.33,140,,28,1.8,48.23
2026-08-22T11:12:20.611322+00:00,oanda,PAPER,STANDARD_SWING,ORD-2-0019,XAUUSD,0.34,145,,29,1.9,47.73
2026-08-22T11:12:20.611324+00:00,oanda,PAPER,STANDARD_SWING,ORD-2-0020,XAUUSD,0.35,150,,30,0.0,52.23
2026-08-22T11:12:20.611327+00:00,oanda,PAPER,STANDARD_SWING,ORD-2-0021,XAUUSD,0.36,155,,31,0.1,51.73
2026-08-22T11:12:20.611330+00:00,oanda,PAPER,STANDARD_SWING,ORD-2-0022,XAUUSD,0.37,160,,32,0.2,51.23
2026-08-22T11:12:20.611333+00:00,oanda,PAPER,STANDARD_SWING,ORD-2-0023,XAUUSD,0.38,165,,33,0.3,50.73
2026-08-22T11:12:20.611336+00:00,oanda,PAPER,STANDARD_SWING,ORD-2-0024,XAUUSD,0.39,170,,34,0.4,50.23
2026-08-22T11:12:20.611339+00:00,oanda,PAPER,STANDARD_SWING,ORD-2-0025,XAUUSD,0.4,175,,35,0.5,49.73
2026-08-22T11:12:20.611341+00:00,oanda,PAPER,STANDARD_SWING,ORD-2-0026,XAUUSD,0.41,180,,36,0.6,49.23
2026-08-22T11:12:20.611344+00:00,oanda,PAPER,STANDARD_SWING,ORD-2-0027,XAUUSD,0.42,185,,37,0.7,48.73
2026-08-22T11:12:20.611347+00:00,oanda,PAPER,STANDARD_SWING,ORD-2-0028,XAUUSD,0.43,190,,38,0.8,48.23
2026-08-22T11:12:20.611349+00:00,oanda,PAPER,STANDARD_SWING,ORD-2-0029,XAUUSD,0.44,195,,39,0.9,47.73
2026-08-22T11:12:20.611352+00:00,oanda,PAPER,STANDARD_SWING,ORD-2-0030,XAUUSD,0.45,200,,10,1.0,52.23
2026-08-22T11:12:20.611355+00:00,oanda,PAPER,STANDARD_SWING,ORD-2-0031,XAUUSD,0.46,205,,11,1.1,51.73
2026-08-22T11:12:20.611382+00:00,oanda,PAPER,STANDARD_SWING,ORD-2-0032,XAUUSD,0.47,210,,12,1.2,51.23
2026-08-22T11:12:20.611397+00:00,oanda,PAPER,STANDARD_SWING,ORD-2-0033,XAUUSD,0.48,215,,13,1.3,50.73
2026-08-22T11:12:20.611399+00:00,oanda,PAPER,STANDARD_SWING,ORD-2-0034,XAUUSD,0.49,220,,14,1.4,50.23
2026-08-22T11:12:20.611402+00:00,oanda,PAPER,STANDARD_SWING,ORD-2-0035,XAUUSD,0.5,225,,15,1.5,49.73
2026-08-22T11:12:20.611405+00:00,oanda,PAPER,STANDARD_SWING,ORD-2-0036,XAUUSD,0.51,230,,16,1.6,49.23
2026-08-22T11:12:20.611408+00:00,oanda,PAPER,STANDARD_SWING,ORD-2-0037,XAUUSD,0.52,235,,17,1.7,48.73
2026-08-22T11:12:20.611411+00:00,oanda,PAPER,STANDARD_SWING,ORD-2-0038,XAUUSD,0.53,240,,18,1.8,48.23
2026-08-22T11:12:20.611413+00:00,oanda,PAPER,STANDARD_SWING,ORD-2-0039,XAUUSD,0.54,245,,19,1.9,47.73
2026-08-22T11:12:20.611416+00:00,oanda,PAPER,STANDARD_SWING,ORD-2-0040,XAUUSD,0.55,250,,20,0.0,52.23
2026-08-22T11:12:20.611419+00:00,oanda,PAPER,STANDARD_SWING,ORD-2-0041,XAUUSD,0.56,255,,21,0.1,51.73
2026-08-22T11:12:20.611421+00:00,oanda,PAPER,STANDARD_SWING,ORD-2-0042,XAUUSD,0.57,260,,22,0.2,51.23
2026-08-22T11:12:20.611426+00:00,oanda,PAPER,STANDARD_SWING,ORD-2-0043,XAUUSD,0.58,265,,23,0.3,50.73
2026-08-22T11:12:20.611428+00:00,oanda,PAPER,STANDARD_SWING,ORD-2-0044,XAUUSD,0.59,270,,24,0.4,50.23
2026-08-22T11:12:20.611431+00:00,oanda,PAPER,STANDARD_SWING,ORD-2-0045,XAUUSD,0.6,275,,25,0.5,49.73
2026-08-22T11:12:20.611434+00:00,oanda,PAPER,STANDARD_SWING,ORD-2-0046,XAUUSD,0.61,280,,26,0.6,49.23
2026-08-22T11:12:20.611436+00:00,oanda,PAPER,STANDARD_SWING,ORD-2-0047,XAUUSD,0.62,285,,27,0.7,48.73
2026-08-22T11:12:20.611440+00:00,oanda,PAPER,STANDARD_SWING,ORD-2-0048,XAUUSD,0.63,290,,28,0.8,48.23
2026-08-22T11:12:20.611443+00:00,oanda,PAPER,STANDARD_SWING,ORD-2-0049,XAUUSD,0.64,295,,29,0.9,47.73
2026-08-22T11:12:20.611446+00:00,oanda,PAPER,STANDARD_SWING,ORD-2-0050,XAUUSD,0.15,300,,30,1.0,52.23
2026-08-22T11:12:20.611448+00:00,oanda,PAPER,STANDARD_SWING,ORD-2-0051,XAUUSD,0.16,305,,31,1.1,51.73
2026-08-22T11:12:20.611451+00:00,oanda,PAPER,STANDARD_SWING,ORD-2-0052,XAUUSD,0.17,310,,32,1.2,51.23
2026-08-22T11:12:20.611456+00:00,oanda,PAPER,STANDARD_SWING,ORD-2-0053,XAUUSD,0.18,315,,33,1.3,50.73
2026-08-22T11:12:20.611459+00:00,oanda,PAPER,STANDARD_SWING,ORD-2-0054,XAUUSD,0.19,320,,34,1.4,50.23
2026-08-22T11:12:20.611462+00:00,oanda,PAPER,STANDARD_SWING,ORD-2-0055,XAUUSD,0.2,325,,35,1.5,49.73
2026-08-22T11:12:20.611465+00:00,oanda,PAPER,STANDARD_SWING,ORD-2-0056,XAUUSD,0.21,330,,36,1.6,49.23
2026-08-22T11:12:20.611467+00:00,oanda,PAPER,STANDARD_SWING,ORD-2-0057,XAUUSD,0.22,335,,37,1.7,48.73
2026-08-22T11:12:20.611470+00:00,oanda,PAPER,STANDARD_SWING,ORD-2-0058,XAUUSD,0.23,340,,38,1.8,48.23
2026-08-22T11:12:20.611473+00:00,oanda,PAPER,STANDARD_SWING,ORD-2-0059,XAUUSD,0.24,345,,39,1.9,47.73
2026-08-22T11:12:20.611475+00:00,oanda,PAPER,STANDARD_SWING,ORD-2-0060,XAUUSD,0.25,350,,10,0.0,52.23
2026-08-22T11:12:20.611478+00:00,oanda,PAPER,STANDARD_SWING,ORD-2-0061,XAUUSD,0.26,355,,11,0.1,51.73
2026-08-22T11:12:20.611481+00:00,oanda,PAPER,STANDARD_SWING,ORD-2-0062,XAUUSD,0.27,360,,12,0.2,51.23
2026-08-22T11:12:20.611485+00:00,oanda,PAPER,STANDARD_SWING,ORD-2-0063,XAUUSD,0.28,365,,13,0.3,50.73
2026-08-22T11:12:20.611489+00:00,oanda,PAPER,STANDARD_SWING,ORD-2-0064,XAUUSD,0.29,370,,14,0.4,50.23
2026-08-22T11:12:20.611491+00:00,oanda,PAPER,STANDARD_SWING,ORD-2-0065,XAUUSD,0.3,375,,15,0.5,49.73
2026-08-22T11:12:20.611494+00:00,oanda,PAPER,STANDARD_SWING,ORD-2-0066,XAUUSD,0.31,380,,16,0.6,49.23
2026-08-22T11:12:20.611497+00:00,oanda,PAPER,STANDARD_SWING,ORD-2-0067,XAUUSD,0.32,385,,17,0.7,48.73
2026-08-22T11:12:20.611499+00:00,oanda,PAPER,STANDARD_SWING,ORD-2-0068,XAUUSD,0.33,390,,18,0.8,48.23
2026-08-22T11:12:20.611502+00:00,oanda,PAPER,STANDARD_SWING,ORD-2-0069,XAUUSD,0.34,395,,19,0.9,47.73
2026-08-22T11:12:20.611505+00:00,oanda,PAPER,STANDARD_SWING,ORD-2-0070,XAUUSD,0.35,400,,20,1.0,52.23
2026-08-22T11:12:20.611508+00:00,oanda,PAPER,STANDARD_SWING,ORD-2-0071,XAUUSD,0.36,405,,21,1.1,51.73
2026-08-22T11:12:20.611510+00:00,oanda,PAPER,STANDARD_SWING,ORD-2-0072,XAUUSD,0.37,410,,22,1.2,51.23
2026-08-22T11:12:20.611515+00:00,oanda,PAPER,STANDARD_SWING,ORD-2-0073,XAUUSD,0.38,415,,23,1.3,50.73
2026-08-22T11:12:20.611517+00:00,oanda,PAPER,STANDARD_SWING,ORD-2-0074,XAUUSD,0.39,420,,24,1.4,50.23
2026-08-22T11:12:20.611520+00:00,oanda,PAPER,STANDARD_SWING,ORD-2-0075,XAUUSD,0.4,425,,25,1.5,49.73
2026-08-22T11:12:20.611523+00:00,oanda,PAPER,STANDARD_SWING,ORD-2-0076,XAUUSD,0.41,430,,26,1.6,49.23
2026-08-22T11:12:20.611526+00:00,oanda,PAPER,STANDARD_SWING,ORD-2-0077,XAUUSD,0.42,435,,27,1.7,48.73
2026-08-22T11:12:20.611528+00:00,oanda,PAPER,STANDARD_SWING,ORD-2-0078,XAUUSD,0.43,440,,28,1.8,48.23
2026-08-22T11:12:20.611531+00:00,oanda,PAPER,STANDARD_SWING,ORD-2-0079,XAUUSD,0.44,445,,29,1.9,47.73
2026-08-22T11:12:20.611545+00:00,oanda,PAPER,STANDARD_SWING,ORD-2-0080,XAUUSD,0.45,450,,30,0.0,52.23
2026-08-22T11:12:20.611548+00:00,oanda,PAPER,STANDARD_SWING,ORD-2-0081,XAUUSD,0.46,455,,31,0.1,51.73
2026-08-22T11:12:20.611550+00:00,oanda,PAPER,STANDARD_SWING,ORD-2-0082,XAUUSD,0.47,460,,32,0.2,51.23
2026-08-22T11:12:20.611554+00:00,oanda,PAPER,STANDARD_SWING,ORD-2-0083,XAUUSD,0.48,465,,33,0.3,50.73
2026-08-22T11:12:20.611557+00:00,oanda,PAPER,STANDARD_SWING,ORD-2-0084,XAUUSD,0.49,470,,34,0.4,50.23
2026-08-22T11:12:20.611561+00:00,oanda,PAPER,STANDARD_SWING,ORD-2-0085,XAUUSD,0.5,475,,35,0.5,49.73
2026-08-22T11:12:20.611564+00:00,oanda,PAPER,STANDARD_SWING,ORD-2-0086,XAUUSD,0.51,480,,36,0.6,49.23
2026-08-22T11:12:20.611567+00:00,oanda,PAPER,STANDARD_SWING,ORD-2-0087,XAUUSD,0.52,485,,37,0.7,48.73
2026-08-22T11:12:20.611573+00:00,oanda,PAPER,STANDARD_SWING,ORD-2-0088,XAUUSD,0.53,490,,38,0.8,48.23
2026-08-22T11:12:20.611576+00:00,oanda,PAPER,STANDARD_SWING,ORD-2-0089,XAUUSD,0.54,495,,39,0.9,47.73
2026-08-22T11:12:20.611578+00:00,oanda,PAPER,STANDARD_SWING,ORD-2-0090,XAUUSD,0.55,500,,10,1.0,52.23
2026-08-22T11:12:20.611581+00:00,oanda,PAPER,STANDARD_SWING,ORD-2-0091,XAUUSD,0.56,505,,11,1.1,51.73
2026-08-22T11:12:20.611584+00:00,oanda,PAPER,STANDARD_SWING,ORD-2-0092,XAUUSD,0.57,510,,12,1.2,51.23
2026-08-22T11:12:20.611588+00:00,oanda,PAPER,STANDARD_SWING,ORD-2-0093,XAUUSD,0.58,515,,13,1.3,50.73
2026-08-22T11:12:20.611591+00:00,oanda,PAPER,STANDARD_SWING,ORD-2-0094,XAUUSD,0.59,520,,14,1.4,50.23
2026-08-22T11:12:20.611593+00:00,oanda,PAPER,STANDARD_SWING,ORD-2-0095,XAUUSD,0.6,525,,15,1.5,49.73
2026-08-22T11:12:20.611598+00:00,oanda,PAPER,STANDARD_SWING,ORD-2-0096,XAUUSD,0.61,530,,16,1.6,49.23
2026-08-22T11:12:20.611601+00:00,oanda,PAPER,STANDARD_SWING,ORD-2-0097,XAUUSD,0.62,535,INSUFFICIENT_MARGIN,17,1.7,48.73
2026-08-22T11:12:20.611604+00:00,oanda,PAPER,STANDARD_SWING,ORD-2-0098,XAUUSD,0.63,540,,18,1.8,48.23
2026-08-22T11:12:20.611607+00:00,oanda,PAPER,STANDARD_SWING,ORD-2-0099,XAUUSD,0.64,545,,19,1.9,47.73
2026-08-22T11:12:20.611611+00:00,oanda,PAPER,STANDARD_SWING,ORD-2-0100,XAUUSD,0.15,550,,20,0.0,52.23
2026-08-22T11:12:20.611613+00:00,oanda,PAPER,STANDARD_SWING,ORD-2-0101,XAUUSD,0.16,555,,21,0.1,51.73
2026-08-22T11:12:20.611616+00:00,oanda,PAPER,STANDARD_SWING,ORD-2-0102,XAUUSD,0.17,560,,22,0.2,51.23
2026-08-22T11:12:20.611620+00:00,oanda,PAPER,STANDARD_SWING,ORD-2-0103,XAUUSD,0.18,565,,23,0.3,50.73
2026-08-22T11:12:20.611623+00:00,oanda,PAPER,STANDARD_SWING,ORD-2-0104,XAUUSD,0.19,570,,24,0.4,50.23
2026-08-22T11:12:20.611625+00:00,oanda,PAPER,STANDARD_SWING,ORD-2-0105,XAUUSD,0.2,575,,25,0.5,49.73
2026-08-22T11:12:20.611628+00:00,oanda,PAPER,STANDARD_SWING,ORD-2-0106,XAUUSD,0.21,580,,26,0.6,49.23
2026-08-22T11:12:20.611631+00:00,oanda,PAPER,STANDARD_SWING,ORD-2-0107,XAUUSD,0.22,585,,27,0.7,48.73
2026-08-22T11:12:20.611633+00:00,oanda,PAPER,STANDARD_SWING,ORD-2-0108,XAUUSD,0.23,590,,28,0.8,48.23
2026-08-22T11:12:20.611636+00:00,oanda,PAPER,STANDARD_SWING,ORD-2-0109,XAUUSD,0.24,595,,29,0.9,47.73
2026-08-22T11:12:20.611639+00:00,oanda,PAPER,STANDARD_SWING,ORD-2-0110,XAUUSD,0.25,600,,30,1.0,52.23
2026-08-22T11:12:20.611642+00:00,oanda,PAPER,STANDARD_SWING,ORD-2-0111,XAUUSD,0.26,605,,31,1.1,51.73
2026-08-22T11:12:20.611644+00:00,oanda,PAPER,STANDARD_SWING,ORD-2-0112,XAUUSD,0.27,610,,32,1.2,51.23
2026-08-22T11:12:20.611648+00:00,oanda,PAPER,STANDARD_SWING,ORD-2-0113,XAUUSD,0.28,615,,33,1.3,50.73
2026-08-22T11:12:20.611651+00:00,oanda,PAPER,STANDARD_SWING,ORD-2-0114,XAUUSD,0.29,620,,34,1.4,50.23
2026-08-22T11:12:20.611654+00:00,oanda,PAPER,STANDARD_SWING,ORD-2-0115,XAUUSD,0.3,625,,35,1.5,49.73
2026-08-22T11:12:20.611658+00:00,oanda,PAPER,STANDARD_SWING,ORD-2-0116,XAUUSD,0.31,630,,36,1.6,49.23
2026-08-22T11:12:20.611660+00:00,oanda,PAPER,STANDARD_SWING,ORD-2-0117,XAUUSD,0.32,635,,37,1.7,48.73
2026-08-22T11:12:20.611663+00:00,oanda,PAPER,STANDARD_SWING,ORD-2-0118,XAUUSD,0.33,640,,38,1.8,48.23
2026-08-22T11:12:20.611666+00:00,oanda,PAPER,STANDARD_SWING,ORD-2-0119,XAUUSD,0.34,645,,39,1.9,47.73
2026-08-22T11:12:20.611668+00:00,oanda,PAPER,STANDARD_SWING,ORD-2-0120,XAUUSD,0.35,650,,10,0.0,52.23
2026-08-22T11:12:20.611671+00:00,oanda,PAPER,STANDARD_SWING,ORD-2-0121,XAUUSD,0.36,655,,11,0.1,51.73
2026-08-22T11:12:20.611674+00:00,oanda,PAPER,STANDARD_SWING,ORD-2-0122,XAUUSD,0.37,660,,12,0.2,51.23
2026-08-22T11:12:20.611678+00:00,oanda,PAPER,STANDARD_SWING,ORD-2-0123,XAUUSD,0.38,665,,13,0.3,50.73
2026-08-22T11:12:20.611681+00:00,oanda,PAPER,STANDARD_SWING,ORD-2-0124,XAUUSD,0.39,670,,14,0.4,50.23
2026-08-22T11:12:20.611683+00:00,oanda,PAPER,STANDARD_SWING,ORD-2-0125,XAUUSD,0.4,675,,15,0.5,49.73
2026-08-22T11:12:20.611686+00:00,oanda,PAPER,STANDARD_SWING,ORD-2-0126,XAUUSD,0.41,680,,16,0.6,49.23
2026-08-22T11:12:20.611689+00:00,oanda,PAPER,STANDARD_SWING,ORD-2-0127,XAUUSD,0.42,685,,17,0.7,48.73
2026-08-22T11:12:20.611693+00:00,oanda,PAPER,STANDARD_SWING,ORD-2-0128,XAUUSD,0.43,690,,18,0.8,48.23
2026-08-22T11:12:20.611695+00:00,oanda,PAPER,STANDARD_SWING,ORD-2-0129,XAUUSD,0.44,695,,19,0.9,47.73
2026-08-22T11:12:20.611698+00:00,oanda,PAPER,STANDARD_SWING,ORD-2-0130,XAUUSD,0.45,700,,20,1.0,52.23
2026-08-22T11:12:20.611701+00:00,oanda,PAPER,STANDARD_SWING,ORD-2-0131,XAUUSD,0.46,705,,21,1.1,51.73
2026-08-22T11:12:20.611704+00:00,oanda,PAPER,STANDARD_SWING,ORD-2-0132,XAUUSD,0.47,710,,22,1.2,51.23
2026-08-22T11:12:20.611708+00:00,oanda,PAPER,STANDARD_SWING,ORD-2-0133,XAUUSD,0.48,715,,23,1.3,50.73
2026-08-22T11:12:20.611710+00:00,oanda,PAPER,STANDARD_SWING,ORD-2-0134,XAUUSD,0.49,720,,24,1.4,50.23
2026-08-22T11:12:20.611717+00:00,oanda,PAPER,STANDARD_SWING,ORD-2-0135,XAUUSD,0.5,725,,25,1.5,49.73
2026-08-22T11:12:20.611719+00:00,oanda,PAPER,STANDARD_SWING,ORD-2-0136,XAUUSD,0.51,730,,26,1.6,49.23
2026-08-22T11:12:20.611722+00:00,oanda,PAPER,STANDARD_SWING,ORD-2-0137,XAUUSD,0.52,735,,27,1.7,48.73
2026-08-22T11:12:20.611725+00:00,oanda,PAPER,STANDARD_SWING,ORD-2-0138,XAUUSD,0.53,740,,28,1.8,48.23
2026-08-22T11:12:20.611728+00:00,oanda,PAPER,STANDARD_SWING,ORD-2-0139,XAUUSD,0.54,745,,29,1.9,47.73
2026-08-22T11:12:20.611730+00:00,oanda,PAPER,STANDARD_SWING,ORD-2-0140,XAUUSD,0.55,750,,30,0.0,52.23
2026-08-22T11:12:20.611733+00:00,oanda,PAPER,STANDARD_SWING,ORD-2-0141,XAUUSD,0.56,755,,31,0.1,51.73
2026-08-22T11:12:20.611736+00:00,oanda,PAPER,STANDARD_SWING,ORD-2-0142,XAUUSD,0.57,760,,32,0.2,51.23
2026-08-22T11:12:20.611740+00:00,oanda,PAPER,STANDARD_SWING,ORD-2-0143,XAUUSD,0.58,765,,33,0.3,50.73
2026-08-22T11:12:20.611742+00:00,oanda,PAPER,STANDARD_SWING,ORD-2-0144,XAUUSD,0.59,770,,34,0.4,50.23
2026-08-22T11:12:20.611745+00:00,oanda,PAPER,STANDARD_SWING,ORD-2-0145,XAUUSD,0.6,775,,35,0.5,49.73
2026-08-22T11:12:20.611748+00:00,oanda,PAPER,STANDARD_SWING,ORD-2-0146,XAUUSD,0.61,780,,36,0.6,49.23
2026-08-22T11:12:20.611750+00:00,oanda,PAPER,STANDARD_SWING,ORD-2-0147,XAUUSD,0.62,785,,37,0.7,48.73
2026-08-22T11:12:20.611754+00:00,oanda,PAPER,STANDARD_SWING,ORD-2-0148,XAUUSD,0.63,790,,38,0.8,48.23
2026-08-22T11:12:20.611761+00:00,oanda,PAPER,STANDARD_SWING,ORD-2-0149,XAUUSD,0.64,795,,39,0.9,47.73
2026-08-22T11:12:20.611765+00:00,oanda,PAPER,STANDARD_SWING,ORD-2-0150,XAUUSD,0.15,800,,10,1.0,52.23
2026-08-22T11:12:20.611767+00:00,oanda,PAPER,STANDARD_SWING,ORD-2-0151,XAUUSD,0.16,805,,11,1.1,51.73
2026-08-22T11:12:20.611770+00:00,oanda,PAPER,STANDARD_SWING,ORD-2-0152,XAUUSD,0.17,810,,12,1.2,51.23
2026-08-22T11:12:20.611774+00:00,oanda,PAPER,STANDARD_SWING,ORD-2-0153,XAUUSD,0.18,815,,13,1.3,50.73
2026-08-22T11:12:20.611777+00:00,oanda,PAPER,STANDARD_SWING,ORD-2-0154,XAUUSD,0.19,820,,14,1.4,50.23
2026-08-22T11:12:20.611779+00:00,oanda,PAPER,STANDARD_SWING,ORD-2-0155,XAUUSD,0.2,825,,15,1.5,49.73
2026-08-22T11:12:20.611782+00:00,oanda,PAPER,STANDARD_SWING,ORD-2-0156,XAUUSD,0.21,830,,16,1.6,49.23
2026-08-22T11:12:20.611785+00:00,oanda,PAPER,STANDARD_SWING,ORD-2-0157,XAUUSD,0.22,835,,17,1.7,48.73
2026-08-22T11:12:20.611788+00:00,oanda,PAPER,STANDARD_SWING,ORD-2-0158,XAUUSD,0.23,840,,18,1.8,48.23
2026-08-22T11:12:20.611790+00:00,oanda,PAPER,STANDARD_SWING,ORD-2-0159,XAUUSD,0.24,845,,19,1.9,47.73
2026-08-22T11:12:20.611794+00:00,oanda,PAPER,STANDARD_SWING,ORD-2-0160,XAUUSD,0.25,850,,20,0.0,52.23
2026-08-22T11:12:20.611797+00:00,oanda,PAPER,STANDARD_SWING,ORD-2-0161,XAUUSD,0.26,855,,21,0.1,51.73
2026-08-22T11:12:20.611800+00:00,oanda,PAPER,STANDARD_SWING,ORD-2-0162,XAUUSD,0.27,860,,22,0.2,51.23
2026-08-22T11:12:20.611803+00:00,oanda,PAPER,STANDARD_SWING,ORD-2-0163,XAUUSD,0.28,865,,23,0.3,50.73
2026-08-22T11:12:20.611806+00:00,oanda,PAPER,STANDARD_SWING,ORD-2-0164,XAUUSD,0.29,870,,24,0.4,50.23
2026-08-22T11:12:20.611809+00:00,oanda,PAPER,STANDARD_SWING,ORD-2-0165,XAUUSD,0.3,875,,25,0.5,49.73
2026-08-22T11:12:20.611812+00:00,oanda,PAPER,STANDARD_SWING,ORD-2-0166,XAUUSD,0.31,880,,26,0.6,49.23
2026-08-22T11:12:20.611814+00:00,oanda,PAPER,STANDARD_SWING,ORD-2-0167,XAUUSD,0.32,885,,27,0.7,48.73
2026-08-22T11:12:20.611817+00:00,oanda,PAPER,STANDARD_SWING,ORD-2-0168,XAUUSD,0.33,890,,28,0.8,48.23
2026-08-22T11:12:20.611820+00:00,oanda,PAPER,STANDARD_SWING,ORD-2-0169,XAUUSD,0.34,895,,29,0.9,47.73
2026-08-22T11:12:20.611822+00:00,oanda,PAPER,STANDARD_SWING,ORD-2-0170,XAUUSD,0.35,900,,30,1.0,52.23
2026-08-22T11:12:20.611825+00:00,oanda,PAPER,STANDARD_SWING,ORD-2-0171,XAUUSD,0.36,905,,31,1.1,51.73
2026-08-22T11:12:20.611828+00:00,oanda,PAPER,STANDARD_SWING,ORD-2-0172,XAUUSD,0.37,910,,32,1.2,51.23
2026-08-22T11:12:20.611832+00:00,oanda,PAPER,STANDARD_SWING,ORD-2-0173,XAUUSD,0.38,915,,33,1.3,50.73
2026-08-22T11:12:20.611834+00:00,oanda,PAPER,STANDARD_SWING,ORD-2-0174,XAUUSD,0.39,920,,34,1.4,50.23
2026-08-22T11:12:20.611837+00:00,oanda,PAPER,STANDARD_SWING,ORD-2-0175,XAUUSD,0.4,925,,35,1.5,49.73
2026-08-22T11:12:20.611840+00:00,oanda,PAPER,STANDARD_SWING,ORD-2-0176,XAUUSD,0.41,930,,36,1.6,49.23
2026-08-22T11:12:20.611842+00:00,oanda,PAPER,STANDARD_SWING,ORD-2-0177,XAUUSD,0.42,935,,37,1.7,48.73
2026-08-22T11:12:20.611845+00:00,oanda,PAPER,STANDARD_SWING,ORD-2-0178,XAUUSD,0.43,940,,38,1.8,48.23
2026-08-22T11:12:20.611848+00:00,oanda,PAPER,STANDARD_SWING,ORD-2-0179,XAUUSD,0.44,945,,39,1.9,47.73
2026-08-22T11:12:20.611853+00:00,oanda,PAPER,STANDARD_SWING,ORD-2-0180,XAUUSD,0.45,950,,10,0.0,52.23
2026-08-22T11:12:20.611855+00:00,oanda,PAPER,STANDARD_SWING,ORD-2-0181,XAUUSD,0.46,955,,11,0.1,51.73
2026-08-22T11:12:20.611858+00:00,oanda,PAPER,STANDARD_SWING,ORD-2-0182,XAUUSD,0.47,960,,12,0.2,51.23
2026-08-22T11:12:20.611862+00:00,oanda,PAPER,STANDARD_SWING,ORD-2-0183,XAUUSD,0.48,965,,13,0.3,50.73
2026-08-22T11:12:20.611864+00:00,oanda,PAPER,STANDARD_SWING,ORD-2-0184,XAUUSD,0.49,970,,14,0.4,50.23
2026-08-22T11:12:20.611867+00:00,oanda,PAPER,STANDARD_SWING,ORD-2-0185,XAUUSD,0.5,975,,15,0.5,49.73
2026-08-22T11:12:20.611870+00:00,oanda,PAPER,STANDARD_SWING,ORD-2-0186,XAUUSD,0.51,980,,16,0.6,49.23
2026-08-22T11:12:20.611873+00:00,oanda,PAPER,STANDARD_SWING,ORD-2-0187,XAUUSD,0.52,985,,17,0.7,48.73
2026-08-22T11:12:20.611875+00:00,oanda,PAPER,STANDARD_SWING,ORD-2-0188,XAUUSD,0.53,990,,18,0.8,48.23
2026-08-22T11:12:20.611878+00:00,oanda,PAPER,STANDARD_SWING,ORD-2-0189,XAUUSD,0.54,995,,19,0.9,47.73
2026-08-22T11:12:20.611881+00:00,oanda,PAPER,STANDARD_SWING,ORD-2-0190,XAUUSD,0.55,1000,,20,1.0,52.23
2026-08-22T11:12:20.611883+00:00,oanda,PAPER,STANDARD_SWING,ORD-2-0191,XAUUSD,0.56,1005,,21,1.1,51.73
2026-08-22T11:12:20.611887+00:00,oanda,PAPER,STANDARD_SWING,ORD-2-0192,XAUUSD,0.57,1010,,22,1.2,51.23
2026-08-22T11:12:20.611891+00:00,oanda,PAPER,STANDARD_SWING,ORD-2-0193,XAUUSD,0.58,1015,,23,1.3,50.73
2026-08-22T11:12:20.611894+00:00,oanda,PAPER,STANDARD_SWING,ORD-2-0194,XAUUSD,0.59,1020,INSUFFICIENT_MARGIN,24,1.4,50.23
2026-08-22T11:12:20.611897+00:00,oanda,PAPER,STANDARD_SWING,ORD-2-0195,XAUUSD,0.6,1025,,25,1.5,49.73
2026-08-22T11:12:20.611900+00:00,oanda,PAPER,STANDARD_SWING,ORD-2-0196,XAUUSD,0.61,1030,,26,1.6,49.23
2026-08-22T11:12:20.611902+00:00,oanda,PAPER,STANDARD_SWING,ORD-2-0197,XAUUSD,0.62,1035,,27,1.7,48.73
2026-08-22T11:12:20.611905+00:00,oanda,PAPER,STANDARD_SWING,ORD-2-0198,XAUUSD,0.63,1040,,28,1.8,48.23
2026-08-22T11:12:20.611908+00:00,oanda,PAPER,STANDARD_SWING,ORD-2-0199,XAUUSD,0.64,1045,,29,1.9,47.73
2026-08-22T11:12:20.611910+00:00,oanda,PAPER,STANDARD_SWING,ORD-2-0200,XAUUSD,0.15,50,,30,0.0,52.23
2026-08-22T11:12:20.611914+00:00,oanda,PAPER,STANDARD_SWING,ORD-2-0201,XAUUSD,0.16,55,,31,0.1,51.73
2026-08-22T11:12:20.611917+00:00,oanda,PAPER,STANDARD_SWING,ORD-2-0202,XAUUSD,0.17,60,,32,0.2,51.23
2026-08-22T11:12:20.611921+00:00,oanda,PAPER,STANDARD_SWING,ORD-2-0203,XAUUSD,0.18,65,,33,0.3,50.73
2026-08-22T11:12:20.611924+00:00,oanda,PAPER,STANDARD_SWING,ORD-2-0204,XAUUSD,0.19,70,,34,0.4,50.23
2026-08-22T11:12:20.611927+00:00,oanda,PAPER,STANDARD_SWING,ORD-2-0205,XAUUSD,0.2,75,,35,0.5,49.73
2026-08-22T11:12:20.611929+00:00,oanda,PAPER,STANDARD_SWING,ORD-2-0206,XAUUSD,0.21,80,,36,0.6,49.23
2026-08-22T11:12:20.611932+00:00,oanda,PAPER,STANDARD_SWING,ORD-2-0207,XAUUSD,0.22,85,,37,0.7,48.73
2026-08-22T11:12:20.611935+00:00,oanda,PAPER,STANDARD_SWING,ORD-2-0208,XAUUSD,0.23,90,,38,0.8,48.23
2026-08-22T11:12:20.611937+00:00,oanda,PAPER,STANDARD_SWING,ORD-2-0209,XAUUSD,0.24,95,,39,0.9,47.73
2026-08-22T11:12:20.611940+00:00,oanda,PAPER,STANDARD_SWING,ORD-2-0210,XAUUSD,0.25,100,,10,1.0,52.23
2026-08-22T11:12:20.611943+00:00,oanda,PAPER,STANDARD_SWING,ORD-2-0211,XAUUSD,0.26,105,,11,1.1,51.73
2026-08-22T11:12:20.611946+00:00,oanda,PAPER,STANDARD_SWING,ORD-2-0212,XAUUSD,0.27,110,,12,1.2,51.23
2026-08-22T11:12:20.611950+00:00,oanda,PAPER,STANDARD_SWING,ORD-2-0213,XAUUSD,0.28,115,,13,1.3,50.73
2026-08-22T11:12:20.611952+00:00,oanda,PAPER,STANDARD_SWING,ORD-2-0214,XAUUSD,0.29,120,,14,1.4,50.23
2026-08-22T11:12:20.611955+00:00,oanda,PAPER,STANDARD_SWING,ORD-2-0215,XAUUSD,0.3,125,,15,1.5,49.73
2026-08-22T11:12:20.611958+00:00,oanda,PAPER,STANDARD_SWING,ORD-2-0216,XAUUSD,0.31,130,,16,1.6,49.23
2026-08-22T11:12:20.611962+00:00,oanda,PAPER,STANDARD_SWING,ORD-2-0217,XAUUSD,0.32,135,,17,1.7,48.73
2026-08-22T11:12:20.611965+00:00,oanda,PAPER,STANDARD_SWING,ORD-2-0218,XAUUSD,0.33,140,,18,1.8,48.23
2026-08-22T11:12:20.611967+00:00,oanda,PAPER,STANDARD_SWING,ORD-2-0219,XAUUSD,0.34,145,,19,1.9,47.73
2026-08-22T11:12:20.611970+00:00,oanda,PAPER,STANDARD_SWING,ORD-2-0220,XAUUSD,0.35,150,,20,0.0,52.23
2026-08-22T11:12:20.611973+00:00,oanda,PAPER,STANDARD_SWING,ORD-2-0221,XAUUSD,0.36,155,,21,0.1,51.73
2026-08-22T11:12:20.611975+00:00,oanda,PAPER,STANDARD_SWING,ORD-2-0222,XAUUSD,0.37,160,,22,0.2,51.23
2026-08-22T11:12:20.611980+00:00,oanda,PAPER,STANDARD_SWING,ORD-2-0223,XAUUSD,0.38,165,,23,0.3,50.73
2026-08-22T11:12:20.611983+00:00,oanda,PAPER,STANDARD_SWING,ORD-2-0224,XAUUSD,0.39,170,,24,0.4,50.23
2026-08-22T11:12:20.611985+00:00,oanda,PAPER,STANDARD_SWING,ORD-2-0225,XAUUSD,0.4,175,,25,0.5,49.73
2026-08-22T11:12:20.611988+00:00,oanda,PAPER,STANDARD_SWING,ORD-2-0226,XAUUSD,0.41,180,,26,0.6,49.23
2026-08-22T11:12:20.611991+00:00,oanda,PAPER,STANDARD_SWING,ORD-2-0227,XAUUSD,0.42,185,,27,0.7,48.73
2026-08-22T11:12:20.611993+00:00,oanda,PAPER,STANDARD_SWING,ORD-2-0228,XAUUSD,0.43,190,,28,0.8,48.23
2026-08-22T11:12:20.611996+00:00,oanda,PAPER,STANDARD_SWING,ORD-2-0229,XAUUSD,0.44,195,,29,0.9,47.73
2026-08-22T11:12:20.611999+00:00,oanda,PAPER,STANDARD_SWING,ORD-2-0230,XAUUSD,0.45,200,,30,1.0,52.23
2026-08-22T11:12:20.612001+00:00,oanda,PAPER,STANDARD_SWING,ORD-2-0231,XAUUSD,0.46,205,,31,1.1,51.73
2026-08-22T11:12:20.612004+00:00,oanda,PAPER,STANDARD_SWING,ORD-2-0232,XAUUSD,0.47,210,,32,1.2,51.23
2026-08-22T11:12:20.612008+00:00,oanda,PAPER,STANDARD_SWING,ORD-2-0233,XAUUSD,0.48,215,,33,1.3,50.73
2026-08-22T11:12:20.612011+00:00,oanda,PAPER,STANDARD_SWING,ORD-2-0234,XAUUSD,0.49,220,,34,1.4,50.23
2026-08-22T11:12:20.612013+00:00,oanda,PAPER,STANDARD_SWING,ORD-2-0235,XAUUSD,0.5,225,,35,1.5,49.73
2026-08-22T11:12:20.612017+00:00,oanda,PAPER,STANDARD_SWING,ORD-2-0236,XAUUSD,0.51,230,,36,1.6,49.23
2026-08-22T11:12:20.612020+00:00,oanda,PAPER,STANDARD_SWING,ORD-2-0237,XAUUSD,0.52,235,,37,1.7,48.73
2026-08-22T11:12:20.612023+00:00,oanda,PAPER,STANDARD_SWING,ORD-2-0238,XAUUSD,0.53,240,,38,1.8,48.23
2026-08-22T11:12:20.612025+00:00,oanda,PAPER,STANDARD_SWING,ORD-2-0239,XAUUSD,0.54,245,,39,1.9,47.73
2026-08-22T11:12:20.612028+00:00,oanda,PAPER,STANDARD_SWING,ORD-2-0240,XAUUSD,0.55,250,,10,0.0,52.23
2026-08-22T11:12:20.612031+00:00,oanda,PAPER,STANDARD_SWING,ORD-2-0241,XAUUSD,0.56,255,,11,0.1,51.73
2026-08-22T11:12:20.612033+00:00,oanda,PAPER,STANDARD_SWING,ORD-2-0242,XAUUSD,0.57,260,,12,0.2,51.23
2026-08-22T11:12:20.612037+00:00,oanda,PAPER,STANDARD_SWING,ORD-2-0243,XAUUSD,0.58,265,,13,0.3,50.73
2026-08-22T11:12:20.612040+00:00,oanda,PAPER,STANDARD_SWING,ORD-2-0244,XAUUSD,0.59,270,,14,0.4,50.23
2026-08-22T11:12:20.612043+00:00,oanda,PAPER,STANDARD_SWING,ORD-2-0245,XAUUSD,0.6,275,,15,0.5,49.73
2026-08-22T11:12:20.612054+00:00,oanda,PAPER,STANDARD_SWING,ORD-2-0246,XAUUSD,0.61,280,,16,0.6,49.23
2026-08-22T11:12:20.612058+00:00,oanda,PAPER,STANDARD_SWING,ORD-2-0247,XAUUSD,0.62,285,,17,0.7,48.73
2026-08-22T11:12:20.612062+00:00,oanda,PAPER,STANDARD_SWING,ORD-2-0248,XAUUSD,0.63,290,,18,0.8,48.23
2026-08-22T11:12:20.612065+00:00,oanda,PAPER,STANDARD_SWING,ORD-2-0249,XAUUSD,0.64,295,,19,0.9,47.73
2026-08-22T11:12:20.612068+00:00,oanda,PAPER,STANDARD_SWING,ORD-2-0250,XAUUSD,0.15,300,,20,1.0,52.23
2026-08-22T11:12:20.612071+00:00,oanda,PAPER,STANDARD_SWING,ORD-2-0251,XAUUSD,0.16,305,,21,1.1,51.73
2026-08-22T11:12:20.612075+00:00,oanda,PAPER,STANDARD_SWING,ORD-2-0252,XAUUSD,0.17,310,,22,1.2,51.23
2026-08-22T11:12:20.612079+00:00,oanda,PAPER,STANDARD_SWING,ORD-2-0253,XAUUSD,0.18,315,,23,1.3,50.73
2026-08-22T11:12:20.612083+00:00,oanda,PAPER,STANDARD_SWING,ORD-2-0254,XAUUSD,0.19,320,,24,1.4,50.23
2026-08-22T11:12:20.612088+00:00,oanda,PAPER,STANDARD_SWING,ORD-2-0255,XAUUSD,0.2,325,,25,1.5,49.73
2026-08-22T11:12:20.612090+00:00,oanda,PAPER,STANDARD_SWING,ORD-2-0256,XAUUSD,0.21,330,,26,1.6,49.23
2026-08-22T11:12:20.612093+00:00,oanda,PAPER,STANDARD_SWING,ORD-2-0257,XAUUSD,0.22,335,,27,1.7,48.73
2026-08-22T11:12:20.612096+00:00,oanda,PAPER,STANDARD_SWING,ORD-2-0258,XAUUSD,0.23,340,,28,1.8,48.23
2026-08-22T11:12:20.612099+00:00,oanda,PAPER,STANDARD_SWING,ORD-2-0259,XAUUSD,0.24,345,,29,1.9,47.73
2026-08-22T11:12:20.612101+00:00,oanda,PAPER,STANDARD_SWING,ORD-2-0260,XAUUSD,0.25,350,,30,0.0,52.23
2026-08-22T11:12:20.612104+00:00,oanda,PAPER,STANDARD_SWING,ORD-2-0261,XAUUSD,0.26,355,,31,0.1,51.73
2026-08-22T11:12:20.612107+00:00,oanda,PAPER,STANDARD_SWING,ORD-2-0262,XAUUSD,0.27,360,,32,0.2,51.23
2026-08-22T11:12:20.612111+00:00,oanda,PAPER,STANDARD_SWING,ORD-2-0263,XAUUSD,0.28,365,,33,0.3,50.73
2026-08-22T11:12:20.612113+00:00,oanda,PAPER,STANDARD_SWING,ORD-2-0264,XAUUSD,0.29,370,,34,0.4,50.23
2026-08-22T11:12:20.612116+00:00,oanda,PAPER,STANDARD_SWING,ORD-2-0265,XAUUSD,0.3,375,,35,0.5,49.73
2026-08-22T11:12:20.612119+00:00,oanda,PAPER,STANDARD_SWING,ORD-2-0266,XAUUSD,0.31,380,,36,0.6,49.23
2026-08-22T11:12:20.612122+00:00,oanda,PAPER,STANDARD_SWING,ORD-2-0267,XAUUSD,0.32,385,,37,0.7,48.73
2026-08-22T11:12:20.612124+00:00,oanda,PAPER,STANDARD_SWING,ORD-2-0268,XAUUSD,0.33,390,,38,0.8,48.23
2026-08-22T11:12:20.612127+00:00,oanda,PAPER,STANDARD_SWING,ORD-2-0269,XAUUSD,0.34,395,,39,0.9,47.73
2026-08-22T11:12:20.612130+00:00,oanda,PAPER,STANDARD_SWING,ORD-2-0270,XAUUSD,0.35,400,,10,1.0,52.23
2026-08-22T11:12:20.612132+00:00,oanda,PAPER,STANDARD_SWING,ORD-2-0271,XAUUSD,0.36,405,,11,1.1,51.73
2026-08-22T11:12:20.612135+00:00,oanda,PAPER,STANDARD_SWING,ORD-2-0272,XAUUSD,0.37,410,,12,1.2,51.23
2026-08-22T11:12:20.612139+00:00,oanda,PAPER,STANDARD_SWING,ORD-2-0273,XAUUSD,0.38,415,,13,1.3,50.73
2026-08-22T11:12:20.612142+00:00,oanda,PAPER,STANDARD_SWING,ORD-2-0274,XAUUSD,0.39,420,,14,1.4,50.23
2026-08-22T11:12:20.612145+00:00,oanda,PAPER,STANDARD_SWING,ORD-2-0275,XAUUSD,0.4,425,,15,1.5,49.73
2026-08-22T11:12:20.612148+00:00,oanda,PAPER,STANDARD_SWING,ORD-2-0276,XAUUSD,0.41,430,,16,1.6,49.23
2026-08-22T11:12:20.612150+00:00,oanda,PAPER,STANDARD_SWING,ORD-2-0277,XAUUSD,0.42,435,,17,1.7,48.73
2026-08-22T11:12:20.612153+00:00,oanda,PAPER,STANDARD_SWING,ORD-2-0278,XAUUSD,0.43,440,,18,1.8,48.23
2026-08-22T11:12:20.612156+00:00,oanda,PAPER,STANDARD_SWING,ORD-2-0279,XAUUSD,0.44,445,,19,1.9,47.73
2026-08-22T11:12:20.612158+00:00,oanda,PAPER,STANDARD_SWING,ORD-2-0280,XAUUSD,0.45,450,,20,0.0,52.23
2026-08-22T11:12:20.612161+00:00,oanda,PAPER,STANDARD_SWING,ORD-2-0281,XAUUSD,0.46,455,,21,0.1,51.73
2026-08-22T11:12:20.612164+00:00,oanda,PAPER,STANDARD_SWING,ORD-2-0282,XAUUSD,0.47,460,,22,0.2,51.23
2026-08-22T11:12:20.612168+00:00,oanda,PAPER,STANDARD_SWING,ORD-2-0283,XAUUSD,0.48,465,,23,0.3,50.73
2026-08-22T11:12:20.612171+00:00,oanda,PAPER,STANDARD_SWING,ORD-2-0284,XAUUSD,0.49,470,,24,0.4,50.23
2026-08-22T11:12:20.612173+00:00,oanda,PAPER,STANDARD_SWING,ORD-2-0285,XAUUSD,0.5,475,,25,0.5,49.73
2026-08-22T11:12:20.612177+00:00,oanda,PAPER,STANDARD_SWING,ORD-2-0286,XAUUSD,0.51,480,,26,0.6,49.23
2026-08-22T11:12:20.612181+00:00,oanda,PAPER,STANDARD_SWING,ORD-2-0287,XAUUSD,0.52,485,,27,0.7,48.73
2026-08-22T11:12:20.612184+00:00,oanda,PAPER,STANDARD_SWING,ORD-2-0288,XAUUSD,0.53,490,,28,0.8,48.23
2026-08-22T11:12:20.612186+00:00,oanda,PAPER,STANDARD_SWING,ORD-2-0289,XAUUSD,0.54,495,,29,0.9,47.73
2026-08-22T11:12:20.612189+00:00,oanda,PAPER,STANDARD_SWING,ORD-2-0290,XAUUSD,0.55,500,,30,1.0,52.23
2026-08-22T11:12:20.612192+00:00,oanda,PAPER,STANDARD_SWING,ORD-2-0291,XAUUSD,0.56,505,INSUFFICIENT_MARGIN,31,1.1,51.73
2026-08-22T11:12:20.612195+00:00,oanda,PAPER,STANDARD_SWING,ORD-2-0292,XAUUSD,0.57,510,,32,1.2,51.23
2026-08-22T11:12:20.612199+00:00,oanda,PAPER,STANDARD_SWING,ORD-2-0293,XAUUSD,0.58,515,,33,1.3,50.73
2026-08-22T11:12:20.612201+00:00,oanda,PAPER,STANDARD_SWING,ORD-2-0294,XAUUSD,0.59,520,,34,1.4,50.23
2026-08-22T11:12:20.612204+00:00,oanda,PAPER,STANDARD_SWING,ORD-2-0295,XAUUSD,0.6,525,,35,1.5,49.73
2026-08-22T11:12:20.612207+00:00,oanda,PAPER,STANDARD_SWING,ORD-2-0296,XAUUSD,0.61,530,,36,1.6,49.23
2026-08-22T11:12:20.612210+00:00,oanda,PAPER,STANDARD_SWING,ORD-2-0297,XAUUSD,0.62,535,,37,1.7,48.73
2026-08-22T11:12:20.612212+00:00,oanda,PAPER,STANDARD_SWING,ORD-2-0298,XAUUSD,0.63,540,,38,1.8,48.23
2026-08-22T11:12:20.612215+00:00,oanda,PAPER,STANDARD_SWING,ORD-2-0299,XAUUSD,0.64,545,,39,1.9,47.73
2026-08-22T11:12:20.612218+00:00,oanda,PAPER,STANDARD_SWING,ORD-2-0300,XAUUSD,0.15,550,,10,0.0,52.23
2026-08-22T11:12:20.612220+00:00,oanda,PAPER,STANDARD_SWING,ORD-2-0301,XAUUSD,0.16,555,,11,0.1,51.73
2026-08-22T11:12:20.612223+00:00,oanda,PAPER,STANDARD_SWING,ORD-2-0302,XAUUSD,0.17,560,,12,0.2,51.23
2026-08-22T11:12:20.612227+00:00,oanda,PAPER,STANDARD_SWING,ORD-2-0303,XAUUSD,0.18,565,,13,0.3,50.73
2026-08-22T11:12:20.612231+00:00,oanda,PAPER,STANDARD_SWING,ORD-2-0304,XAUUSD,0.19,570,,14,0.4,50.23
2026-08-22T11:12:20.612234+00:00,oanda,PAPER,STANDARD_SWING,ORD-2-0305,XAUUSD,0.2,575,,15,0.5,49.73
2026-08-22T11:12:20.612237+00:00,oanda,PAPER,STANDARD_SWING,ORD-2-0306,XAUUSD,0.21,580,,16,0.6,49.23
2026-08-22T11:12:20.612239+00:00,oanda,PAPER,STANDARD_SWING,ORD-2-0307,XAUUSD,0.22,585,,17,0.7,48.73
2026-08-22T11:12:20.612242+00:00,oanda,PAPER,STANDARD_SWING,ORD-2-0308,XAUUSD,0.23,590,,18,0.8,48.23
2026-08-22T11:12:20.612245+00:00,oanda,PAPER,STANDARD_SWING,ORD-2-0309,XAUUSD,0.24,595,,19,0.9,47.73
2026-08-22T11:12:20.612247+00:00,oanda,PAPER,STANDARD_SWING,ORD-2-0310,XAUUSD,0.25,600,,20,1.0,52.23
2026-08-22T11:12:20.612250+00:00,oanda,PAPER,STANDARD_SWING,ORD-2-0311,XAUUSD,0.26,605,,21,1.1,51.73
2026-08-22T11:12:20.612253+00:00,oanda,PAPER,STANDARD_SWING,ORD-2-0312,XAUUSD,0.27,610,,22,1.2,51.23
2026-08-22T11:12:20.612257+00:00,oanda,PAPER,STANDARD_SWING,ORD-2-0313,XAUUSD,0.28,615,,23,1.3,50.73
2026-08-22T11:12:20.612259+00:00,oanda,PAPER,STANDARD_SWING,ORD-2-0314,XAUUSD,0.29,620,,24,1.4,50.23
2026-08-22T11:12:20.612262+00:00,oanda,PAPER,STANDARD_SWING,ORD-2-0315,XAUUSD,0.3,625,,25,1.5,49.73
2026-08-22T11:12:20.612265+00:00,oanda,PAPER,STANDARD_SWING,ORD-2-0316,XAUUSD,0.31,630,,26,1.6,49.23
2026-08-22T11:12:20.612267+00:00,oanda,PAPER,STANDARD_SWING,ORD-2-0317,XAUUSD,0.32,635,,27,1.7,48.73
2026-08-22T11:12:20.612272+00:00,oanda,PAPER,STANDARD_SWING,ORD-2-0318,XAUUSD,0.33,640,,28,1.8,48.23
2026-08-22T11:12:20.612276+00:00,oanda,PAPER,STANDARD_SWING,ORD-2-0319,XAUUSD,0.34,645,,29,1.9,47.73
2026-08-22T11:12:20.612279+00:00,oanda,PAPER,STANDARD_SWING,ORD-2-0320,XAUUSD,0.35,650,,30,0.0,52.23
2026-08-22T11:12:20.612281+00:00,oanda,PAPER,STANDARD_SWING,ORD-2-0321,XAUUSD,0.36,655,,31,0.1,51.73
2026-08-22T11:12:20.612284+00:00,oanda,PAPER,STANDARD_SWING,ORD-2-0322,XAUUSD,0.37,660,,32,0.2,51.23
2026-08-22T11:12:20.612288+00:00,oanda,PAPER,STANDARD_SWING,ORD-2-0323,XAUUSD,0.38,665,,33,0.3,50.73
2026-08-22T11:12:20.612290+00:00,oanda,PAPER,STANDARD_SWING,ORD-2-0324,XAUUSD,0.39,670,,34,0.4,50.23
2026-08-22T11:12:20.612293+00:00,oanda,PAPER,STANDARD_SWING,ORD-2-0325,XAUUSD,0.4,675,,35,0.5,49.73
2026-08-22T11:12:20.612296+00:00,oanda,PAPER,STANDARD_SWING,ORD-2-0326,XAUUSD,0.41,680,,36,0.6,49.23
2026-08-22T11:12:20.612299+00:00,oanda,PAPER,STANDARD_SWING,ORD-2-0327,XAUUSD,0.42,685,,37,0.7,48.73
2026-08-22T11:12:20.612301+00:00,oanda,PAPER,STANDARD_SWING,ORD-2-0328,XAUUSD,0.43,690,,38,0.8,48.23
2026-08-22T11:12:20.612304+00:00,oanda,PAPER,STANDARD_SWING,ORD-2-0329,XAUUSD,0.44,695,,39,0.9,47.73
2026-08-22T11:12:20.612307+00:00,oanda,PAPER,STANDARD_SWING,ORD-2-0330,XAUUSD,0.45,700,,10,1.0,52.23
2026-08-22T11:12:20.612309+00:00,oanda,PAPER,STANDARD_SWING,ORD-2-0331,XAUUSD,0.46,705,,11,1.1,51.73
2026-08-22T11:12:20.612312+00:00,oanda,PAPER,STANDARD_SWING,ORD-2-0332,XAUUSD,0.47,710,,12,1.2,51.23
2026-08-22T11:12:20.612316+00:00,oanda,PAPER,STANDARD_SWING,ORD-2-0333,XAUUSD,0.48,715,,13,1.3,50.73
2026-08-22T11:12:20.612319+00:00,oanda,PAPER,STANDARD_SWING,ORD-2-0334,XAUUSD,0.49,720,,14,1.4,50.23
2026-08-22T11:12:20.612321+00:00,oanda,PAPER,STANDARD_SWING,ORD-2-0335,XAUUSD,0.5,725,,15,1.5,49.73
2026-08-22T11:12:20.612324+00:00,oanda,PAPER,STANDARD_SWING,ORD-2-0336,XAUUSD,0.51,730,,16,1.6,49.23
2026-08-22T11:12:20.612327+00:00,oanda,PAPER,STANDARD_SWING,ORD-2-0337,XAUUSD,0.52,735,,17,1.7,48.73
2026-08-22T11:12:20.612329+00:00,oanda,PAPER,STANDARD_SWING,ORD-2-0338,XAUUSD,0.53,740,,18,1.8,48.23
2026-08-22T11:12:20.612332+00:00,oanda,PAPER,STANDARD_SWING,ORD-2-0339,XAUUSD,0.54,745,,19,1.9,47.73
2026-08-22T11:12:20.612335+00:00,oanda,PAPER,STANDARD_SWING,ORD-2-0340,XAUUSD,0.55,750,,20,0.0,52.23
2026-08-22T11:12:20.612338+00:00,oanda,PAPER,STANDARD_SWING,ORD-2-0341,XAUUSD,0.56,755,,21,0.1,51.73
2026-08-22T11:12:20.612340+00:00,oanda,PAPER,STANDARD_SWING,ORD-2-0342,XAUUSD,0.57,760,,22,0.2,51.23
2026-08-22T11:12:20.612344+00:00,oanda,PAPER,STANDARD_SWING,ORD-2-0343,XAUUSD,0.58,765,,23,0.3,50.73
2026-08-22T11:12:20.612347+00:00,oanda,PAPER,STANDARD_SWING,ORD-2-0344,XAUUSD,0.59,770,,24,0.4,50.23
2026-08-22T11:12:20.612349+00:00,oanda,PAPER,STANDARD_SWING,ORD-2-0345,XAUUSD,0.6,775,,25,0.5,49.73
2026-08-22T11:12:20.612352+00:00,oanda,PAPER,STANDARD_SWING,ORD-2-0346,XAUUSD,0.61,780,,26,0.6,49.23
2026-08-22T11:12:20.612355+00:00,oanda,PAPER,STANDARD_SWING,ORD-2-0347,XAUUSD,0.62,785,,27,0.7,48.73
2026-08-22T11:12:20.612358+00:00,oanda,PAPER,STANDARD_SWING,ORD-2-0348,XAUUSD,0.63,790,,28,0.8,48.23
2026-08-22T11:12:20.612360+00:00,oanda,PAPER,STANDARD_SWING,ORD-2-0349,XAUUSD,0.64,795,,29,0.9,47.73
2026-08-22T11:12:20.612365+00:00,oanda,PAPER,STANDARD_SWING,ORD-2-0350,XAUUSD,0.15,800,,30,1.0,52.23
2026-08-22T11:12:20.612369+00:00,oanda,PAPER,STANDARD_SWING,ORD-2-0351,XAUUSD,0.16,805,,31,1.1,51.73
2026-08-22T11:12:20.612372+00:00,oanda,PAPER,STANDARD_SWING,ORD-2-0352,XAUUSD,0.17,810,,32,1.2,51.23
2026-08-22T11:12:20.612376+00:00,oanda,PAPER,STANDARD_SWING,ORD-2-0353,XAUUSD,0.18,815,,33,1.3,50.73
2026-08-22T11:12:20.612380+00:00,oanda,PAPER,STANDARD_SWING,ORD-2-0354,XAUUSD,0.19,820,,34,1.4,50.23
2026-08-22T11:12:20.612382+00:00,oanda,PAPER,STANDARD_SWING,ORD-2-0355,XAUUSD,0.2,825,,35,1.5,49.73
2026-08-22T11:12:20.612385+00:00,oanda,PAPER,STANDARD_SWING,ORD-2-0356,XAUUSD,0.21,830,,36,1.6,49.23
2026-08-22T11:12:20.612388+00:00,oanda,PAPER,STANDARD_SWING,ORD-2-0357,XAUUSD,0.22,835,,37,1.7,48.73
2026-08-22T11:12:20.612391+00:00,oanda,PAPER,STANDARD_SWING,ORD-2-0358,XAUUSD,0.23,840,,38,1.8,48.23
2026-08-22T11:12:20.612393+00:00,oanda,PAPER,STANDARD_SWING,ORD-2-0359,XAUUSD,0.24,845,,39,1.9,47.73
2026-08-22T11:12:20.612396+00:00,oanda,PAPER,STANDARD_SWING,ORD-2-0360,XAUUSD,0.25,850,,10,0.0,52.23
2026-08-22T11:12:20.612399+00:00,oanda,PAPER,STANDARD_SWING,ORD-2-0361,XAUUSD,0.26,855,,11,0.1,51.73
2026-08-22T11:12:20.612401+00:00,oanda,PAPER,STANDARD_SWING,ORD-2-0362,XAUUSD,0.27,860,,12,0.2,51.23
2026-08-22T11:12:20.612405+00:00,oanda,PAPER,STANDARD_SWING,ORD-2-0363,XAUUSD,0.28,865,,13,0.3,50.73
2026-08-22T11:12:20.612408+00:00,oanda,PAPER,STANDARD_SWING,ORD-2-0364,XAUUSD,0.29,870,,14,0.4,50.23
2026-08-22T11:12:20.612411+00:00,oanda,PAPER,STANDARD_SWING,ORD-2-0365,XAUUSD,0.3,875,,15,0.5,49.73
2026-08-22T11:12:20.612413+00:00,oanda,PAPER,STANDARD_SWING,ORD-2-0366,XAUUSD,0.31,880,,16,0.6,49.23
2026-08-22T11:12:20.612416+00:00,oanda,PAPER,STANDARD_SWING,ORD-2-0367,XAUUSD,0.32,885,,17,0.7,48.73
2026-08-22T11:12:20.612419+00:00,oanda,PAPER,STANDARD_SWING,ORD-2-0368,XAUUSD,0.33,890,,18,0.8,48.23
2026-08-22T11:12:20.612421+00:00,oanda,PAPER,STANDARD_SWING,ORD-2-0369,XAUUSD,0.34,895,,19,0.9,47.73
2026-08-22T11:12:20.612424+00:00,oanda,PAPER,STANDARD_SWING,ORD-2-0370,XAUUSD,0.35,900,,20,1.0,52.23
2026-08-22T11:12:20.612427+00:00,oanda,PAPER,STANDARD_SWING,ORD-2-0371,XAUUSD,0.36,905,,21,1.1,51.73
2026-08-22T11:12:20.612430+00:00,oanda,PAPER,STANDARD_SWING,ORD-2-0372,XAUUSD,0.37,910,,22,1.2,51.23
2026-08-22T11:12:20.612433+00:00,oanda,PAPER,STANDARD_SWING,ORD-2-0373,XAUUSD,0.38,915,,23,1.3,50.73
2026-08-22T11:12:20.612436+00:00,oanda,PAPER,STANDARD_SWING,ORD-2-0374,XAUUSD,0.39,920,,24,1.4,50.23
2026-08-22T11:12:20.612439+00:00,oanda,PAPER,STANDARD_SWING,ORD-2-0375,XAUUSD,0.4,925,,25,1.5,49.73
2026-08-22T11:12:20.612442+00:00,oanda,PAPER,STANDARD_SWING,ORD-2-0376,XAUUSD,0.41,930,,26,1.6,49.23
2026-08-22T11:12:20.612444+00:00,oanda,PAPER,STANDARD_SWING,ORD-2-0377,XAUUSD,0.42,935,,27,1.7,48.73
2026-08-22T11:12:20.612447+00:00,oanda,PAPER,STANDARD_SWING,ORD-2-0378,XAUUSD,0.43,940,,28,1.8,48.23
2026-08-22T11:12:20.612450+00:00,oanda,PAPER,STANDARD_SWING,ORD-2-0379,XAUUSD,0.44,945,,29,1.9,47.73
2026-08-22T11:12:20.612452+00:00,oanda,PAPER,STANDARD_SWING,ORD-2-0380,XAUUSD,0.45,950,,30,0.0,52.23
2026-08-22T11:12:20.612455+00:00,oanda,PAPER,STANDARD_SWING,ORD-2-0381,XAUUSD,0.46,955,,31,0.1,51.73
2026-08-22T11:12:20.612459+00:00,oanda,PAPER,STANDARD_SWING,ORD-2-0382,XAUUSD,0.47,960,,32,0.2,51.23
2026-08-22T11:12:20.612464+00:00,oanda,PAPER,STANDARD_SWING,ORD-2-0383,XAUUSD,0.48,965,,33,0.3,50.73
2026-08-22T11:12:20.612467+00:00,oanda,PAPER,STANDARD_SWING,ORD-2-0384,XAUUSD,0.49,970,,34,0.4,50.23
2026-08-22T11:12:20.612470+00:00,oanda,PAPER,STANDARD_SWING,ORD-2-0385,XAUUSD,0.5,975,,35,0.5,49.73
2026-08-22T11:12:20.612473+00:00,oanda,PAPER,STANDARD_SWING,ORD-2-0386,XAUUSD,0.51,980,,36,0.6,49.23
2026-08-22T11:12:20.612475+00:00,oanda,PAPER,STANDARD_SWING,ORD-2-0387,XAUUSD,0.52,985,,37,0.7,48.73
2026-08-22T11:12:20.612478+00:00,oanda,PAPER,STANDARD_SWING,ORD-2-0388,XAUUSD,0.53,990,INSUFFICIENT_MARGIN,38,0.8,48.23
2026-08-22T11:12:20.612481+00:00,oanda,PAPER,STANDARD_SWING,ORD-2-0389,XAUUSD,0.54,995,,39,0.9,47.73
2026-08-22T11:12:20.612483+00:00,oanda,PAPER,STANDARD_SWING,ORD-2-0390,XAUUSD,0.55,1000,,10,1.0,52.23
2026-08-22T11:12:20.612486+00:00,oanda,PAPER,STANDARD_SWING,ORD-2-0391,XAUUSD,0.56,1005,,11,1.1,51.73
2026-08-22T11:12:20.612489+00:00,oanda,PAPER,STANDARD_SWING,ORD-2-0392,XAUUSD,0.57,1010,,12,1.2,51.23
2026-08-22T11:12:20.612493+00:00,oanda,PAPER,STANDARD_SWING,ORD-2-0393,XAUUSD,0.58,1015,,13,1.3,50.73
2026-08-22T11:12:20.612495+00:00,oanda,PAPER,STANDARD_SWING,ORD-2-0394,XAUUSD,0.59,1020,,14,1.4,50.23
2026-08-22T11:12:20.612498+00:00,oanda,PAPER,STANDARD_SWING,ORD-2-0395,XAUUSD,0.6,1025,,15,1.5,49.73
2026-08-22T11:12:20.612501+00:00,oanda,PAPER,STANDARD_SWING,ORD-2-0396,XAUUSD,0.61,1030,,16,1.6,49.23
2026-08-22T11:12:20.612504+00:00,oanda,PAPER,STANDARD_SWING,ORD-2-0397,XAUUSD,0.62,1035,,17,1.7,48.73
2026-08-22T11:12:20.612506+00:00,oanda,PAPER,STANDARD_SWING,ORD-2-0398,XAUUSD,0.63,1040,,18,1.8,48.23
2026-08-22T11:12:20.612509+00:00,oanda,PAPER,STANDARD_SWING,ORD-2-0399,XAUUSD,0.64,1045,,19,1.9,47.73
2026-08-22T11:12:20.612512+00:00,oanda,PAPER,STANDARD_SWING,ORD-2-0400,XAUUSD,0.15,50,,20,0.0,52.23
2026-08-22T11:12:20.612515+00:00,oanda,PAPER,STANDARD_SWING,ORD-2-0401,XAUUSD,0.16,55,,21,0.1,51.73
2026-08-22T11:12:20.612517+00:00,oanda,PAPER,STANDARD_SWING,ORD-2-0402,XAUUSD,0.17,60,,22,0.2,51.23
2026-08-22T11:12:20.612521+00:00,oanda,PAPER,STANDARD_SWING,ORD-2-0403,XAUUSD,0.18,65,,23,0.3,50.73
2026-08-22T11:12:20.612524+00:00,oanda,PAPER,STANDARD_SWING,ORD-2-0404,XAUUSD,0.19,70,,24,0.4,50.23
2026-08-22T11:12:20.612528+00:00,oanda,PAPER,STANDARD_SWING,ORD-2-0405,XAUUSD,0.2,75,,25,0.5,49.73
2026-08-22T11:12:20.612530+00:00,oanda,PAPER,STANDARD_SWING,ORD-2-0406,XAUUSD,0.21,80,,26,0.6,49.23
2026-08-22T11:12:20.612565+00:00,oanda,PAPER,STANDARD_SWING,ORD-2-0407,XAUUSD,0.22,85,,27,0.7,48.73
2026-08-22T11:12:20.612567+00:00,oanda,PAPER,STANDARD_SWING,ORD-2-0408,XAUUSD,0.23,90,,28,0.8,48.23
2026-08-22T11:12:20.612570+00:00,oanda,PAPER,STANDARD_SWING,ORD-2-0409,XAUUSD,0.24,95,,29,0.9,47.73
2026-08-22T11:12:20.612573+00:00,oanda,PAPER,STANDARD_SWING,ORD-2-0410,XAUUSD,0.25,100,,30,1.0,52.23
2026-08-22T11:12:20.612576+00:00,oanda,PAPER,STANDARD_SWING,ORD-2-0411,XAUUSD,0.26,105,,31,1.1,51.73
2026-08-22T11:12:20.612578+00:00,oanda,PAPER,STANDARD_SWING,ORD-2-0412,XAUUSD,0.27,110,,32,1.2,51.23
2026-08-22T11:12:20.612582+00:00,oanda,PAPER,STANDARD_SWING,ORD-2-0413,XAUUSD,0.28,115,,33,1.3,50.73
2026-08-22T11:12:20.612585+00:00,oanda,PAPER,STANDARD_SWING,ORD-2-0414,XAUUSD,0.29,120,,34,1.4,50.23
2026-08-22T11:12:20.612589+00:00,oanda,PAPER,STANDARD_SWING,ORD-2-0415,XAUUSD,0.3,125,,35,1.5,49.73
2026-08-22T11:12:20.612592+00:00,oanda,PAPER,STANDARD_SWING,ORD-2-0416,XAUUSD,0.31,130,,36,1.6,49.23
2026-08-22T11:12:20.612594+00:00,oanda,PAPER,STANDARD_SWING,ORD-2-0417,XAUUSD,0.32,135,,37,1.7,48.73
2026-08-22T11:12:20.612598+00:00,oanda,PAPER,STANDARD_SWING,ORD-2-0418,XAUUSD,0.33,140,,38,1.8,48.23
2026-08-22T11:12:20.612601+00:00,oanda,PAPER,STANDARD_SWING,ORD-2-0419,XAUUSD,0.34,145,,39,1.9,47.73
2026-08-22T11:12:20.612604+00:00,oanda,PAPER,STANDARD_SWING,ORD-2-0420,XAUUSD,0.35,150,,10,0.0,52.23
2026-08-22T11:12:20.612606+00:00,oanda,PAPER,STANDARD_SWING,ORD-2-0421,XAUUSD,0.36,155,,11,0.1,51.73
2026-08-22T11:12:20.612609+00:00,oanda,PAPER,STANDARD_SWING,ORD-2-0422,XAUUSD,0.37,160,,12,0.2,51.23
2026-08-22T11:12:20.612614+00:00,oanda,PAPER,STANDARD_SWING,ORD-2-0423,XAUUSD,0.38,165,,13,0.3,50.73
2026-08-22T11:12:20.612616+00:00,oanda,PAPER,STANDARD_SWING,ORD-2-0424,XAUUSD,0.39,170,,14,0.4,50.23
2026-08-22T11:12:20.612619+00:00,oanda,PAPER,STANDARD_SWING,ORD-2-0425,XAUUSD,0.4,175,,15,0.5,49.73
2026-08-22T11:12:20.612622+00:00,oanda,PAPER,STANDARD_SWING,ORD-2-0426,XAUUSD,0.41,180,,16,0.6,49.23
2026-08-22T11:12:20.612624+00:00,oanda,PAPER,STANDARD_SWING,ORD-2-0427,XAUUSD,0.42,185,,17,0.7,48.73
2026-08-22T11:12:20.612627+00:00,oanda,PAPER,STANDARD_SWING,ORD-2-0428,XAUUSD,0.43,190,,18,0.8,48.23
2026-08-22T11:12:20.612630+00:00,oanda,PAPER,STANDARD_SWING,ORD-2-0429,XAUUSD,0.44,195,,19,0.9,47.73
2026-08-22T11:12:20.612632+00:00,oanda,PAPER,STANDARD_SWING,ORD-2-0430,XAUUSD,0.45,200,,20,1.0,52.23
2026-08-22T11:12:20.612635+00:00,oanda,PAPER,STANDARD_SWING,ORD-2-0431,XAUUSD,0.46,205,,21,1.1,51.73
2026-08-22T11:12:20.612638+00:00,oanda,PAPER,STANDARD_SWING,ORD-2-0432,XAUUSD,0.47,210,,22,1.2,51.23
2026-08-22T11:12:20.612642+00:00,oanda,PAPER,STANDARD_SWING,ORD-2-0433,XAUUSD,0.48,215,,23,1.3,50.73
2026-08-22T11:12:20.612645+00:00,oanda,PAPER,STANDARD_SWING,ORD-2-0434,XAUUSD,0.49,220,,24,1.4,50.23
2026-08-22T11:12:20.612647+00:00,oanda,PAPER,STANDARD_SWING,ORD-2-0435,XAUUSD,0.5,225,,25,1.5,49.73
2026-08-22T11:12:20.612650+00:00,oanda,PAPER,STANDARD_SWING,ORD-2-0436,XAUUSD,0.51,230,,26,1.6,49.23
2026-08-22T11:12:20.612653+00:00,oanda,PAPER,STANDARD_SWING,ORD-2-0437,XAUUSD,0.52,235,,27,1.7,48.73
2026-08-22T11:12:20.612656+00:00,oanda,PAPER,STANDARD_SWING,ORD-2-0438,XAUUSD,0.53,240,,28,1.8,48.23
2026-08-22T11:12:20.612658+00:00,oanda,PAPER,STANDARD_SWING,ORD-2-0439,XAUUSD,0.54,245,,29,1.9,47.73
2026-08-22T11:12:20.612661+00:00,oanda,PAPER,STANDARD_SWING,ORD-2-0440,XAUUSD,0.55,250,,30,0.0,52.23
2026-08-22T11:12:20.612664+00:00,oanda,PAPER,STANDARD_SWING,ORD-2-0441,XAUUSD,0.56,255,,31,0.1,51.73
2026-08-22T11:12:20.612666+00:00,oanda,PAPER,STANDARD_SWING,ORD-2-0442,XAUUSD,0.57,260,,32,0.2,51.23
2026-08-22T11:12:20.612670+00:00,oanda,PAPER,STANDARD_SWING,ORD-2-0443,XAUUSD,0.58,265,,33,0.3,50.73
2026-08-22T11:12:20.612673+00:00,oanda,PAPER,STANDARD_SWING,ORD-2-0444,XAUUSD,0.59,270,,34,0.4,50.23
2026-08-22T11:12:20.612676+00:00,oanda,PAPER,STANDARD_SWING,ORD-2-0445,XAUUSD,0.6,275,,35,0.5,49.73
2026-08-22T11:12:20.612679+00:00,oanda,PAPER,STANDARD_SWING,ORD-2-0446,XAUUSD,0.61,280,,36,0.6,49.23
2026-08-22T11:12:20.612683+00:00,oanda,PAPER,STANDARD_SWING,ORD-2-0447,XAUUSD,0.62,285,,37,0.7,48.73
2026-08-22T11:12:20.612685+00:00,oanda,PAPER,STANDARD_SWING,ORD-2-0448,XAUUSD,0.63,290,,38,0.8,48.23
2026-08-22T11:12:20.612688+00:00,oanda,PAPER,STANDARD_SWING,ORD-2-0449,XAUUSD,0.64,295,,39,0.9,47.73
2026-08-22T11:12:20.612691+00:00,oanda,PAPER,STANDARD_SWING,ORD-2-0450,XAUUSD,0.15,300,,10,1.0,52.23
2026-08-22T11:12:20.612693+00:00,oanda,PAPER,STANDARD_SWING,ORD-2-0451,XAUUSD,0.16,305,,11,1.1,51.73
2026-08-22T11:12:20.612696+00:00,oanda,PAPER,STANDARD_SWING,ORD-2-0452,XAUUSD,0.17,310,,12,1.2,51.23
2026-08-22T11:12:20.612700+00:00,oanda,PAPER,STANDARD_SWING,ORD-2-0453,XAUUSD,0.18,315,,13,1.3,50.73
2026-08-22T11:12:20.612703+00:00,oanda,PAPER,STANDARD_SWING,ORD-2-0454,XAUUSD,0.19,320,,14,1.4,50.23
2026-08-22T11:12:20.612706+00:00,oanda,PAPER,STANDARD_SWING,ORD-2-0455,XAUUSD,0.2,325,,15,1.5,49.73
2026-08-22T11:12:20.612711+00:00,oanda,PAPER,STANDARD_SWING,ORD-2-0456,XAUUSD,0.21,330,,16,1.6,49.23
2026-08-22T11:12:20.612717+00:00,oanda,PAPER,STANDARD_SWING,ORD-2-0457,XAUUSD,0.22,335,,17,1.7,48.73
2026-08-22T11:12:20.612720+00:00,oanda,PAPER,STANDARD_SWING,ORD-2-0458,XAUUSD,0.23,340,,18,1.8,48.23
2026-08-22T11:12:20.612723+00:00,oanda,PAPER,STANDARD_SWING,ORD-2-0459,XAUUSD,0.24,345,,19,1.9,47.73
2026-08-22T11:12:20.612725+00:00,oanda,PAPER,STANDARD_SWING,ORD-2-0460,XAUUSD,0.25,350,,20,0.0,52.23
2026-08-22T11:12:20.612728+00:00,oanda,PAPER,STANDARD_SWING,ORD-2-0461,XAUUSD,0.26,355,,21,0.1,51.73
2026-08-22T11:12:20.612731+00:00,oanda,PAPER,STANDARD_SWING,ORD-2-0462,XAUUSD,0.27,360,,22,0.2,51.23
2026-08-22T11:12:20.612735+00:00,oanda,PAPER,STANDARD_SWING,ORD-2-0463,XAUUSD,0.28,365,,23,0.3,50.73
2026-08-22T11:12:20.612737+00:00,oanda,PAPER,STANDARD_SWING,ORD-2-0464,XAUUSD,0.29,370,,24,0.4,50.23
2026-08-22T11:12:20.612740+00:00,oanda,PAPER,STANDARD_SWING,ORD-2-0465,XAUUSD,0.3,375,,25,0.5,49.73
2026-08-22T11:12:20.612743+00:00,oanda,PAPER,STANDARD_SWING,ORD-2-0466,XAUUSD,0.31,380,,26,0.6,49.23
2026-08-22T11:12:20.612746+00:00,oanda,PAPER,STANDARD_SWING,ORD-2-0467,XAUUSD,0.32,385,,27,0.7,48.73
2026-08-22T11:12:20.612748+00:00,oanda,PAPER,STANDARD_SWING,ORD-2-0468,XAUUSD,0.33,390,,28,0.8,48.23
2026-08-22T11:12:20.612751+00:00,oanda,PAPER,STANDARD_SWING,ORD-2-0469,XAUUSD,0.34,395,,29,0.9,47.73
2026-08-22T11:12:20.612754+00:00,oanda,PAPER,STANDARD_SWING,ORD-2-0470,XAUUSD,0.35,400,,30,1.0,52.23
2026-08-22T11:12:20.612756+00:00,oanda,PAPER,STANDARD_SWING,ORD-2-0471,XAUUSD,0.36,405,,31,1.1,51.73
2026-08-22T11:12:20.612759+00:00,oanda,PAPER,STANDARD_SWING,ORD-2-0472,XAUUSD,0.37,410,,32,1.2,51.23
2026-08-22T11:12:20.612763+00:00,oanda,PAPER,STANDARD_SWING,ORD-2-0473,XAUUSD,0.38,415,,33,1.3,50.73
2026-08-22T11:12:20.612766+00:00,oanda,PAPER,STANDARD_SWING,ORD-2-0474,XAUUSD,0.39,420,,34,1.4,50.23
2026-08-22T11:12:20.612769+00:00,oanda,PAPER,STANDARD_SWING,ORD-2-0475,XAUUSD,0.4,425,,35,1.5,49.73
2026-08-22T11:12:20.612771+00:00,oanda,PAPER,STANDARD_SWING,ORD-2-0476,XAUUSD,0.41,430,,36,1.6,49.23
2026-08-22T11:12:20.612774+00:00,oanda,PAPER,STANDARD_SWING,ORD-2-0477,XAUUSD,0.42,435,,37,1.7,48.73
2026-08-22T11:12:20.612778+00:00,oanda,PAPER,STANDARD_SWING,ORD-2-0478,XAUUSD,0.43,440,,38,1.8,48.23
2026-08-22T11:12:20.612781+00:00,oanda,PAPER,STANDARD_SWING,ORD-2-0479,XAUUSD,0.44,445,,39,1.9,47.73
2026-08-22T11:12:20.612783+00:00,oanda,PAPER,STANDARD_SWING,ORD-2-0480,XAUUSD,0.45,450,,10,0.0,52.23
2026-08-22T11:12:20.612786+00:00,oanda,PAPER,STANDARD_SWING,ORD-2-0481,XAUUSD,0.46,455,,11,0.1,51.73
2026-08-22T11:12:20.612789+00:00,oanda,PAPER,STANDARD_SWING,ORD-2-0482,XAUUSD,0.47,460,,12,0.2,51.23
2026-08-22T11:12:20.612793+00:00,oanda,PAPER,STANDARD_SWING,ORD-2-0483,XAUUSD,0.48,465,,13,0.3,50.73
2026-08-22T11:12:20.612795+00:00,oanda,PAPER,STANDARD_SWING,ORD-2-0484,XAUUSD,0.49,470,,14,0.4,50.23
2026-08-22T11:12:20.612798+00:00,oanda,PAPER,STANDARD_SWING,ORD-2-0485,XAUUSD,0.5,475,INSUFFICIENT_MARGIN,15,0.5,49.73
2026-08-22T11:12:20.612801+00:00,oanda,PAPER,STANDARD_SWING,ORD-2-0486,XAUUSD,0.51,480,,16,0.6,49.23
2026-08-22T11:12:20.612803+00:00,oanda,PAPER,STANDARD_SWING,ORD-2-0487,XAUUSD,0.52,485,,17,0.7,48.73
2026-08-22T11:12:20.612807+00:00,oanda,PAPER,STANDARD_SWING,ORD-2-0488,XAUUSD,0.53,490,,18,0.8,48.23
2026-08-22T11:12:20.612810+00:00,oanda,PAPER,STANDARD_SWING,ORD-2-0489,XAUUSD,0.54,495,,19,0.9,47.73
2026-08-22T11:12:20.612813+00:00,oanda,PAPER,STANDARD_SWING,ORD-2-0490,XAUUSD,0.55,500,,20,1.0,52.23
2026-08-22T11:12:20.612816+00:00,oanda,PAPER,STANDARD_SWING,ORD-2-0491,XAUUSD,0.56,505,,21,1.1,51.73
2026-08-22T11:12:20.612818+00:00,oanda,PAPER,STANDARD_SWING,ORD-2-0492,XAUUSD,0.57,510,,22,1.2,51.23
2026-08-22T11:12:20.612822+00:00,oanda,PAPER,STANDARD_SWING,ORD-2-0493,XAUUSD,0.58,515,,23,1.3,50.73
2026-08-22T11:12:20.612825+00:00,oanda,PAPER,STANDARD_SWING,ORD-2-0494,XAUUSD,0.59,520,,24,1.4,50.23
2026-08-22T11:12:20.612828+00:00,oanda,PAPER,STANDARD_SWING,ORD-2-0495,XAUUSD,0.6,525,,25,1.5,49.73
2026-08-22T11:12:20.612830+00:00,oanda,PAPER,STANDARD_SWING,ORD-2-0496,XAUUSD,0.61,530,,26,1.6,49.23
2026-08-22T11:12:20.612833+00:00,oanda,PAPER,STANDARD_SWING,ORD-2-0497,XAUUSD,0.62,535,,27,1.7,48.73
2026-08-22T11:12:20.612836+00:00,oanda,PAPER,STANDARD_SWING,ORD-2-0498,XAUUSD,0.63,540,,28,1.8,48.23
2026-08-22T11:12:20.612839+00:00,oanda,PAPER,STANDARD_SWING,ORD-2-0499,XAUUSD,0.64,545,,29,1.9,47.73
2026-08-22T11:12:20.612841+00:00,oanda,PAPER,STANDARD_SWING,ORD-2-0500,XAUUSD,0.15,550,,30,0.0,52.23
2026-08-22T11:12:20.612844+00:00,oanda,PAPER,STANDARD_SWING,ORD-2-0501,XAUUSD,0.16,555,,31,0.1,51.73
2026-08-22T11:12:20.612847+00:00,oanda,PAPER,STANDARD_SWING,ORD-2-0502,XAUUSD,0.17,560,,32,0.2,51.23
2026-08-22T11:12:20.612850+00:00,oanda,PAPER,STANDARD_SWING,ORD-2-0503,XAUUSD,0.18,565,,33,0.3,50.73
2026-08-22T11:12:20.612853+00:00,oanda,PAPER,STANDARD_SWING,ORD-2-0504,XAUUSD,0.19,570,,34,0.4,50.23
2026-08-22T11:12:20.612856+00:00,oanda,PAPER,STANDARD_SWING,ORD-2-0505,XAUUSD,0.2,575,,35,0.5,49.73
2026-08-22T11:12:20.612859+00:00,oanda,PAPER,STANDARD_SWING,ORD-2-0506,XAUUSD,0.21,580,,36,0.6,49.23
2026-08-22T11:12:20.612861+00:00,oanda,PAPER,STANDARD_SWING,ORD-2-0507,XAUUSD,0.22,585,,37,0.7,48.73
2026-08-22T11:12:20.612865+00:00,oanda,PAPER,STANDARD_SWING,ORD-2-0508,XAUUSD,0.23,590,,38,0.8,48.23
2026-08-22T11:12:20.612868+00:00,oanda,PAPER,STANDARD_SWING,ORD-2-0509,XAUUSD,0.24,595,,39,0.9,47.73
2026-08-22T11:12:20.612873+00:00,oanda,PAPER,STANDARD_SWING,ORD-2-0510,XAUUSD,0.25,600,,10,1.0,52.23
2026-08-22T11:12:20.612876+00:00,oanda,PAPER,STANDARD_SWING,ORD-2-0511,XAUUSD,0.26,605,,11,1.1,51.73
2026-08-22T11:12:20.612878+00:00,oanda,PAPER,STANDARD_SWING,ORD-2-0512,XAUUSD,0.27,610,,12,1.2,51.23
2026-08-22T11:12:20.612882+00:00,oanda,PAPER,STANDARD_SWING,ORD-2-0513,XAUUSD,0.28,615,,13,1.3,50.73
2026-08-22T11:12:20.612885+00:00,oanda,PAPER,STANDARD_SWING,ORD-2-0514,XAUUSD,0.29,620,,14,1.4,50.23
2026-08-22T11:12:20.612888+00:00,oanda,PAPER,STANDARD_SWING,ORD-2-0515,XAUUSD,0.3,625,,15,1.5,49.73
2026-08-22T11:12:20.612891+00:00,oanda,PAPER,STANDARD_SWING,ORD-2-0516,XAUUSD,0.31,630,,16,1.6,49.23
2026-08-22T11:12:20.612893+00:00,oanda,PAPER,STANDARD_SWING,ORD-2-0517,XAUUSD,0.32,635,,17,1.7,48.73
2026-08-22T11:12:20.612896+00:00,oanda,PAPER,STANDARD_SWING,ORD-2-0518,XAUUSD,0.33,640,,18,1.8,48.23
2026-08-22T11:12:20.612899+00:00,oanda,PAPER,STANDARD_SWING,ORD-2-0519,XAUUSD,0.34,645,,19,1.9,47.73
2026-08-22T11:12:20.612903+00:00,oanda,PAPER,STANDARD_SWING,ORD-2-0520,XAUUSD,0.35,650,,20,0.0,52.23
2026-08-22T11:12:20.612905+00:00,oanda,PAPER,STANDARD_SWING,ORD-2-0521,XAUUSD,0.36,655,,21,0.1,51.73
2026-08-22T11:12:20.612908+00:00,oanda,PAPER,STANDARD_SWING,ORD-2-0522,XAUUSD,0.37,660,,22,0.2,51.23
2026-08-22T11:12:20.612912+00:00,oanda,PAPER,STANDARD_SWING,ORD-2-0523,XAUUSD,0.38,665,,23,0.3,50.73
2026-08-22T11:12:20.612915+00:00,oanda,PAPER,STANDARD_SWING,ORD-2-0524,XAUUSD,0.39,670,,24,0.4,50.23
2026-08-22T11:12:20.612917+00:00,oanda,PAPER,STANDARD_SWING,ORD-2-0525,XAUUSD,0.4,675,,25,0.5,49.73
2026-08-22T11:12:20.612920+00:00,oanda,PAPER,STANDARD_SWING,ORD-2-0526,XAUUSD,0.41,680,,26,0.6,49.23
2026-08-22T11:12:20.612923+00:00,oanda,PAPER,STANDARD_SWING,ORD-2-0527,XAUUSD,0.42,685,,27,0.7,48.73
2026-08-22T11:12:20.612926+00:00,oanda,PAPER,STANDARD_SWING,ORD-2-0528,XAUUSD,0.43,690,,28,0.8,48.23
2026-08-22T11:12:20.612928+00:00,oanda,PAPER,STANDARD_SWING,ORD-2-0529,XAUUSD,0.44,695,,29,0.9,47.73
2026-08-22T11:12:20.612931+00:00,oanda,PAPER,STANDARD_SWING,ORD-2-0530,XAUUSD,0.45,700,,30,1.0,52.23
2026-08-22T11:12:20.612934+00:00,oanda,PAPER,STANDARD_SWING,ORD-2-0531,XAUUSD,0.46,705,,31,1.1,51.73
2026-08-22T11:12:20.612936+00:00,oanda,PAPER,STANDARD_SWING,ORD-2-0532,XAUUSD,0.47,710,,32,1.2,51.23
2026-08-22T11:12:20.612940+00:00,oanda,PAPER,STANDARD_SWING,ORD-2-0533,XAUUSD,0.48,715,,33,1.3,50.73
2026-08-22T11:12:20.612943+00:00,oanda,PAPER,STANDARD_SWING,ORD-2-0534,XAUUSD,0.49,720,,34,1.4,50.23
2026-08-22T11:12:20.612946+00:00,oanda,PAPER,STANDARD_SWING,ORD-2-0535,XAUUSD,0.5,725,,35,1.5,49.73
2026-08-22T11:12:20.612948+00:00,oanda,PAPER,STANDARD_SWING,ORD-2-0536,XAUUSD,0.51,730,,36,1.6,49.23
2026-08-22T11:12:20.612951+00:00,oanda,PAPER,STANDARD_SWING,ORD-2-0537,XAUUSD,0.52,735,,37,1.7,48.73
2026-08-22T11:12:20.612954+00:00,oanda,PAPER,STANDARD_SWING,ORD-2-0538,XAUUSD,0.53,740,,38,1.8,48.23
2026-08-22T11:12:20.612957+00:00,oanda,PAPER,STANDARD_SWING,ORD-2-0539,XAUUSD,0.54,745,,39,1.9,47.73
2026-08-22T11:12:20.612959+00:00,oanda,PAPER,STANDARD_SWING,ORD-2-0540,XAUUSD,0.55,750,,10,0.0,52.23
2026-08-22T11:12:20.612962+00:00,oanda,PAPER,STANDARD_SWING,ORD-2-0541,XAUUSD,0.56,755,,11,0.1,51.73
2026-08-22T11:12:20.612966+00:00,oanda,PAPER,STANDARD_SWING,ORD-2-0542,XAUUSD,0.57,760,,12,0.2,51.23
2026-08-22T11:12:20.612987+00:00,oanda,PAPER,STANDARD_SWING,ORD-2-0543,XAUUSD,0.58,765,,13,0.3,50.73
2026-08-22T11:12:20.612990+00:00,oanda,PAPER,STANDARD_SWING,ORD-2-0544,XAUUSD,0.59,770,,14,0.4,50.23
2026-08-22T11:12:20.612992+00:00,oanda,PAPER,STANDARD_SWING,ORD-2-0545,XAUUSD,0.6,775,,15,0.5,49.73
2026-08-22T11:12:20.612995+00:00,oanda,PAPER,STANDARD_SWING,ORD-2-0546,XAUUSD,0.61,780,,16,0.6,49.23
2026-08-22T11:12:20.612998+00:00,oanda,PAPER,STANDARD_SWING,ORD-2-0547,XAUUSD,0.62,785,,17,0.7,48.73
2026-08-22T11:12:20.613000+00:00,oanda,PAPER,STANDARD_SWING,ORD-2-0548,XAUUSD,0.63,790,,18,0.8,48.23
2026-08-22T11:12:20.613003+00:00,oanda,PAPER,STANDARD_SWING,ORD-2-0549,XAUUSD,0.64,795,,19,0.9,47.73
2026-08-22T11:12:20.613006+00:00,oanda,PAPER,STANDARD_SWING,ORD-2-0550,XAUUSD,0.15,800,,20,1.0,52.23
2026-08-22T11:12:20.613008+00:00,oanda,PAPER,STANDARD_SWING,ORD-2-0551,XAUUSD,0.16,805,,21,1.1,51.73
2026-08-22T11:12:20.613012+00:00,oanda,PAPER,STANDARD_SWING,ORD-2-0552,XAUUSD,0.17,810,,22,1.2,51.23
2026-08-22T11:12:20.613016+00:00,oanda,PAPER,STANDARD_SWING,ORD-2-0553,XAUUSD,0.18,815,,23,1.3,50.73
2026-08-22T11:12:20.613019+00:00,oanda,PAPER,STANDARD_SWING,ORD-2-0554,XAUUSD,0.19,820,,24,1.4,50.23
2026-08-22T11:12:20.613022+00:00,oanda,PAPER,STANDARD_SWING,ORD-2-0555,XAUUSD,0.2,825,,25,1.5,49.73
2026-08-22T11:12:20.613024+00:00,oanda,PAPER,STANDARD_SWING,ORD-2-0556,XAUUSD,0.21,830,,26,1.6,49.23
2026-08-22T11:12:20.613027+00:00,oanda,PAPER,STANDARD_SWING,ORD-2-0557,XAUUSD,0.22,835,,27,1.7,48.73
2026-08-22T11:12:20.613031+00:00,oanda,PAPER,STANDARD_SWING,ORD-2-0558,XAUUSD,0.23,840,,28,1.8,48.23
2026-08-22T11:12:20.613034+00:00,oanda,PAPER,STANDARD_SWING,ORD-2-0559,XAUUSD,0.24,845,,29,1.9,47.73
2026-08-22T11:12:20.613037+00:00,oanda,PAPER,STANDARD_SWING,ORD-2-0560,XAUUSD,0.25,850,,30,0.0,52.23
2026-08-22T11:12:20.613039+00:00,oanda,PAPER,STANDARD_SWING,ORD-2-0561,XAUUSD,0.26,855,,31,0.1,51.73
2026-08-22T11:12:20.613042+00:00,oanda,PAPER,STANDARD_SWING,ORD-2-0562,XAUUSD,0.27,860,,32,0.2,51.23
2026-08-22T11:12:20.613053+00:00,oanda,PAPER,STANDARD_SWING,ORD-2-0563,XAUUSD,0.28,865,,33,0.3,50.73
2026-08-22T11:12:20.613058+00:00,oanda,PAPER,STANDARD_SWING,ORD-2-0564,XAUUSD,0.29,870,,34,0.4,50.23
2026-08-22T11:12:20.613060+00:00,oanda,PAPER,STANDARD_SWING,ORD-2-0565,XAUUSD,0.3,875,,35,0.5,49.73
2026-08-22T11:12:20.613063+00:00,oanda,PAPER,STANDARD_SWING,ORD-2-0566,XAUUSD,0.31,880,,36,0.6,49.23
2026-08-22T11:12:20.613066+00:00,oanda,PAPER,STANDARD_SWING,ORD-2-0567,XAUUSD,0.32,885,,37,0.7,48.73
2026-08-22T11:12:20.613068+00:00,oanda,PAPER,STANDARD_SWING,ORD-2-0568,XAUUSD,0.33,890,,38,0.8,48.23
2026-08-22T11:12:20.613071+00:00,oanda,PAPER,STANDARD_SWING,ORD-2-0569,XAUUSD,0.34,895,,39,0.9,47.73
2026-08-22T11:12:20.613074+00:00,oanda,PAPER,STANDARD_SWING,ORD-2-0570,XAUUSD,0.35,900,,10,1.0,52.23
2026-08-22T11:12:20.613077+00:00,oanda,PAPER,STANDARD_SWING,ORD-2-0571,XAUUSD,0.36,905,,11,1.1,51.73
2026-08-22T11:12:20.613079+00:00,oanda,PAPER,STANDARD_SWING,ORD-2-0572,XAUUSD,0.37,910,,12,1.2,51.23
2026-08-22T11:12:20.613083+00:00,oanda,PAPER,STANDARD_SWING,ORD-2-0573,XAUUSD,0.38,915,,13,1.3,50.73
2026-08-22T11:12:20.613087+00:00,oanda,PAPER,STANDARD_SWING,ORD-2-0574,XAUUSD,0.39,920,,14,1.4,50.23
2026-08-22T11:12:20.613090+00:00,oanda,PAPER,STANDARD_SWING,ORD-2-0575,XAUUSD,0.4,925,,15,1.5,49.73
2026-08-22T11:12:20.613093+00:00,oanda,PAPER,STANDARD_SWING,ORD-2-0576,XAUUSD,0.41,930,,16,1.6,49.23
2026-08-22T11:12:20.613096+00:00,oanda,PAPER,STANDARD_SWING,ORD-2-0577,XAUUSD,0.42,935,,17,1.7,48.73
2026-08-22T11:12:20.613098+00:00,oanda,PAPER,STANDARD_SWING,ORD-2-0578,XAUUSD,0.43,940,,18,1.8,48.23
2026-08-22T11:12:20.613101+00:00,oanda,PAPER,STANDARD_SWING,ORD-2-0579,XAUUSD,0.44,945,,19,1.9,47.73
2026-08-22T11:12:20.613104+00:00,oanda,PAPER,STANDARD_SWING,ORD-2-0580,XAUUSD,0.45,950,,20,0.0,52.23
2026-08-22T11:12:20.613106+00:00,oanda,PAPER,STANDARD_SWING,ORD-2-0581,XAUUSD,0.46,955,,21,0.1,51.73
2026-08-22T11:12:20.613113+00:00,oanda,PAPER,STANDARD_SWING,ORD-2-0582,XAUUSD,0.47,960,INSUFFICIENT_MARGIN,22,0.2,51.23
2026-08-22T11:12:20.613116+00:00,oanda,PAPER,STANDARD_SWING,ORD-2-0583,XAUUSD,0.48,965,,23,0.3,50.73
2026-08-22T11:12:20.613120+00:00,oanda,PAPER,STANDARD_SWING,ORD-2-0584,XAUUSD,0.49,970,,24,0.4,50.23
2026-08-22T11:12:20.613123+00:00,oanda,PAPER,STANDARD_SWING,ORD-2-0585,XAUUSD,0.5,975,,25,0.5,49.73
2026-08-22T11:12:20.613125+00:00,oanda,PAPER,STANDARD_SWING,ORD-2-0586,XAUUSD,0.51,980,,26,0.6,49.23
2026-08-22T11:12:20.613128+00:00,oanda,PAPER,STANDARD_SWING,ORD-2-0587,XAUUSD,0.52,985,,27,0.7,48.73
2026-08-22T11:12:20.613131+00:00,oanda,PAPER,STANDARD_SWING,ORD-2-0588,XAUUSD,0.53,990,,28,0.8,48.23
2026-08-22T11:12:20.613134+00:00,oanda,PAPER,STANDARD_SWING,ORD-2-0589,XAUUSD,0.54,995,,29,0.9,47.73
2026-08-22T11:12:20.613136+00:00,oanda,PAPER,STANDARD_SWING,ORD-2-0590,XAUUSD,0.55,1000,,30,1.0,52.23
2026-08-22T11:12:20.613139+00:00,oanda,PAPER,STANDARD_SWING,ORD-2-0591,XAUUSD,0.56,1005,,31,1.1,51.73
2026-08-22T11:12:20.613142+00:00,oanda,PAPER,STANDARD_SWING,ORD-2-0592,XAUUSD,0.57,1010,,32,1.2,51.23
2026-08-22T11:12:20.613146+00:00,oanda,PAPER,STANDARD_SWING,ORD-2-0593,XAUUSD,0.58,1015,,33,1.3,50.73
2026-08-22T11:12:20.613149+00:00,oanda,PAPER,STANDARD_SWING,ORD-2-0594,XAUUSD,0.59,1020,,34,1.4,50.23
2026-08-22T11:12:20.613152+00:00,oanda,PAPER,STANDARD_SWING,ORD-2-0595,XAUUSD,0.6,1025,,35,1.5,49.73
2026-08-22T11:12:20.613154+00:00,oanda,PAPER,STANDARD_SWING,ORD-2-0596,XAUUSD,0.61,1030,,36,1.6,49.23
2026-08-22T11:12:20.613157+00:00,oanda,PAPER,STANDARD_SWING,ORD-2-0597,XAUUSD,0.62,1035,,37,1.7,48.73
2026-08-22T11:12:20.613160+00:00,oanda,PAPER,STANDARD_SWING,ORD-2-0598,XAUUSD,0.63,1040,,38,1.8,48.23
2026-08-22T11:12:20.613163+00:00,oanda,PAPER,STANDARD_SWING,ORD-2-0599,XAUUSD,0.64,1045,,39,1.9,47.73
2026-08-22T11:12:20.613165+00:00,oanda,PAPER,STANDARD_SWING,ORD-2-0600,XAUUSD,0.15,50,,10,0.0,52.23
2026-08-22T11:12:20.613168+00:00,oanda,PAPER,STANDARD_SWING,ORD-2-0601,XAUUSD,0.16,55,,11,0.1,51.73
2026-08-22T11:12:20.613171+00:00,oanda,PAPER,STANDARD_SWING,ORD-2-0602,XAUUSD,0.17,60,,12,0.2,51.23
2026-08-22T11:12:20.613175+00:00,oanda,PAPER,STANDARD_SWING,ORD-2-0603,XAUUSD,0.18,65,,13,0.3,50.73
2026-08-22T11:12:20.613177+00:00,oanda,PAPER,STANDARD_SWING,ORD-2-0604,XAUUSD,0.19,70,,14,0.4,50.23
2026-08-22T11:12:20.613180+00:00,oanda,PAPER,STANDARD_SWING,ORD-2-0605,XAUUSD,0.2,75,,15,0.5,49.73
2026-08-22T11:12:20.613184+00:00,oanda,PAPER,STANDARD_SWING,ORD-2-0606,XAUUSD,0.21,80,,16,0.6,49.23
2026-08-22T11:12:20.613186+00:00,oanda,PAPER,STANDARD_SWING,ORD-2-0607,XAUUSD,0.22,85,,17,0.7,48.73
2026-08-22T11:12:20.613189+00:00,oanda,PAPER,STANDARD_SWING,ORD-2-0608,XAUUSD,0.23,90,,18,0.8,48.23
2026-08-22T11:12:20.613193+00:00,oanda,PAPER,STANDARD_SWING,ORD-2-0609,XAUUSD,0.24,95,,19,0.9,47.73
2026-08-22T11:12:20.613195+00:00,oanda,PAPER,STANDARD_SWING,ORD-2-0610,XAUUSD,0.25,100,,20,1.0,52.23
2026-08-22T11:12:20.613198+00:00,oanda,PAPER,STANDARD_SWING,ORD-2-0611,XAUUSD,0.26,105,,21,1.1,51.73
2026-08-22T11:12:20.613201+00:00,oanda,PAPER,STANDARD_SWING,ORD-2-0612,XAUUSD,0.27,110,,22,1.2,51.23
2026-08-22T11:12:20.613205+00:00,oanda,PAPER,STANDARD_SWING,ORD-2-0613,XAUUSD,0.28,115,,23,1.3,50.73
2026-08-22T11:12:20.613207+00:00,oanda,PAPER,STANDARD_SWING,ORD-2-0614,XAUUSD,0.29,120,,24,1.4,50.23
2026-08-22T11:12:20.613210+00:00,oanda,PAPER,STANDARD_SWING,ORD-2-0615,XAUUSD,0.3,125,,25,1.5,49.73
2026-08-22T11:12:20.613213+00:00,oanda,PAPER,STANDARD_SWING,ORD-2-0616,XAUUSD,0.31,130,,26,1.6,49.23
2026-08-22T11:12:20.613215+00:00,oanda,PAPER,STANDARD_SWING,ORD-2-0617,XAUUSD,0.32,135,,27,1.7,48.73
2026-08-22T11:12:20.613218+00:00,oanda,PAPER,STANDARD_SWING,ORD-2-0618,XAUUSD,0.33,140,,28,1.8,48.23
2026-08-22T11:12:20.613221+00:00,oanda,PAPER,STANDARD_SWING,ORD-2-0619,XAUUSD,0.34,145,,29,1.9,47.73
2026-08-22T11:12:20.613223+00:00,oanda,PAPER,STANDARD_SWING,ORD-2-0620,XAUUSD,0.35,150,,30,0.0,52.23
2026-08-22T11:12:20.613228+00:00,oanda,PAPER,STANDARD_SWING,ORD-2-0621,XAUUSD,0.36,155,,31,0.1,51.73
2026-08-22T11:12:20.613230+00:00,oanda,PAPER,STANDARD_SWING,ORD-2-0622,XAUUSD,0.37,160,,32,0.2,51.23
2026-08-22T11:12:20.613234+00:00,oanda,PAPER,STANDARD_SWING,ORD-2-0623,XAUUSD,0.38,165,,33,0.3,50.73
2026-08-22T11:12:20.613237+00:00,oanda,PAPER,STANDARD_SWING,ORD-2-0624,XAUUSD,0.39,170,,34,0.4,50.23
2026-08-22T11:12:20.613240+00:00,oanda,PAPER,STANDARD_SWING,ORD-2-0625,XAUUSD,0.4,175,,35,0.5,49.73
2026-08-22T11:12:20.613242+00:00,oanda,PAPER,STANDARD_SWING,ORD-2-0626,XAUUSD,0.41,180,,36,0.6,49.23
2026-08-22T11:12:20.613245+00:00,oanda,PAPER,STANDARD_SWING,ORD-2-0627,XAUUSD,0.42,185,,37,0.7,48.73
2026-08-22T11:12:20.613248+00:00,oanda,PAPER,STANDARD_SWING,ORD-2-0628,XAUUSD,0.43,190,,38,0.8,48.23
2026-08-22T11:12:20.613250+00:00,oanda,PAPER,STANDARD_SWING,ORD-2-0629,XAUUSD,0.44,195,,39,0.9,47.73
2026-08-22T11:12:20.613253+00:00,oanda,PAPER,STANDARD_SWING,ORD-2-0630,XAUUSD,0.45,200,,10,1.0,52.23
2026-08-22T11:12:20.613256+00:00,oanda,PAPER,STANDARD_SWING,ORD-2-0631,XAUUSD,0.46,205,,11,1.1,51.73
2026-08-22T11:12:20.613258+00:00,oanda,PAPER,STANDARD_SWING,ORD-2-0632,XAUUSD,0.47,210,,12,1.2,51.23
2026-08-22T11:12:20.613262+00:00,oanda,PAPER,STANDARD_SWING,ORD-2-0633,XAUUSD,0.48,215,,13,1.3,50.73
2026-08-22T11:12:20.613265+00:00,oanda,PAPER,STANDARD_SWING,ORD-2-0634,XAUUSD,0.49,220,,14,1.4,50.23
2026-08-22T11:12:20.613268+00:00,oanda,PAPER,STANDARD_SWING,ORD-2-0635,XAUUSD,0.5,225,,15,1.5,49.73
2026-08-22T11:12:20.613270+00:00,oanda,PAPER,STANDARD_SWING,ORD-2-0636,XAUUSD,0.51,230,,16,1.6,49.23
2026-08-22T11:12:20.613273+00:00,oanda,PAPER,STANDARD_SWING,ORD-2-0637,XAUUSD,0.52,235,,17,1.7,48.73
2026-08-22T11:12:20.613277+00:00,oanda,PAPER,STANDARD_SWING,ORD-2-0638,XAUUSD,0.53,240,,18,1.8,48.23
2026-08-22T11:12:20.613279+00:00,oanda,PAPER,STANDARD_SWING,ORD-2-0639,XAUUSD,0.54,245,,19,1.9,47.73
2026-08-22T11:12:20.613282+00:00,oanda,PAPER,STANDARD_SWING,ORD-2-0640,XAUUSD,0.55,250,,20,0.0,52.23
2026-08-22T11:12:20.613285+00:00,oanda,PAPER,STANDARD_SWING,ORD-2-0641,XAUUSD,0.56,255,,21,0.1,51.73
2026-08-22T11:12:20.613287+00:00,oanda,PAPER,STANDARD_SWING,ORD-2-0642,XAUUSD,0.57,260,,22,0.2,51.23
2026-08-22T11:12:20.613291+00:00,oanda,PAPER,STANDARD_SWING,ORD-2-0643,XAUUSD,0.58,265,,23,0.3,50.73
2026-08-22T11:12:20.613294+00:00,oanda,PAPER,STANDARD_SWING,ORD-2-0644,XAUUSD,0.59,270,,24,0.4,50.23
2026-08-22T11:12:20.613297+00:00,oanda,PAPER,STANDARD_SWING,ORD-2-0645,XAUUSD,0.6,275,,25,0.5,49.73
2026-08-22T11:12:20.613299+00:00,oanda,PAPER,STANDARD_SWING,ORD-2-0646,XAUUSD,0.61,280,,26,0.6,49.23
2026-08-22T11:12:20.613302+00:00,oanda,PAPER,STANDARD_SWING,ORD-2-0647,XAUUSD,0.62,285,,27,0.7,48.73
2026-08-22T11:12:20.613305+00:00,oanda,PAPER,STANDARD_SWING,ORD-2-0648,XAUUSD,0.63,290,,28,0.8,48.23
2026-08-22T11:12:20.613307+00:00,oanda,PAPER,STANDARD_SWING,ORD-2-0649,XAUUSD,0.64,295,,29,0.9,47.73
2026-08-22T11:12:20.613310+00:00,oanda,PAPER,STANDARD_SWING,ORD-2-0650,XAUUSD,0.15,300,,30,1.0,52.23
2026-08-22T11:12:20.613313+00:00,oanda,PAPER,STANDARD_SWING,ORD-2-0651,XAUUSD,0.16,305,,31,1.1,51.73
2026-08-22T11:12:20.613316+00:00,oanda,PAPER,STANDARD_SWING,ORD-2-0652,XAUUSD,0.17,310,,32,1.2,51.23
2026-08-22T11:12:20.613320+00:00,oanda,PAPER,STANDARD_SWING,ORD-2-0653,XAUUSD,0.18,315,,33,1.3,50.73
2026-08-22T11:12:20.613322+00:00,oanda,PAPER,STANDARD_SWING,ORD-2-0654,XAUUSD,0.19,320,,34,1.4,50.23
2026-08-22T11:12:20.613325+00:00,oanda,PAPER,STANDARD_SWING,ORD-2-0655,XAUUSD,0.2,325,,35,1.5,49.73
2026-08-22T11:12:20.613328+00:00,oanda,PAPER,STANDARD_SWING,ORD-2-0656,XAUUSD,0.21,330,,36,1.6,49.23
2026-08-22T11:12:20.613330+00:00,oanda,PAPER,STANDARD_SWING,ORD-2-0657,XAUUSD,0.22,335,,37,1.7,48.73
2026-08-22T11:12:20.613334+00:00,oanda,PAPER,STANDARD_SWING,ORD-2-0658,XAUUSD,0.23,340,,38,1.8,48.23
2026-08-22T11:12:20.613337+00:00,oanda,PAPER,STANDARD_SWING,ORD-2-0659,XAUUSD,0.24,345,,39,1.9,47.73
2026-08-22T11:12:20.613341+00:00,oanda,PAPER,STANDARD_SWING,ORD-2-0660,XAUUSD,0.25,350,,10,0.0,52.23
2026-08-22T11:12:20.613344+00:00,oanda,PAPER,STANDARD_SWING,ORD-2-0661,XAUUSD,0.26,355,,11,0.1,51.73
2026-08-22T11:12:20.613346+00:00,oanda,PAPER,STANDARD_SWING,ORD-2-0662,XAUUSD,0.27,360,,12,0.2,51.23
2026-08-22T11:12:20.613350+00:00,oanda,PAPER,STANDARD_SWING,ORD-2-0663,XAUUSD,0.28,365,,13,0.3,50.73
2026-08-22T11:12:20.613353+00:00,oanda,PAPER,STANDARD_SWING,ORD-2-0664,XAUUSD,0.29,370,,14,0.4,50.23
2026-08-22T11:12:20.613356+00:00,oanda,PAPER,STANDARD_SWING,ORD-2-0665,XAUUSD,0.3,375,,15,0.5,49.73
2026-08-22T11:12:20.613358+00:00,oanda,PAPER,STANDARD_SWING,ORD-2-0666,XAUUSD,0.31,380,,16,0.6,49.23
2026-08-22T11:12:20.613361+00:00,oanda,PAPER,STANDARD_SWING,ORD-2-0667,XAUUSD,0.32,385,,17,0.7,48.73
2026-08-22T11:12:20.613364+00:00,oanda,PAPER,STANDARD_SWING,ORD-2-0668,XAUUSD,0.33,390,,18,0.8,48.23
2026-08-22T11:12:20.613366+00:00,oanda,PAPER,STANDARD_SWING,ORD-2-0669,XAUUSD,0.34,395,,19,0.9,47.73
2026-08-22T11:12:20.613370+00:00,oanda,PAPER,STANDARD_SWING,ORD-2-0670,XAUUSD,0.35,400,,20,1.0,52.23
2026-08-22T11:12:20.613373+00:00,oanda,PAPER,STANDARD_SWING,ORD-2-0671,XAUUSD,0.36,405,,21,1.1,51.73
2026-08-22T11:12:20.613376+00:00,oanda,PAPER,STANDARD_SWING,ORD-2-0672,XAUUSD,0.37,410,,22,1.2,51.23
2026-08-22T11:12:20.613380+00:00,oanda,PAPER,STANDARD_SWING,ORD-2-0673,XAUUSD,0.38,415,,23,1.3,50.73
2026-08-22T11:12:20.613383+00:00,oanda,PAPER,STANDARD_SWING,ORD-2-0674,XAUUSD,0.39,420,,24,1.4,50.23
2026-08-22T11:12:20.613385+00:00,oanda,PAPER,STANDARD_SWING,ORD-2-0675,XAUUSD,0.4,425,,25,1.5,49.73
2026-08-22T11:12:20.613388+00:00,oanda,PAPER,STANDARD_SWING,ORD-2-0676,XAUUSD,0.41,430,,26,1.6,49.23
2026-08-22T11:12:20.613391+00:00,oanda,PAPER,STANDARD_SWING,ORD-2-0677,XAUUSD,0.42,435,,27,1.7,48.73
2026-08-22T11:12:20.613394+00:00,oanda,PAPER,STANDARD_SWING,ORD-2-0678,XAUUSD,0.43,440,,28,1.8,48.23
2026-08-22T11:12:20.613396+00:00,oanda,PAPER,STANDARD_SWING,ORD-2-0679,XAUUSD,0.44,445,INSUFFICIENT_MARGIN,29,1.9,47.73
2026-08-22T11:12:20.613399+00:00,oanda,PAPER,STANDARD_SWING,ORD-2-0680,XAUUSD,0.45,450,,30,0.0,52.23
2026-08-22T11:12:20.613402+00:00,oanda,PAPER,STANDARD_SWING,ORD-2-0681,XAUUSD,0.46,455,,31,0.1,51.73
2026-08-22T11:12:20.613404+00:00,oanda,PAPER,STANDARD_SWING,ORD-2-0682,XAUUSD,0.47,460,,32,0.2,51.23
2026-08-22T11:12:20.613412+00:00,oanda,PAPER,STANDARD_SWING,ORD-2-0683,XAUUSD,0.48,465,,33,0.3,50.73
2026-08-22T11:12:20.613414+00:00,oanda,PAPER,STANDARD_SWING,ORD-2-0684,XAUUSD,0.49,470,,34,0.4,50.23
2026-08-22T11:12:20.613417+00:00,oanda,PAPER,STANDARD_SWING,ORD-2-0685,XAUUSD,0.5,475,,35,0.5,49.73
2026-08-22T11:12:20.613420+00:00,oanda,PAPER,STANDARD_SWING,ORD-2-0686,XAUUSD,0.51,480,,36,0.6,49.23
2026-08-22T11:12:20.613422+00:00,oanda,PAPER,STANDARD_SWING,ORD-2-0687,XAUUSD,0.52,485,,37,0.7,48.73
2026-08-22T11:12:20.613425+00:00,oanda,PAPER,STANDARD_SWING,ORD-2-0688,XAUUSD,0.53,490,,38,0.8,48.23
2026-08-22T11:12:20.613428+00:00,oanda,PAPER,STANDARD_SWING,ORD-2-0689,XAUUSD,0.54,495,,39,0.9,47.73
2026-08-22T11:12:20.613432+00:00,oanda,PAPER,STANDARD_SWING,ORD-2-0690,XAUUSD,0.55,500,,10,1.0,52.23
2026-08-22T11:12:20.613434+00:00,oanda,PAPER,STANDARD_SWING,ORD-2-0691,XAUUSD,0.56,505,,11,1.1,51.73
2026-08-22T11:12:20.613437+00:00,oanda,PAPER,STANDARD_SWING,ORD-2-0692,XAUUSD,0.57,510,,12,1.2,51.23
2026-08-22T11:12:20.613441+00:00,oanda,PAPER,STANDARD_SWING,ORD-2-0693,XAUUSD,0.58,515,,13,1.3,50.73
2026-08-22T11:12:20.613444+00:00,oanda,PAPER,STANDARD_SWING,ORD-2-0694,XAUUSD,0.59,520,,14,1.4,50.23
2026-08-22T11:12:20.613446+00:00,oanda,PAPER,STANDARD_SWING,ORD-2-0695,XAUUSD,0.6,525,,15,1.5,49.73
2026-08-22T11:12:20.613449+00:00,oanda,PAPER,STANDARD_SWING,ORD-2-0696,XAUUSD,0.61,530,,16,1.6,49.23
2026-08-22T11:12:20.613452+00:00,oanda,PAPER,STANDARD_SWING,ORD-2-0697,XAUUSD,0.62,535,,17,1.7,48.73
2026-08-22T11:12:20.613454+00:00,oanda,PAPER,STANDARD_SWING,ORD-2-0698,XAUUSD,0.63,540,,18,1.8,48.23
2026-08-22T11:12:20.613457+00:00,oanda,PAPER,STANDARD_SWING,ORD-2-0699,XAUUSD,0.64,545,,19,1.9,47.73
2026-08-22T11:12:20.613460+00:00,oanda,PAPER,STANDARD_SWING,ORD-2-0700,XAUUSD,0.15,550,,20,0.0,52.23
2026-08-22T11:12:20.613462+00:00,oanda,PAPER,STANDARD_SWING,ORD-2-0701,XAUUSD,0.16,555,,21,0.1,51.73
2026-08-22T11:12:20.613466+00:00,oanda,PAPER,STANDARD_SWING,ORD-2-0702,XAUUSD,0.17,560,,22,0.2,51.23
2026-08-22T11:12:20.613470+00:00,oanda,PAPER,STANDARD_SWING,ORD-2-0703,XAUUSD,0.18,565,,23,0.3,50.73
2026-08-22T11:12:20.613473+00:00,oanda,PAPER,STANDARD_SWING,ORD-2-0704,XAUUSD,0.19,570,,24,0.4,50.23
2026-08-22T11:12:20.613475+00:00,oanda,PAPER,STANDARD_SWING,ORD-2-0705,XAUUSD,0.2,575,,25,0.5,49.73
2026-08-22T11:12:20.613478+00:00,oanda,PAPER,STANDARD_SWING,ORD-2-0706,XAUUSD,0.21,580,,26,0.6,49.23
2026-08-22T11:12:20.613481+00:00,oanda,PAPER,STANDARD_SWING,ORD-2-0707,XAUUSD,0.22,585,,27,0.7,48.73
2026-08-22T11:12:20.613483+00:00,oanda,PAPER,STANDARD_SWING,ORD-2-0708,XAUUSD,0.23,590,,28,0.8,48.23
2026-08-22T11:12:20.613486+00:00,oanda,PAPER,STANDARD_SWING,ORD-2-0709,XAUUSD,0.24,595,,29,0.9,47.73
2026-08-22T11:12:20.613489+00:00,oanda,PAPER,STANDARD_SWING,ORD-2-0710,XAUUSD,0.25,600,,30,1.0,52.23
2026-08-22T11:12:20.613492+00:00,oanda,PAPER,STANDARD_SWING,ORD-2-0711,XAUUSD,0.26,605,,31,1.1,51.73
2026-08-22T11:12:20.613496+00:00,oanda,PAPER,STANDARD_SWING,ORD-2-0712,XAUUSD,0.27,610,,32,1.2,51.23
2026-08-22T11:12:20.613500+00:00,oanda,PAPER,STANDARD_SWING,ORD-2-0713,XAUUSD,0.28,615,,33,1.3,50.73
2026-08-22T11:12:20.613502+00:00,oanda,PAPER,STANDARD_SWING,ORD-2-0714,XAUUSD,0.29,620,,34,1.4,50.23
2026-08-22T11:12:20.613505+00:00,oanda,PAPER,STANDARD_SWING,ORD-2-0715,XAUUSD,0.3,625,,35,1.5,49.73
2026-08-22T11:12:20.613508+00:00,oanda,PAPER,STANDARD_SWING,ORD-2-0716,XAUUSD,0.31,630,,36,1.6,49.23
2026-08-22T11:12:20.613510+00:00,oanda,PAPER,STANDARD_SWING,ORD-2-0717,XAUUSD,0.32,635,,37,1.7,48.73
2026-08-22T11:12:20.613513+00:00,oanda,PAPER,STANDARD_SWING,ORD-2-0718,XAUUSD,0.33,640,,38,1.8,48.23
2026-08-22T11:12:20.613516+00:00,oanda,PAPER,STANDARD_SWING,ORD-2-0719,XAUUSD,0.34,645,,39,1.9,47.73
2026-08-22T11:12:20.613519+00:00,oanda,PAPER,STANDARD_SWING,ORD-2-0720,XAUUSD,0.35,650,,10,0.0,52.23
2026-08-22T11:12:20.613521+00:00,oanda,PAPER,STANDARD_SWING,ORD-2-0721,XAUUSD,0.36,655,,11,0.1,51.73
2026-08-22T11:12:20.613525+00:00,oanda,PAPER,STANDARD_SWING,ORD-2-0722,XAUUSD,0.37,660,,12,0.2,51.23
2026-08-22T11:12:20.613529+00:00,oanda,PAPER,STANDARD_SWING,ORD-2-0723,XAUUSD,0.38,665,,13,0.3,50.73
2026-08-22T11:12:20.613537+00:00,oanda,PAPER,STANDARD_SWING,ORD-2-0724,XAUUSD,0.39,670,,14,0.4,50.23
2026-08-22T11:12:20.613540+00:00,oanda,PAPER,STANDARD_SWING,ORD-2-0725,XAUUSD,0.4,675,,15,0.5,49.73
2026-08-22T11:12:20.613543+00:00,oanda,PAPER,STANDARD_SWING,ORD-2-0726,XAUUSD,0.41,680,,16,0.6,49.23
2026-08-22T11:12:20.613545+00:00,oanda,PAPER,STANDARD_SWING,ORD-2-0727,XAUUSD,0.42,685,,17,0.7,48.73
2026-08-22T11:12:20.613548+00:00,oanda,PAPER,STANDARD_SWING,ORD-2-0728,XAUUSD,0.43,690,,18,0.8,48.23
2026-08-22T11:12:20.613551+00:00,oanda,PAPER,STANDARD_SWING,ORD-2-0729,XAUUSD,0.44,695,,19,0.9,47.73
2026-08-22T11:12:20.613553+00:00,oanda,PAPER,STANDARD_SWING,ORD-2-0730,XAUUSD,0.45,700,,20,1.0,52.23
2026-08-22T11:12:20.613556+00:00,oanda,PAPER,STANDARD_SWING,ORD-2-0731,XAUUSD,0.46,705,,21,1.1,51.73
2026-08-22T11:12:20.613559+00:00,oanda,PAPER,STANDARD_SWING,ORD-2-0732,XAUUSD,0.47,710,,22,1.2,51.23
2026-08-22T11:12:20.613564+00:00,oanda,PAPER,STANDARD_SWING,ORD-2-0733,XAUUSD,0.48,715,,23,1.3,50.73
2026-08-22T11:12:20.613567+00:00,oanda,PAPER,STANDARD_SWING,ORD-2-0734,XAUUSD,0.49,720,,24,1.4,50.23
2026-08-22T11:12:20.613570+00:00,oanda,PAPER,STANDARD_SWING,ORD-2-0735,XAUUSD,0.5,725,,25,1.5,49.73
2026-08-22T11:12:20.613572+00:00,oanda,PAPER,STANDARD_SWING,ORD-2-0736,XAUUSD,0.51,730,,26,1.6,49.23
2026-08-22T11:12:20.613575+00:00,oanda,PAPER,STANDARD_SWING,ORD-2-0737,XAUUSD,0.52,735,,27,1.7,48.73
2026-08-22T11:12:20.613578+00:00,oanda,PAPER,STANDARD_SWING,ORD-2-0738,XAUUSD,0.53,740,,28,1.8,48.23
2026-08-22T11:12:20.613581+00:00,oanda,PAPER,STANDARD_SWING,ORD-2-0739,XAUUSD,0.54,745,,29,1.9,47.73
2026-08-22T11:12:20.613583+00:00,oanda,PAPER,STANDARD_SWING,ORD-2-0740,XAUUSD,0.55,750,,30,0.0,52.23
2026-08-22T11:12:20.613586+00:00,oanda,PAPER,STANDARD_SWING,ORD-2-0741,XAUUSD,0.56,755,,31,0.1,51.73
2026-08-22T11:12:20.613589+00:00,oanda,PAPER,STANDARD_SWING,ORD-2-0742,XAUUSD,0.57,760,,32,0.2,51.23
2026-08-22T11:12:20.613592+00:00,oanda,PAPER,STANDARD_SWING,ORD-2-0743,XAUUSD,0.58,765,,33,0.3,50.73
2026-08-22T11:12:20.613595+00:00,oanda,PAPER,STANDARD_SWING,ORD-2-0744,XAUUSD,0.59,770,,34,0.4,50.23
2026-08-22T11:12:20.613598+00:00,oanda,PAPER,STANDARD_SWING,ORD-2-0745,XAUUSD,0.6,775,,35,0.5,49.73
2026-08-22T11:12:20.613600+00:00,oanda,PAPER,STANDARD_SWING,ORD-2-0746,XAUUSD,0.61,780,,36,0.6,49.23
2026-08-22T11:12:20.613603+00:00,oanda,PAPER,STANDARD_SWING,ORD-2-0747,XAUUSD,0.62,785,,37,0.7,48.73
2026-08-22T11:12:20.613606+00:00,oanda,PAPER,STANDARD_SWING,ORD-2-0748,XAUUSD,0.63,790,,38,0.8,48.23
2026-08-22T11:12:20.613608+00:00,oanda,PAPER,STANDARD_SWING,ORD-2-0749,XAUUSD,0.64,795,,39,0.9,47.73
2026-08-22T11:12:20.613611+00:00,oanda,PAPER,STANDARD_SWING,ORD-2-0750,XAUUSD,0.15,800,,10,1.0,52.23
2026-08-22T11:12:20.613614+00:00,oanda,PAPER,STANDARD_SWING,ORD-2-0751,XAUUSD,0.16,805,,11,1.1,51.73
2026-08-22T11:12:20.613617+00:00,oanda,PAPER,STANDARD_SWING,ORD-2-0752,XAUUSD,0.17,810,,12,1.2,51.23
2026-08-22T11:12:20.613622+00:00,oanda,PAPER,STANDARD_SWING,ORD-2-0753,XAUUSD,0.18,815,,13,1.3,50.73
2026-08-22T11:12:20.613642+00:00,oanda,PAPER,STANDARD_SWING,ORD-2-0754,XAUUSD,0.19,820,,14,1.4,50.23
2026-08-22T11:12:20.613650+00:00,oanda,PAPER,STANDARD_SWING,ORD-2-0755,XAUUSD,0.2,825,,15,1.5,49.73
2026-08-22T11:12:20.613655+00:00,oanda,PAPER,STANDARD_SWING,ORD-2-0756,XAUUSD,0.21,830,,16,1.6,49.23
2026-08-22T11:12:20.613659+00:00,oanda,PAPER,STANDARD_SWING,ORD-2-0757,XAUUSD,0.22,835,,17,1.7,48.73
2026-08-22T11:12:20.613663+00:00,oanda,PAPER,STANDARD_SWING,ORD-2-0758,XAUUSD,0.23,840,,18,1.8,48.23
2026-08-22T11:12:20.613667+00:00,oanda,PAPER,STANDARD_SWING,ORD-2-0759,XAUUSD,0.24,845,,19,1.9,47.73
2026-08-22T11:12:20.613671+00:00,oanda,PAPER,STANDARD_SWING,ORD-2-0760,XAUUSD,0.25,850,,20,0.0,52.23
2026-08-22T11:12:20.613675+00:00,oanda,PAPER,STANDARD_SWING,ORD-2-0761,XAUUSD,0.26,855,,21,0.1,51.73
2026-08-22T11:12:20.613681+00:00,oanda,PAPER,STANDARD_SWING,ORD-2-0762,XAUUSD,0.27,860,,22,0.2,51.23
2026-08-22T11:12:20.613685+00:00,oanda,PAPER,STANDARD_SWING,ORD-2-0763,XAUUSD,0.28,865,,23,0.3,50.73
2026-08-22T11:12:20.613688+00:00,oanda,PAPER,STANDARD_SWING,ORD-2-0764,XAUUSD,0.29,870,,24,0.4,50.23
2026-08-22T11:12:20.613692+00:00,oanda,PAPER,STANDARD_SWING,ORD-2-0765,XAUUSD,0.3,875,,25,0.5,49.73
2026-08-22T11:12:20.613695+00:00,oanda,PAPER,STANDARD_SWING,ORD-2-0766,XAUUSD,0.31,880,,26,0.6,49.23
2026-08-22T11:12:20.613697+00:00,oanda,PAPER,STANDARD_SWING,ORD-2-0767,XAUUSD,0.32,885,,27,0.7,48.73
2026-08-22T11:12:20.613700+00:00,oanda,PAPER,STANDARD_SWING,ORD-2-0768,XAUUSD,0.33,890,,28,0.8,48.23
2026-08-22T11:12:20.613703+00:00,oanda,PAPER,STANDARD_SWING,ORD-2-0769,XAUUSD,0.34,895,,29,0.9,47.73
2026-08-22T11:12:20.613705+00:00,oanda,PAPER,STANDARD_SWING,ORD-2-0770,XAUUSD,0.35,900,,30,1.0,52.23
2026-08-22T11:12:20.613708+00:00,oanda,PAPER,STANDARD_SWING,ORD-2-0771,XAUUSD,0.36,905,,31,1.1,51.73
2026-08-22T11:12:20.613711+00:00,oanda,PAPER,STANDARD_SWING,ORD-2-0772,XAUUSD,0.37,910,,32,1.2,51.23
2026-08-22T11:12:20.613715+00:00,oanda,PAPER,STANDARD_SWING,ORD-2-0773,XAUUSD,0.38,915,,33,1.3,50.73
2026-08-22T11:12:20.613718+00:00,oanda,PAPER,STANDARD_SWING,ORD-2-0774,XAUUSD,0.39,920,,34,1.4,50.23
2026-08-22T11:12:20.613720+00:00,oanda,PAPER,STANDARD_SWING,ORD-2-0775,XAUUSD,0.4,925,,35,1.5,49.73
2026-08-22T11:12:20.613723+00:00,oanda,PAPER,STANDARD_SWING,ORD-2-0776,XAUUSD,0.41,930,INSUFFICIENT_MARGIN,36,1.6,49.23
2026-08-22T11:12:20.613726+00:00,oanda,PAPER,STANDARD_SWING,ORD-2-0777,XAUUSD,0.42,935,,37,1.7,48.73
2026-08-22T11:12:20.613729+00:00,oanda,PAPER,STANDARD_SWING,ORD-2-0778,XAUUSD,0.43,940,,38,1.8,48.23
2026-08-22T11:12:20.613731+00:00,oanda,PAPER,STANDARD_SWING,ORD-2-0779,XAUUSD,0.44,945,,39,1.9,47.73
2026-08-22T11:12:20.613734+00:00,oanda,PAPER,STANDARD_SWING,ORD-2-0780,XAUUSD,0.45,950,,10,0.0,52.23
2026-08-22T11:12:20.613737+00:00,oanda,PAPER,STANDARD_SWING,ORD-2-0781,XAUUSD,0.46,955,,11,0.1,51.73
2026-08-22T11:12:20.613739+00:00,oanda,PAPER,STANDARD_SWING,ORD-2-0782,XAUUSD,0.47,960,,12,0.2,51.23
2026-08-22T11:12:20.613743+00:00,oanda,PAPER,STANDARD_SWING,ORD-2-0783,XAUUSD,0.48,965,,13,0.3,50.73
2026-08-22T11:12:20.613746+00:00,oanda,PAPER,STANDARD_SWING,ORD-2-0784,XAUUSD,0.49,970,,14,0.4,50.23
2026-08-22T11:12:20.613750+00:00,oanda,PAPER,STANDARD_SWING,ORD-2-0785,XAUUSD,0.5,975,,15,0.5,49.73
2026-08-22T11:12:20.613753+00:00,oanda,PAPER,STANDARD_SWING,ORD-2-0786,XAUUSD,0.51,980,,16,0.6,49.23
2026-08-22T11:12:20.613756+00:00,oanda,PAPER,STANDARD_SWING,ORD-2-0787,XAUUSD,0.52,985,,17,0.7,48.73
2026-08-22T11:12:20.613758+00:00,oanda,PAPER,STANDARD_SWING,ORD-2-0788,XAUUSD,0.53,990,,18,0.8,48.23
2026-08-22T11:12:20.613761+00:00,oanda,PAPER,STANDARD_SWING,ORD-2-0789,XAUUSD,0.54,995,,19,0.9,47.73
2026-08-22T11:12:20.613764+00:00,oanda,PAPER,STANDARD_SWING,ORD-2-0790,XAUUSD,0.55,1000,,20,1.0,52.23
2026-08-22T11:12:20.613766+00:00,oanda,PAPER,STANDARD_SWING,ORD-2-0791,XAUUSD,0.56,1005,,21,1.1,51.73
2026-08-22T11:12:20.613769+00:00,oanda,PAPER,STANDARD_SWING,ORD-2-0792,XAUUSD,0.57,1010,,22,1.2,51.23
2026-08-22T11:12:20.613773+00:00,oanda,PAPER,STANDARD_SWING,ORD-2-0793,XAUUSD,0.58,1015,,23,1.3,50.73
2026-08-22T11:12:20.613776+00:00,oanda,PAPER,STANDARD_SWING,ORD-2-0794,XAUUSD,0.59,1020,,24,1.4,50.23
2026-08-22T11:12:20.613778+00:00,oanda,PAPER,STANDARD_SWING,ORD-2-0795,XAUUSD,0.6,1025,,25,1.5,49.73
2026-08-22T11:12:20.613781+00:00,oanda,PAPER,STANDARD_SWING,ORD-2-0796,XAUUSD,0.61,1030,,26,1.6,49.23
2026-08-22T11:12:20.613785+00:00,oanda,PAPER,STANDARD_SWING,ORD-2-0797,XAUUSD,0.62,1035,,27,1.7,48.73
2026-08-22T11:12:20.613788+00:00,oanda,PAPER,STANDARD_SWING,ORD-2-0798,XAUUSD,0.63,1040,,28,1.8,48.23
2026-08-22T11:12:20.613790+00:00,oanda,PAPER,STANDARD_SWING,ORD-2-0799,XAUUSD,0.64,1045,,29,1.9,47.73
2026-08-22T11:12:20.613793+00:00,oanda,PAPER,STANDARD_SWING,ORD-2-0800,XAUUSD,0.15,50,,30,0.0,52.23
2026-08-22T11:12:20.613796+00:00,oanda,PAPER,STANDARD_SWING,ORD-2-0801,XAUUSD,0.16,55,,31,0.1,51.73
2026-08-22T11:12:20.613799+00:00,oanda,PAPER,STANDARD_SWING,ORD-2-0802,XAUUSD,0.17,60,,32,0.2,51.23
2026-08-22T11:12:20.613803+00:00,oanda,PAPER,STANDARD_SWING,ORD-2-0803,XAUUSD,0.18,65,,33,0.3,50.73
2026-08-22T11:12:20.613805+00:00,oanda,PAPER,STANDARD_SWING,ORD-2-0804,XAUUSD,0.19,70,,34,0.4,50.23
2026-08-22T11:12:20.613808+00:00,oanda,PAPER,STANDARD_SWING,ORD-2-0805,XAUUSD,0.2,75,,35,0.5,49.73
2026-08-22T11:12:20.613811+00:00,oanda,PAPER,STANDARD_SWING,ORD-2-0806,XAUUSD,0.21,80,,36,0.6,49.23
2026-08-22T11:12:20.613813+00:00,oanda,PAPER,STANDARD_SWING,ORD-2-0807,XAUUSD,0.22,85,,37,0.7,48.73
2026-08-22T11:12:20.613816+00:00,oanda,PAPER,STANDARD_SWING,ORD-2-0808,XAUUSD,0.23,90,,38,0.8,48.23
2026-08-22T11:12:20.613819+00:00,oanda,PAPER,STANDARD_SWING,ORD-2-0809,XAUUSD,0.24,95,,39,0.9,47.73
2026-08-22T11:12:20.613821+00:00,oanda,PAPER,STANDARD_SWING,ORD-2-0810,XAUUSD,0.25,100,,10,1.0,52.23
2026-08-22T11:12:20.613824+00:00,oanda,PAPER,STANDARD_SWING,ORD-2-0811,XAUUSD,0.26,105,,11,1.1,51.73
2026-08-22T11:12:20.613827+00:00,oanda,PAPER,STANDARD_SWING,ORD-2-0812,XAUUSD,0.27,110,,12,1.2,51.23
2026-08-22T11:12:20.613832+00:00,oanda,PAPER,STANDARD_SWING,ORD-2-0813,XAUUSD,0.28,115,,13,1.3,50.73
2026-08-22T11:12:20.613835+00:00,oanda,PAPER,STANDARD_SWING,ORD-2-0814,XAUUSD,0.29,120,,14,1.4,50.23
2026-08-22T11:12:20.613837+00:00,oanda,PAPER,STANDARD_SWING,ORD-2-0815,XAUUSD,0.3,125,,15,1.5,49.73
2026-08-22T11:12:20.613840+00:00,oanda,PAPER,STANDARD_SWING,ORD-2-0816,XAUUSD,0.31,130,,16,1.6,49.23
2026-08-22T11:12:20.613843+00:00,oanda,PAPER,STANDARD_SWING,ORD-2-0817,XAUUSD,0.32,135,,17,1.7,48.73
2026-08-22T11:12:20.613846+00:00,oanda,PAPER,STANDARD_SWING,ORD-2-0818,XAUUSD,0.33,140,,18,1.8,48.23
2026-08-22T11:12:20.613848+00:00,oanda,PAPER,STANDARD_SWING,ORD-2-0819,XAUUSD,0.34,145,,19,1.9,47.73
2026-08-22T11:12:20.613851+00:00,oanda,PAPER,STANDARD_SWING,ORD-2-0820,XAUUSD,0.35,150,,20,0.0,52.23
2026-08-22T11:12:20.613854+00:00,oanda,PAPER,STANDARD_SWING,ORD-2-0821,XAUUSD,0.36,155,,21,0.1,51.73
2026-08-22T11:12:20.613856+00:00,oanda,PAPER,STANDARD_SWING,ORD-2-0822,XAUUSD,0.37,160,,22,0.2,51.23
2026-08-22T11:12:20.613862+00:00,oanda,PAPER,STANDARD_SWING,ORD-2-0823,XAUUSD,0.38,165,,23,0.3,50.73
2026-08-22T11:12:20.613864+00:00,oanda,PAPER,STANDARD_SWING,ORD-2-0824,XAUUSD,0.39,170,,24,0.4,50.23
2026-08-22T11:12:20.613867+00:00,oanda,PAPER,STANDARD_SWING,ORD-2-0825,XAUUSD,0.4,175,,25,0.5,49.73
2026-08-22T11:12:20.613870+00:00,oanda,PAPER,STANDARD_SWING,ORD-2-0826,XAUUSD,0.41,180,,26,0.6,49.23
2026-08-22T11:12:20.613872+00:00,oanda,PAPER,STANDARD_SWING,ORD-2-0827,XAUUSD,0.42,185,,27,0.7,48.73
2026-08-22T11:12:20.613875+00:00,oanda,PAPER,STANDARD_SWING,ORD-2-0828,XAUUSD,0.43,190,,28,0.8,48.23
2026-08-22T11:12:20.613879+00:00,oanda,PAPER,STANDARD_SWING,ORD-2-0829,XAUUSD,0.44,195,,29,0.9,47.73
2026-08-22T11:12:20.613882+00:00,oanda,PAPER,STANDARD_SWING,ORD-2-0830,XAUUSD,0.45,200,,30,1.0,52.23
2026-08-22T11:12:20.613885+00:00,oanda,PAPER,STANDARD_SWING,ORD-2-0831,XAUUSD,0.46,205,,31,1.1,51.73
2026-08-22T11:12:20.613887+00:00,oanda,PAPER,STANDARD_SWING,ORD-2-0832,XAUUSD,0.47,210,,32,1.2,51.23
2026-08-22T11:12:20.613891+00:00,oanda,PAPER,STANDARD_SWING,ORD-2-0833,XAUUSD,0.48,215,,33,1.3,50.73
2026-08-22T11:12:20.613894+00:00,oanda,PAPER,STANDARD_SWING,ORD-2-0834,XAUUSD,0.49,220,,34,1.4,50.23
2026-08-22T11:12:20.613897+00:00,oanda,PAPER,STANDARD_SWING,ORD-2-0835,XAUUSD,0.5,225,,35,1.5,49.73
2026-08-22T11:12:20.613899+00:00,oanda,PAPER,STANDARD_SWING,ORD-2-0836,XAUUSD,0.51,230,,36,1.6,49.23
2026-08-22T11:12:20.613902+00:00,oanda,PAPER,STANDARD_SWING,ORD-2-0837,XAUUSD,0.52,235,,37,1.7,48.73
2026-08-22T11:12:20.613905+00:00,oanda,PAPER,STANDARD_SWING,ORD-2-0838,XAUUSD,0.53,240,,38,1.8,48.23
2026-08-22T11:12:20.613907+00:00,oanda,PAPER,STANDARD_SWING,ORD-2-0839,XAUUSD,0.54,245,,39,1.9,47.73
2026-08-22T11:12:20.613910+00:00,oanda,PAPER,STANDARD_SWING,ORD-2-0840,XAUUSD,0.55,250,,10,0.0,52.23
2026-08-22T11:12:20.613913+00:00,oanda,PAPER,STANDARD_SWING,ORD-2-0841,XAUUSD,0.56,255,,11,0.1,51.73
2026-08-22T11:12:20.613916+00:00,oanda,PAPER,STANDARD_SWING,ORD-2-0842,XAUUSD,0.57,260,,12,0.2,51.23
2026-08-22T11:12:20.613920+00:00,oanda,PAPER,STANDARD_SWING,ORD-2-0843,XAUUSD,0.58,265,,13,0.3,50.73
2026-08-22T11:12:20.613923+00:00,oanda,PAPER,STANDARD_SWING,ORD-2-0844,XAUUSD,0.59,270,,14,0.4,50.23
2026-08-22T11:12:20.613926+00:00,oanda,PAPER,STANDARD_SWING,ORD-2-0845,XAUUSD,0.6,275,,15,0.5,49.73
2026-08-22T11:12:20.613929+00:00,oanda,PAPER,STANDARD_SWING,ORD-2-0846,XAUUSD,0.61,280,,16,0.6,49.23
2026-08-22T11:12:20.613931+00:00,oanda,PAPER,STANDARD_SWING,ORD-2-0847,XAUUSD,0.62,285,,17,0.7,48.73
2026-08-22T11:12:20.613934+00:00,oanda,PAPER,STANDARD_SWING,ORD-2-0848,XAUUSD,0.63,290,,18,0.8,48.23
2026-08-22T11:12:20.613937+00:00,oanda,PAPER,STANDARD_SWING,ORD-2-0849,XAUUSD,0.64,295,,19,0.9,47.73
2026-08-22T11:12:20.613939+00:00,oanda,PAPER,STANDARD_SWING,ORD-2-0850,XAUUSD,0.15,300,,20,1.0,52.23
2026-08-22T11:12:20.613942+00:00,oanda,PAPER,STANDARD_SWING,ORD-2-0851,XAUUSD,0.16,305,,21,1.1,51.73
2026-08-22T11:12:20.613945+00:00,oanda,PAPER,STANDARD_SWING,ORD-2-0852,XAUUSD,0.17,310,,22,1.2,51.23
2026-08-22T11:12:20.613949+00:00,oanda,PAPER,STANDARD_SWING,ORD-2-0853,XAUUSD,0.18,315,,23,1.3,50.73
2026-08-22T11:12:20.613951+00:00,oanda,PAPER,STANDARD_SWING,ORD-2-0854,XAUUSD,0.19,320,,24,1.4,50.23
2026-08-22T11:12:20.613954+00:00,oanda,PAPER,STANDARD_SWING,ORD-2-0855,XAUUSD,0.2,325,,25,1.5,49.73
2026-08-22T11:12:20.613957+00:00,oanda,PAPER,STANDARD_SWING,ORD-2-0856,XAUUSD,0.21,330,,26,1.6,49.23
2026-08-22T11:12:20.613960+00:00,oanda,PAPER,STANDARD_SWING,ORD-2-0857,XAUUSD,0.22,335,,27,1.7,48.73
2026-08-22T11:12:20.613962+00:00,oanda,PAPER,STANDARD_SWING,ORD-2-0858,XAUUSD,0.23,340,,28,1.8,48.23
2026-08-22T11:12:20.613965+00:00,oanda,PAPER,STANDARD_SWING,ORD-2-0859,XAUUSD,0.24,345,,29,1.9,47.73
2026-08-22T11:12:20.613969+00:00,oanda,PAPER,STANDARD_SWING,ORD-2-0860,XAUUSD,0.25,350,,30,0.0,52.23
2026-08-22T11:12:20.613973+00:00,oanda,PAPER,STANDARD_SWING,ORD-2-0861,XAUUSD,0.26,355,,31,0.1,51.73
2026-08-22T11:12:20.613976+00:00,oanda,PAPER,STANDARD_SWING,ORD-2-0862,XAUUSD,0.27,360,,32,0.2,51.23
2026-08-22T11:12:20.613980+00:00,oanda,PAPER,STANDARD_SWING,ORD-2-0863,XAUUSD,0.28,365,,33,0.3,50.73
2026-08-22T11:12:20.613984+00:00,oanda,PAPER,STANDARD_SWING,ORD-2-0864,XAUUSD,0.29,370,,34,0.4,50.23
2026-08-22T11:12:20.613986+00:00,oanda,PAPER,STANDARD_SWING,ORD-2-0865,XAUUSD,0.3,375,,35,0.5,49.73
2026-08-22T11:12:20.613989+00:00,oanda,PAPER,STANDARD_SWING,ORD-2-0866,XAUUSD,0.31,380,,36,0.6,49.23
2026-08-22T11:12:20.613992+00:00,oanda,PAPER,STANDARD_SWING,ORD-2-0867,XAUUSD,0.32,385,,37,0.7,48.73
2026-08-22T11:12:20.613994+00:00,oanda,PAPER,STANDARD_SWING,ORD-2-0868,XAUUSD,0.33,390,,38,0.8,48.23
2026-08-22T11:12:20.613997+00:00,oanda,PAPER,STANDARD_SWING,ORD-2-0869,XAUUSD,0.34,395,,39,0.9,47.73
2026-08-22T11:12:20.614000+00:00,oanda,PAPER,STANDARD_SWING,ORD-2-0870,XAUUSD,0.35,400,,10,1.0,52.23
2026-08-22T11:12:20.614003+00:00,oanda,PAPER,STANDARD_SWING,ORD-2-0871,XAUUSD,0.36,405,,11,1.1,51.73
2026-08-22T11:12:20.614005+00:00,oanda,PAPER,STANDARD_SWING,ORD-2-0872,XAUUSD,0.37,410,,12,1.2,51.23
2026-08-22T11:12:20.614009+00:00,oanda,PAPER,STANDARD_SWING,ORD-2-0873,XAUUSD,0.38,415,INSUFFICIENT_MARGIN,13,1.3,50.73
2026-08-22T11:12:20.614012+00:00,oanda,PAPER,STANDARD_SWING,ORD-2-0874,XAUUSD,0.39,420,,14,1.4,50.23
2026-08-22T11:12:20.614015+00:00,oanda,PAPER,STANDARD_SWING,ORD-2-0875,XAUUSD,0.4,425,,15,1.5,49.73
2026-08-22T11:12:20.614017+00:00,oanda,PAPER,STANDARD_SWING,ORD-2-0876,XAUUSD,0.41,430,,16,1.6,49.23
2026-08-22T11:12:20.614020+00:00,oanda,PAPER,STANDARD_SWING,ORD-2-0877,XAUUSD,0.42,435,,17,1.7,48.73
2026-08-22T11:12:20.614023+00:00,oanda,PAPER,STANDARD_SWING,ORD-2-0878,XAUUSD,0.43,440,,18,1.8,48.23
2026-08-22T11:12:20.614025+00:00,oanda,PAPER,STANDARD_SWING,ORD-2-0879,XAUUSD,0.44,445,,19,1.9,47.73
2026-08-22T11:12:20.614028+00:00,oanda,PAPER,STANDARD_SWING,ORD-2-0880,XAUUSD,0.45,450,,20,0.0,52.23
2026-08-22T11:12:20.614031+00:00,oanda,PAPER,STANDARD_SWING,ORD-2-0881,XAUUSD,0.46,455,,21,0.1,51.73
2026-08-22T11:12:20.614033+00:00,oanda,PAPER,STANDARD_SWING,ORD-2-0882,XAUUSD,0.47,460,,22,0.2,51.23
2026-08-22T11:12:20.614037+00:00,oanda,PAPER,STANDARD_SWING,ORD-2-0883,XAUUSD,0.48,465,,23,0.3,50.73
2026-08-22T11:12:20.614040+00:00,oanda,PAPER,STANDARD_SWING,ORD-2-0884,XAUUSD,0.49,470,,24,0.4,50.23
2026-08-22T11:12:20.614045+00:00,oanda,PAPER,STANDARD_SWING,ORD-2-0885,XAUUSD,0.5,475,,25,0.5,49.73
2026-08-22T11:12:20.614088+00:00,oanda,PAPER,STANDARD_SWING,ORD-2-0886,XAUUSD,0.51,480,,26,0.6,49.23
2026-08-22T11:12:20.614094+00:00,oanda,PAPER,STANDARD_SWING,ORD-2-0887,XAUUSD,0.52,485,,27,0.7,48.73
2026-08-22T11:12:20.614097+00:00,oanda,PAPER,STANDARD_SWING,ORD-2-0888,XAUUSD,0.53,490,,28,0.8,48.23
2026-08-22T11:12:20.614100+00:00,oanda,PAPER,STANDARD_SWING,ORD-2-0889,XAUUSD,0.54,495,,29,0.9,47.73
2026-08-22T11:12:20.614103+00:00,oanda,PAPER,STANDARD_SWING,ORD-2-0890,XAUUSD,0.55,500,,30,1.0,52.23
2026-08-22T11:12:20.614106+00:00,oanda,PAPER,STANDARD_SWING,ORD-2-0891,XAUUSD,0.56,505,,31,1.1,51.73
2026-08-22T11:12:20.614113+00:00,oanda,PAPER,STANDARD_SWING,ORD-2-0892,XAUUSD,0.57,510,,32,1.2,51.23
2026-08-22T11:12:20.614119+00:00,oanda,PAPER,STANDARD_SWING,ORD-2-0893,XAUUSD,0.58,515,,33,1.3,50.73
2026-08-22T11:12:20.614121+00:00,oanda,PAPER,STANDARD_SWING,ORD-2-0894,XAUUSD,0.59,520,,34,1.4,50.23
2026-08-22T11:12:20.614124+00:00,oanda,PAPER,STANDARD_SWING,ORD-2-0895,XAUUSD,0.6,525,,35,1.5,49.73
2026-08-22T11:12:20.614127+00:00,oanda,PAPER,STANDARD_SWING,ORD-2-0896,XAUUSD,0.61,530,,36,1.6,49.23
2026-08-22T11:12:20.614130+00:00,oanda,PAPER,STANDARD_SWING,ORD-2-0897,XAUUSD,0.62,535,,37,1.7,48.73
2026-08-22T11:12:20.614133+00:00,oanda,PAPER,STANDARD_SWING,ORD-2-0898,XAUUSD,0.63,540,,38,1.8,48.23
2026-08-22T11:12:20.614135+00:00,oanda,PAPER,STANDARD_SWING,ORD-2-0899,XAUUSD,0.64,545,,39,1.9,47.73
2026-08-22T11:12:20.614138+00:00,oanda,PAPER,STANDARD_SWING,ORD-2-0900,XAUUSD,0.15,550,,10,0.0,52.23
2026-08-22T11:12:20.614141+00:00,oanda,PAPER,STANDARD_SWING,ORD-2-0901,XAUUSD,0.16,555,,11,0.1,51.73
2026-08-22T11:12:20.614144+00:00,oanda,PAPER,STANDARD_SWING,ORD-2-0902,XAUUSD,0.17,560,,12,0.2,51.23
2026-08-22T11:12:20.614148+00:00,oanda,PAPER,STANDARD_SWING,ORD-2-0903,XAUUSD,0.18,565,,13,0.3,50.73
2026-08-22T11:12:20.614150+00:00,oanda,PAPER,STANDARD_SWING,ORD-2-0904,XAUUSD,0.19,570,,14,0.4,50.23
2026-08-22T11:12:20.614153+00:00,oanda,PAPER,STANDARD_SWING,ORD-2-0905,XAUUSD,0.2,575,,15,0.5,49.73
2026-08-22T11:12:20.614156+00:00,oanda,PAPER,STANDARD_SWING,ORD-2-0906,XAUUSD,0.21,580,,16,0.6,49.23
2026-08-22T11:12:20.614159+00:00,oanda,PAPER,STANDARD_SWING,ORD-2-0907,XAUUSD,0.22,585,,17,0.7,48.73
2026-08-22T11:12:20.614161+00:00,oanda,PAPER,STANDARD_SWING,ORD-2-0908,XAUUSD,0.23,590,,18,0.8,48.23
2026-08-22T11:12:20.614164+00:00,oanda,PAPER,STANDARD_SWING,ORD-2-0909,XAUUSD,0.24,595,,19,0.9,47.73
2026-08-22T11:12:20.614167+00:00,oanda,PAPER,STANDARD_SWING,ORD-2-0910,XAUUSD,0.25,600,,20,1.0,52.23
2026-08-22T11:12:20.614170+00:00,oanda,PAPER,STANDARD_SWING,ORD-2-0911,XAUUSD,0.26,605,,21,1.1,51.73
2026-08-22T11:12:20.614172+00:00,oanda,PAPER,STANDARD_SWING,ORD-2-0912,XAUUSD,0.27,610,,22,1.2,51.23
2026-08-22T11:12:20.614177+00:00,oanda,PAPER,STANDARD_SWING,ORD-2-0913,XAUUSD,0.28,615,,23,1.3,50.73
2026-08-22T11:12:20.614179+00:00,oanda,PAPER,STANDARD_SWING,ORD-2-0914,XAUUSD,0.29,620,,24,1.4,50.23
2026-08-22T11:12:20.614182+00:00,oanda,PAPER,STANDARD_SWING,ORD-2-0915,XAUUSD,0.3,625,,25,1.5,49.73
2026-08-22T11:12:20.614187+00:00,oanda,PAPER,STANDARD_SWING,ORD-2-0916,XAUUSD,0.31,630,,26,1.6,49.23
2026-08-22T11:12:20.614190+00:00,oanda,PAPER,STANDARD_SWING,ORD-2-0917,XAUUSD,0.32,635,,27,1.7,48.73
2026-08-22T11:12:20.614192+00:00,oanda,PAPER,STANDARD_SWING,ORD-2-0918,XAUUSD,0.33,640,,28,1.8,48.23
2026-08-22T11:12:20.614195+00:00,oanda,PAPER,STANDARD_SWING,ORD-2-0919,XAUUSD,0.34,645,,29,1.9,47.73
2026-08-22T11:12:20.614198+00:00,oanda,PAPER,STANDARD_SWING,ORD-2-0920,XAUUSD,0.35,650,,30,0.0,52.23
2026-08-22T11:12:20.614200+00:00,oanda,PAPER,STANDARD_SWING,ORD-2-0921,XAUUSD,0.36,655,,31,0.1,51.73
2026-08-22T11:12:20.614203+00:00,oanda,PAPER,STANDARD_SWING,ORD-2-0922,XAUUSD,0.37,660,,32,0.2,51.23
2026-08-22T11:12:20.614209+00:00,oanda,PAPER,STANDARD_SWING,ORD-2-0923,XAUUSD,0.38,665,,33,0.3,50.73
2026-08-22T11:12:20.614212+00:00,oanda,PAPER,STANDARD_SWING,ORD-2-0924,XAUUSD,0.39,670,,34,0.4,50.23
2026-08-22T11:12:20.614216+00:00,oanda,PAPER,STANDARD_SWING,ORD-2-0925,XAUUSD,0.4,675,,35,0.5,49.73
2026-08-22T11:12:20.614219+00:00,oanda,PAPER,STANDARD_SWING,ORD-2-0926,XAUUSD,0.41,680,,36,0.6,49.23
2026-08-22T11:12:20.614221+00:00,oanda,PAPER,STANDARD_SWING,ORD-2-0927,XAUUSD,0.42,685,,37,0.7,48.73
2026-08-22T11:12:20.614224+00:00,oanda,PAPER,STANDARD_SWING,ORD-2-0928,XAUUSD,0.43,690,,38,0.8,48.23
2026-08-22T11:12:20.614227+00:00,oanda,PAPER,STANDARD_SWING,ORD-2-0929,XAUUSD,0.44,695,,39,0.9,47.73
2026-08-22T11:12:20.614229+00:00,oanda,PAPER,STANDARD_SWING,ORD-2-0930,XAUUSD,0.45,700,,10,1.0,52.23
2026-08-22T11:12:20.614232+00:00,oanda,PAPER,STANDARD_SWING,ORD-2-0931,XAUUSD,0.46,705,,11,1.1,51.73
2026-08-22T11:12:20.614235+00:00,oanda,PAPER,STANDARD_SWING,ORD-2-0932,XAUUSD,0.47,710,,12,1.2,51.23
2026-08-22T11:12:20.614239+00:00,oanda,PAPER,STANDARD_SWING,ORD-2-0933,XAUUSD,0.48,715,,13,1.3,50.73
2026-08-22T11:12:20.614241+00:00,oanda,PAPER,STANDARD_SWING,ORD-2-0934,XAUUSD,0.49,720,,14,1.4,50.23
2026-08-22T11:12:20.614244+00:00,oanda,PAPER,STANDARD_SWING,ORD-2-0935,XAUUSD,0.5,725,,15,1.5,49.73
2026-08-22T11:12:20.614247+00:00,oanda,PAPER,STANDARD_SWING,ORD-2-0936,XAUUSD,0.51,730,,16,1.6,49.23
2026-08-22T11:12:20.614251+00:00,oanda,PAPER,STANDARD_SWING,ORD-2-0937,XAUUSD,0.52,735,,17,1.7,48.73
2026-08-22T11:12:20.614254+00:00,oanda,PAPER,STANDARD_SWING,ORD-2-0938,XAUUSD,0.53,740,,18,1.8,48.23
2026-08-22T11:12:20.614257+00:00,oanda,PAPER,STANDARD_SWING,ORD-2-0939,XAUUSD,0.54,745,,19,1.9,47.73
2026-08-22T11:12:20.614259+00:00,oanda,PAPER,STANDARD_SWING,ORD-2-0940,XAUUSD,0.55,750,,20,0.0,52.23
2026-08-22T11:12:20.614262+00:00,oanda,PAPER,STANDARD_SWING,ORD-2-0941,XAUUSD,0.56,755,,21,0.1,51.73
2026-08-22T11:12:20.614265+00:00,oanda,PAPER,STANDARD_SWING,ORD-2-0942,XAUUSD,0.57,760,,22,0.2,51.23
2026-08-22T11:12:20.614269+00:00,oanda,PAPER,STANDARD_SWING,ORD-2-0943,XAUUSD,0.58,765,,23,0.3,50.73
2026-08-22T11:12:20.614271+00:00,oanda,PAPER,STANDARD_SWING,ORD-2-0944,XAUUSD,0.59,770,,24,0.4,50.23
2026-08-22T11:12:20.614274+00:00,oanda,PAPER,STANDARD_SWING,ORD-2-0945,XAUUSD,0.6,775,,25,0.5,49.73
2026-08-22T11:12:20.614277+00:00,oanda,PAPER,STANDARD_SWING,ORD-2-0946,XAUUSD,0.61,780,,26,0.6,49.23
2026-08-22T11:12:20.614280+00:00,oanda,PAPER,STANDARD_SWING,ORD-2-0947,XAUUSD,0.62,785,,27,0.7,48.73
2026-08-22T11:12:20.614282+00:00,oanda,PAPER,STANDARD_SWING,ORD-2-0948,XAUUSD,0.63,790,,28,0.8,48.23
2026-08-22T11:12:20.614285+00:00,oanda,PAPER,STANDARD_SWING,ORD-2-0949,XAUUSD,0.64,795,,29,0.9,47.73
2026-08-22T11:12:20.614288+00:00,oanda,PAPER,STANDARD_SWING,ORD-2-0950,XAUUSD,0.15,800,,30,1.0,52.23
2026-08-22T11:12:20.614290+00:00,oanda,PAPER,STANDARD_SWING,ORD-2-0951,XAUUSD,0.16,805,,31,1.1,51.73
2026-08-22T11:12:20.614293+00:00,oanda,PAPER,STANDARD_SWING,ORD-2-0952,XAUUSD,0.17,810,,32,1.2,51.23
2026-08-22T11:12:20.614297+00:00,oanda,PAPER,STANDARD_SWING,ORD-2-0953,XAUUSD,0.18,815,,33,1.3,50.73
2026-08-22T11:12:20.614300+00:00,oanda,PAPER,STANDARD_SWING,ORD-2-0954,XAUUSD,0.19,820,,34,1.4,50.23
2026-08-22T11:12:20.614304+00:00,oanda,PAPER,STANDARD_SWING,ORD-2-0955,XAUUSD,0.2,825,,35,1.5,49.73
2026-08-22T11:12:20.614306+00:00,oanda,PAPER,STANDARD_SWING,ORD-2-0956,XAUUSD,0.21,830,,36,1.6,49.23
2026-08-22T11:12:20.614310+00:00,oanda,PAPER,STANDARD_SWING,ORD-2-0957,XAUUSD,0.22,835,,37,1.7,48.73
2026-08-22T11:12:20.614313+00:00,oanda,PAPER,STANDARD_SWING,ORD-2-0958,XAUUSD,0.23,840,,38,1.8,48.23
2026-08-22T11:12:20.614316+00:00,oanda,PAPER,STANDARD_SWING,ORD-2-0959,XAUUSD,0.24,845,,39,1.9,47.73
2026-08-22T11:12:20.614318+00:00,oanda,PAPER,STANDARD_SWING,ORD-2-0960,XAUUSD,0.25,850,,10,0.0,52.23
2026-08-22T11:12:20.614321+00:00,oanda,PAPER,STANDARD_SWING,ORD-2-0961,XAUUSD,0.26,855,,11,0.1,51.73
2026-08-22T11:12:20.614324+00:00,oanda,PAPER,STANDARD_SWING,ORD-2-0962,XAUUSD,0.27,860,,12,0.2,51.23
2026-08-22T11:12:20.614327+00:00,oanda,PAPER,STANDARD_SWING,ORD-2-0963,XAUUSD,0.28,865,,13,0.3,50.73
2026-08-22T11:12:20.614330+00:00,oanda,PAPER,STANDARD_SWING,ORD-2-0964,XAUUSD,0.29,870,,14,0.4,50.23
2026-08-22T11:12:20.614333+00:00,oanda,PAPER,STANDARD_SWING,ORD-2-0965,XAUUSD,0.3,875,,15,0.5,49.73
2026-08-22T11:12:20.614337+00:00,oanda,PAPER,STANDARD_SWING,ORD-2-0966,XAUUSD,0.31,880,,16,0.6,49.23
2026-08-22T11:12:20.614339+00:00,oanda,PAPER,STANDARD_SWING,ORD-2-0967,XAUUSD,0.32,885,,17,0.7,48.73
2026-08-22T11:12:20.614342+00:00,oanda,PAPER,STANDARD_SWING,ORD-2-0968,XAUUSD,0.33,890,,18,0.8,48.23
2026-08-22T11:12:20.614345+00:00,oanda,PAPER,STANDARD_SWING,ORD-2-0969,XAUUSD,0.34,895,,19,0.9,47.73
2026-08-22T11:12:20.614347+00:00,oanda,PAPER,STANDARD_SWING,ORD-2-0970,XAUUSD,0.35,900,INSUFFICIENT_MARGIN,20,1.0,52.23
2026-08-22T11:12:20.614350+00:00,oanda,PAPER,STANDARD_SWING,ORD-2-0971,XAUUSD,0.36,905,,21,1.1,51.73
2026-08-22T11:12:20.614353+00:00,oanda,PAPER,STANDARD_SWING,ORD-2-0972,XAUUSD,0.37,910,,22,1.2,51.23
2026-08-22T11:12:20.614357+00:00,oanda,PAPER,STANDARD_SWING,ORD-2-0973,XAUUSD,0.38,915,,23,1.3,50.73
2026-08-22T11:12:20.614360+00:00,oanda,PAPER,STANDARD_SWING,ORD-2-0974,XAUUSD,0.39,920,,24,1.4,50.23
2026-08-22T11:12:20.614362+00:00,oanda,PAPER,STANDARD_SWING,ORD-2-0975,XAUUSD,0.4,925,,25,1.5,49.73
2026-08-22T11:12:20.614365+00:00,oanda,PAPER,STANDARD_SWING,ORD-2-0976,XAUUSD,0.41,930,,26,1.6,49.23
2026-08-22T11:12:20.614368+00:00,oanda,PAPER,STANDARD_SWING,ORD-2-0977,XAUUSD,0.42,935,,27,1.7,48.73
2026-08-22T11:12:20.614371+00:00,oanda,PAPER,STANDARD_SWING,ORD-2-0978,XAUUSD,0.43,940,,28,1.8,48.23
2026-08-22T11:12:20.614373+00:00,oanda,PAPER,STANDARD_SWING,ORD-2-0979,XAUUSD,0.44,945,,29,1.9,47.73
2026-08-22T11:12:20.614376+00:00,oanda,PAPER,STANDARD_SWING,ORD-2-0980,XAUUSD,0.45,950,,30,0.0,52.23
2026-08-22T11:12:20.614379+00:00,oanda,PAPER,STANDARD_SWING,ORD-2-0981,XAUUSD,0.46,955,,31,0.1,51.73
2026-08-22T11:12:20.614381+00:00,oanda,PAPER,STANDARD_SWING,ORD-2-0982,XAUUSD,0.47,960,,32,0.2,51.23
2026-08-22T11:12:20.614385+00:00,oanda,PAPER,STANDARD_SWING,ORD-2-0983,XAUUSD,0.48,965,,33,0.3,50.73
2026-08-22T11:12:20.614388+00:00,oanda,PAPER,STANDARD_SWING,ORD-2-0984,XAUUSD,0.49,970,,34,0.4,50.23
2026-08-22T11:12:20.614390+00:00,oanda,PAPER,STANDARD_SWING,ORD-2-0985,XAUUSD,0.5,975,,35,0.5,49.73
2026-08-22T11:12:20.614393+00:00,oanda,PAPER,STANDARD_SWING,ORD-2-0986,XAUUSD,0.51,980,,36,0.6,49.23
2026-08-22T11:12:20.614397+00:00,oanda,PAPER,STANDARD_SWING,ORD-2-0987,XAUUSD,0.52,985,,37,0.7,48.73
2026-08-22T11:12:20.614401+00:00,oanda,PAPER,STANDARD_SWING,ORD-2-0988,XAUUSD,0.53,990,,38,0.8,48.23
2026-08-22T11:12:20.614404+00:00,oanda,PAPER,STANDARD_SWING,ORD-2-0989,XAUUSD,0.54,995,,39,0.9,47.73
2026-08-22T11:12:20.614406+00:00,oanda,PAPER,STANDARD_SWING,ORD-2-0990,XAUUSD,0.55,1000,,10,1.0,52.23
2026-08-22T11:12:20.614409+00:00,oanda,PAPER,STANDARD_SWING,ORD-2-0991,XAUUSD,0.56,1005,,11,1.1,51.73
2026-08-22T11:12:20.614412+00:00,oanda,PAPER,STANDARD_SWING,ORD-2-0992,XAUUSD,0.57,1010,,12,1.2,51.23
2026-08-22T11:12:20.614416+00:00,oanda,PAPER,STANDARD_SWING,ORD-2-0993,XAUUSD,0.58,1015,,13,1.3,50.73
2026-08-22T11:12:20.614418+00:00,oanda,PAPER,STANDARD_SWING,ORD-2-0994,XAUUSD,0.59,1020,,14,1.4,50.23
2026-08-22T11:12:20.614421+00:00,oanda,PAPER,STANDARD_SWING,ORD-2-0995,XAUUSD,0.6,1025,,15,1.5,49.73
2026-08-22T11:12:20.614424+00:00,oanda,PAPER,STANDARD_SWING,ORD-2-0996,XAUUSD,0.61,1030,,16,1.6,49.23
2026-08-22T11:12:20.614426+00:00,oanda,PAPER,STANDARD_SWING,ORD-2-0997,XAUUSD,0.62,1035,,17,1.7,48.73
2026-08-22T11:12:20.614429+00:00,oanda,PAPER,STANDARD_SWING,ORD-2-0998,XAUUSD,0.63,1040,,18,1.8,48.23
2026-08-22T11:12:20.614432+00:00,oanda,PAPER,STANDARD_SWING,ORD-2-0999,XAUUSD,0.64,1045,,19,1.9,47.73
2026-08-22T11:12:20.614436+00:00,oanda,PAPER,TREND_SWING,ORD-3-0000,XAUUSD,0.15,50,INSUFFICIENT_MARGIN,10,0.0,52.23
2026-08-22T11:12:20.614439+00:00,oanda,PAPER,TREND_SWING,ORD-3-0001,XAUUSD,0.16,55,,11,0.1,51.73
2026-08-22T11:12:20.614442+00:00,oanda,PAPER,TREND_SWING,ORD-3-0002,XAUUSD,0.17,60,,12,0.2,51.23
2026-08-22T11:12:20.614447+00:00,oanda,PAPER,TREND_SWING,ORD-3-0003,XAUUSD,0.18,65,,13,0.3,50.73
2026-08-22T11:12:20.614450+00:00,oanda,PAPER,TREND_SWING,ORD-3-0004,XAUUSD,0.19,70,,14,0.4,50.23
2026-08-22T11:12:20.614452+00:00,oanda,PAPER,TREND_SWING,ORD-3-0005,XAUUSD,0.2,75,,15,0.5,49.73
2026-08-22T11:12:20.614455+00:00,oanda,PAPER,TREND_SWING,ORD-3-0006,XAUUSD,0.21,80,,16,0.6,49.23
2026-08-22T11:12:20.614458+00:00,oanda,PAPER,TREND_SWING,ORD-3-0007,XAUUSD,0.22,85,,17,0.7,48.73
2026-08-22T11:12:20.614460+00:00,oanda,PAPER,TREND_SWING,ORD-3-0008,XAUUSD,0.23,90,,18,0.8,48.23
2026-08-22T11:12:20.614463+00:00,oanda,PAPER,TREND_SWING,ORD-3-0009,XAUUSD,0.24,95,,19,0.9,47.73
2026-08-22T11:12:20.614466+00:00,oanda,PAPER,TREND_SWING,ORD-3-0010,XAUUSD,0.25,100,,20,1.0,52.23
2026-08-22T11:12:20.614468+00:00,oanda,PAPER,TREND_SWING,ORD-3-0011,XAUUSD,0.26,105,,21,1.1,51.73
2026-08-22T11:12:20.614471+00:00,oanda,PAPER,TREND_SWING,ORD-3-0012,XAUUSD,0.27,110,,22,1.2,51.23
2026-08-22T11:12:20.614475+00:00,oanda,PAPER,TREND_SWING,ORD-3-0013,XAUUSD,0.28,115,,23,1.3,50.73
2026-08-22T11:12:20.614478+00:00,oanda,PAPER,TREND_SWING,ORD-3-0014,XAUUSD,0.29,120,,24,1.4,50.23
2026-08-22T11:12:20.614480+00:00,oanda,PAPER,TREND_SWING,ORD-3-0015,XAUUSD,0.3,125,,25,1.5,49.73
2026-08-22T11:12:20.614483+00:00,oanda,PAPER,TREND_SWING,ORD-3-0016,XAUUSD,0.31,130,,26,1.6,49.23
2026-08-22T11:12:20.614487+00:00,oanda,PAPER,TREND_SWING,ORD-3-0017,XAUUSD,0.32,135,,27,1.7,48.73
2026-08-22T11:12:20.614490+00:00,oanda,PAPER,TREND_SWING,ORD-3-0018,XAUUSD,0.33,140,,28,1.8,48.23
2026-08-22T11:12:20.614493+00:00,oanda,PAPER,TREND_SWING,ORD-3-0019,XAUUSD,0.34,145,,29,1.9,47.73
2026-08-22T11:12:20.614497+00:00,oanda,PAPER,TREND_SWING,ORD-3-0020,XAUUSD,0.35,150,,30,0.0,52.23
2026-08-22T11:12:20.614499+00:00,oanda,PAPER,TREND_SWING,ORD-3-0021,XAUUSD,0.36,155,,31,0.1,51.73
2026-08-22T11:12:20.614502+00:00,oanda,PAPER,TREND_SWING,ORD-3-0022,XAUUSD,0.37,160,,32,0.2,51.23
2026-08-22T11:12:20.614506+00:00,oanda,PAPER,TREND_SWING,ORD-3-0023,XAUUSD,0.38,165,,33,0.3,50.73
2026-08-22T11:12:20.614508+00:00,oanda,PAPER,TREND_SWING,ORD-3-0024,XAUUSD,0.39,170,,34,0.4,50.23
2026-08-22T11:12:20.614511+00:00,oanda,PAPER,TREND_SWING,ORD-3-0025,XAUUSD,0.4,175,,35,0.5,49.73
2026-08-22T11:12:20.614515+00:00,oanda,PAPER,TREND_SWING,ORD-3-0026,XAUUSD,0.41,180,,36,0.6,49.23
2026-08-22T11:12:20.614518+00:00,oanda,PAPER,TREND_SWING,ORD-3-0027,XAUUSD,0.42,185,,37,0.7,48.73
2026-08-22T11:12:20.614521+00:00,oanda,PAPER,TREND_SWING,ORD-3-0028,XAUUSD,0.43,190,,38,0.8,48.23
2026-08-22T11:12:20.614523+00:00,oanda,PAPER,TREND_SWING,ORD-3-0029,XAUUSD,0.44,195,,39,0.9,47.73
2026-08-22T11:12:20.614526+00:00,oanda,PAPER,TREND_SWING,ORD-3-0030,XAUUSD,0.45,200,,10,1.0,52.23
2026-08-22T11:12:20.614529+00:00,oanda,PAPER,TREND_SWING,ORD-3-0031,XAUUSD,0.46,205,,11,1.1,51.73
2026-08-22T11:12:20.614544+00:00,oanda,PAPER,TREND_SWING,ORD-3-0032,XAUUSD,0.47,210,,12,1.2,51.23
2026-08-22T11:12:20.614549+00:00,oanda,PAPER,TREND_SWING,ORD-3-0033,XAUUSD,0.48,215,,13,1.3,50.73
2026-08-22T11:12:20.614553+00:00,oanda,PAPER,TREND_SWING,ORD-3-0034,XAUUSD,0.49,220,,14,1.4,50.23
2026-08-22T11:12:20.614556+00:00,oanda,PAPER,TREND_SWING,ORD-3-0035,XAUUSD,0.5,225,,15,1.5,49.73
2026-08-22T11:12:20.614559+00:00,oanda,PAPER,TREND_SWING,ORD-3-0036,XAUUSD,0.51,230,,16,1.6,49.23
2026-08-22T11:12:20.614562+00:00,oanda,PAPER,TREND_SWING,ORD-3-0037,XAUUSD,0.52,235,,17,1.7,48.73
2026-08-22T11:12:20.614564+00:00,oanda,PAPER,TREND_SWING,ORD-3-0038,XAUUSD,0.53,240,,18,1.8,48.23
2026-08-22T11:12:20.614567+00:00,oanda,PAPER,TREND_SWING,ORD-3-0039,XAUUSD,0.54,245,,19,1.9,47.73
2026-08-22T11:12:20.614570+00:00,oanda,PAPER,TREND_SWING,ORD-3-0040,XAUUSD,0.55,250,,20,0.0,52.23
2026-08-22T11:12:20.614572+00:00,oanda,PAPER,TREND_SWING,ORD-3-0041,XAUUSD,0.56,255,,21,0.1,51.73
2026-08-22T11:12:20.614575+00:00,oanda,PAPER,TREND_SWING,ORD-3-0042,XAUUSD,0.57,260,,22,0.2,51.23
2026-08-22T11:12:20.614579+00:00,oanda,PAPER,TREND_SWING,ORD-3-0043,XAUUSD,0.58,265,,23,0.3,50.73
2026-08-22T11:12:20.614582+00:00,oanda,PAPER,TREND_SWING,ORD-3-0044,XAUUSD,0.59,270,,24,0.4,50.23
2026-08-22T11:12:20.614585+00:00,oanda,PAPER,TREND_SWING,ORD-3-0045,XAUUSD,0.6,275,,25,0.5,49.73
2026-08-22T11:12:20.614588+00:00,oanda,PAPER,TREND_SWING,ORD-3-0046,XAUUSD,0.61,280,,26,0.6,49.23
2026-08-22T11:12:20.614590+00:00,oanda,PAPER,TREND_SWING,ORD-3-0047,XAUUSD,0.62,285,,27,0.7,48.73
2026-08-22T11:12:20.614593+00:00,oanda,PAPER,TREND_SWING,ORD-3-0048,XAUUSD,0.63,290,,28,0.8,48.23
2026-08-22T11:12:20.614595+00:00,oanda,PAPER,TREND_SWING,ORD-3-0049,XAUUSD,0.64,295,,29,0.9,47.73
2026-08-22T11:12:20.614598+00:00,oanda,PAPER,TREND_SWING,ORD-3-0050,XAUUSD,0.15,300,,30,1.0,52.23
2026-08-22T11:12:20.614601+00:00,oanda,PAPER,TREND_SWING,ORD-3-0051,XAUUSD,0.16,305,,31,1.1,51.73
2026-08-22T11:12:20.614605+00:00,oanda,PAPER,TREND_SWING,ORD-3-0052,XAUUSD,0.17,310,,32,1.2,51.23
2026-08-22T11:12:20.614609+00:00,oanda,PAPER,TREND_SWING,ORD-3-0053,XAUUSD,0.18,315,,33,1.3,50.73
2026-08-22T11:12:20.614612+00:00,oanda,PAPER,TREND_SWING,ORD-3-0054,XAUUSD,0.19,320,,34,1.4,50.23
2026-08-22T11:12:20.614615+00:00,oanda,PAPER,TREND_SWING,ORD-3-0055,XAUUSD,0.2,325,,35,1.5,49.73
2026-08-22T11:12:20.614617+00:00,oanda,PAPER,TREND_SWING,ORD-3-0056,XAUUSD,0.21,330,,36,1.6,49.23
2026-08-22T11:12:20.614620+00:00,oanda,PAPER,TREND_SWING,ORD-3-0057,XAUUSD,0.22,335,,37,1.7,48.73
2026-08-22T11:12:20.614623+00:00,oanda,PAPER,TREND_SWING,ORD-3-0058,XAUUSD,0.23,340,,38,1.8,48.23
2026-08-22T11:12:20.614625+00:00,oanda,PAPER,TREND_SWING,ORD-3-0059,XAUUSD,0.24,345,,39,1.9,47.73
2026-08-22T11:12:20.614628+00:00,oanda,PAPER,TREND_SWING,ORD-3-0060,XAUUSD,0.25,350,,10,0.0,52.23
2026-08-22T11:12:20.614632+00:00,oanda,PAPER,TREND_SWING,ORD-3-0061,XAUUSD,0.26,355,,11,0.1,51.73
2026-08-22T11:12:20.614635+00:00,oanda,PAPER,TREND_SWING,ORD-3-0062,XAUUSD,0.27,360,,12,0.2,51.23
2026-08-22T11:12:20.614639+00:00,oanda,PAPER,TREND_SWING,ORD-3-0063,XAUUSD,0.28,365,,13,0.3,50.73
2026-08-22T11:12:20.614642+00:00,oanda,PAPER,TREND_SWING,ORD-3-0064,XAUUSD,0.29,370,,14,0.4,50.23
2026-08-22T11:12:20.614644+00:00,oanda,PAPER,TREND_SWING,ORD-3-0065,XAUUSD,0.3,375,,15,0.5,49.73
2026-08-22T11:12:20.614647+00:00,oanda,PAPER,TREND_SWING,ORD-3-0066,XAUUSD,0.31,380,,16,0.6,49.23
2026-08-22T11:12:20.614650+00:00,oanda,PAPER,TREND_SWING,ORD-3-0067,XAUUSD,0.32,385,,17,0.7,48.73
2026-08-22T11:12:20.614654+00:00,oanda,PAPER,TREND_SWING,ORD-3-0068,XAUUSD,0.33,390,,18,0.8,48.23
2026-08-22T11:12:20.614657+00:00,oanda,PAPER,TREND_SWING,ORD-3-0069,XAUUSD,0.34,395,,19,0.9,47.73
2026-08-22T11:12:20.614659+00:00,oanda,PAPER,TREND_SWING,ORD-3-0070,XAUUSD,0.35,400,,20,1.0,52.23
2026-08-22T11:12:20.614662+00:00,oanda,PAPER,TREND_SWING,ORD-3-0071,XAUUSD,0.36,405,,21,1.1,51.73
2026-08-22T11:12:20.614665+00:00,oanda,PAPER,TREND_SWING,ORD-3-0072,XAUUSD,0.37,410,,22,1.2,51.23
2026-08-22T11:12:20.614669+00:00,oanda,PAPER,TREND_SWING,ORD-3-0073,XAUUSD,0.38,415,,23,1.3,50.73
2026-08-22T11:12:20.614671+00:00,oanda,PAPER,TREND_SWING,ORD-3-0074,XAUUSD,0.39,420,,24,1.4,50.23
2026-08-22T11:12:20.614674+00:00,oanda,PAPER,TREND_SWING,ORD-3-0075,XAUUSD,0.4,425,,25,1.5,49.73
2026-08-22T11:12:20.614677+00:00,oanda,PAPER,TREND_SWING,ORD-3-0076,XAUUSD,0.41,430,,26,1.6,49.23
2026-08-22T11:12:20.614679+00:00,oanda,PAPER,TREND_SWING,ORD-3-0077,XAUUSD,0.42,435,,27,1.7,48.73
2026-08-22T11:12:20.614682+00:00,oanda,PAPER,TREND_SWING,ORD-3-0078,XAUUSD,0.43,440,,28,1.8,48.23
2026-08-22T11:12:20.614685+00:00,oanda,PAPER,TREND_SWING,ORD-3-0079,XAUUSD,0.44,445,,29,1.9,47.73
2026-08-22T11:12:20.614687+00:00,oanda,PAPER,TREND_SWING,ORD-3-0080,XAUUSD,0.45,450,,30,0.0,52.23
2026-08-22T11:12:20.614690+00:00,oanda,PAPER,TREND_SWING,ORD-3-0081,XAUUSD,0.46,455,,31,0.1,51.73
2026-08-22T11:12:20.614693+00:00,oanda,PAPER,TREND_SWING,ORD-3-0082,XAUUSD,0.47,460,,32,0.2,51.23
2026-08-22T11:12:20.614697+00:00,oanda,PAPER,TREND_SWING,ORD-3-0083,XAUUSD,0.48,465,,33,0.3,50.73
2026-08-22T11:12:20.614701+00:00,oanda,PAPER,TREND_SWING,ORD-3-0084,XAUUSD,0.49,470,,34,0.4,50.23
2026-08-22T11:12:20.614704+00:00,oanda,PAPER,TREND_SWING,ORD-3-0085,XAUUSD,0.5,475,,35,0.5,49.73
2026-08-22T11:12:20.614707+00:00,oanda,PAPER,TREND_SWING,ORD-3-0086,XAUUSD,0.51,480,,36,0.6,49.23
2026-08-22T11:12:20.614709+00:00,oanda,PAPER,TREND_SWING,ORD-3-0087,XAUUSD,0.52,485,,37,0.7,48.73
2026-08-22T11:12:20.614712+00:00,oanda,PAPER,TREND_SWING,ORD-3-0088,XAUUSD,0.53,490,,38,0.8,48.23
2026-08-22T11:12:20.614715+00:00,oanda,PAPER,TREND_SWING,ORD-3-0089,XAUUSD,0.54,495,,39,0.9,47.73
2026-08-22T11:12:20.614717+00:00,oanda,PAPER,TREND_SWING,ORD-3-0090,XAUUSD,0.55,500,,10,1.0,52.23
2026-08-22T11:12:20.614720+00:00,oanda,PAPER,TREND_SWING,ORD-3-0091,XAUUSD,0.56,505,,11,1.1,51.73
2026-08-22T11:12:20.614723+00:00,oanda,PAPER,TREND_SWING,ORD-3-0092,XAUUSD,0.57,510,,12,1.2,51.23
2026-08-22T11:12:20.614728+00:00,oanda,PAPER,TREND_SWING,ORD-3-0093,XAUUSD,0.58,515,,13,1.3,50.73
2026-08-22T11:12:20.614730+00:00,oanda,PAPER,TREND_SWING,ORD-3-0094,XAUUSD,0.59,520,,14,1.4,50.23
2026-08-22T11:12:20.614733+00:00,oanda,PAPER,TREND_SWING,ORD-3-0095,XAUUSD,0.6,525,,15,1.5,49.73
2026-08-22T11:12:20.614736+00:00,oanda,PAPER,TREND_SWING,ORD-3-0096,XAUUSD,0.61,530,,16,1.6,49.23
2026-08-22T11:12:20.614739+00:00,oanda,PAPER,TREND_SWING,ORD-3-0097,XAUUSD,0.62,535,INSUFFICIENT_MARGIN,17,1.7,48.73
2026-08-22T11:12:20.614741+00:00,oanda,PAPER,TREND_SWING,ORD-3-0098,XAUUSD,0.63,540,,18,1.8,48.23
2026-08-22T11:12:20.614744+00:00,oanda,PAPER,TREND_SWING,ORD-3-0099,XAUUSD,0.64,545,,19,1.9,47.73
2026-08-22T11:12:20.614747+00:00,oanda,PAPER,TREND_SWING,ORD-3-0100,XAUUSD,0.15,550,,20,0.0,52.23
2026-08-22T11:12:20.614749+00:00,oanda,PAPER,TREND_SWING,ORD-3-0101,XAUUSD,0.16,555,,21,0.1,51.73
2026-08-22T11:12:20.614752+00:00,oanda,PAPER,TREND_SWING,ORD-3-0102,XAUUSD,0.17,560,,22,0.2,51.23
2026-08-22T11:12:20.614756+00:00,oanda,PAPER,TREND_SWING,ORD-3-0103,XAUUSD,0.18,565,,23,0.3,50.73
2026-08-22T11:12:20.614759+00:00,oanda,PAPER,TREND_SWING,ORD-3-0104,XAUUSD,0.19,570,,24,0.4,50.23
2026-08-22T11:12:20.614761+00:00,oanda,PAPER,TREND_SWING,ORD-3-0105,XAUUSD,0.2,575,,25,0.5,49.73
2026-08-22T11:12:20.614764+00:00,oanda,PAPER,TREND_SWING,ORD-3-0106,XAUUSD,0.21,580,,26,0.6,49.23
2026-08-22T11:12:20.614767+00:00,oanda,PAPER,TREND_SWING,ORD-3-0107,XAUUSD,0.22,585,,27,0.7,48.73
2026-08-22T11:12:20.614769+00:00,oanda,PAPER,TREND_SWING,ORD-3-0108,XAUUSD,0.23,590,,28,0.8,48.23
2026-08-22T11:12:20.614772+00:00,oanda,PAPER,TREND_SWING,ORD-3-0109,XAUUSD,0.24,595,,29,0.9,47.73
2026-08-22T11:12:20.614775+00:00,oanda,PAPER,TREND_SWING,ORD-3-0110,XAUUSD,0.25,600,,30,1.0,52.23
2026-08-22T11:12:20.614777+00:00,oanda,PAPER,TREND_SWING,ORD-3-0111,XAUUSD,0.26,605,,31,1.1,51.73
2026-08-22T11:12:20.614780+00:00,oanda,PAPER,TREND_SWING,ORD-3-0112,XAUUSD,0.27,610,,32,1.2,51.23
2026-08-22T11:12:20.614784+00:00,oanda,PAPER,TREND_SWING,ORD-3-0113,XAUUSD,0.28,615,,33,1.3,50.73
2026-08-22T11:12:20.614787+00:00,oanda,PAPER,TREND_SWING,ORD-3-0114,XAUUSD,0.29,620,,34,1.4,50.23
2026-08-22T11:12:20.614790+00:00,oanda,PAPER,TREND_SWING,ORD-3-0115,XAUUSD,0.3,625,,35,1.5,49.73
2026-08-22T11:12:20.614794+00:00,oanda,PAPER,TREND_SWING,ORD-3-0116,XAUUSD,0.31,630,,36,1.6,49.23
2026-08-22T11:12:20.614796+00:00,oanda,PAPER,TREND_SWING,ORD-3-0117,XAUUSD,0.32,635,,37,1.7,48.73
2026-08-22T11:12:20.614799+00:00,oanda,PAPER,TREND_SWING,ORD-3-0118,XAUUSD,0.33,640,,38,1.8,48.23
2026-08-22T11:12:20.614802+00:00,oanda,PAPER,TREND_SWING,ORD-3-0119,XAUUSD,0.34,645,,39,1.9,47.73
2026-08-22T11:12:20.614806+00:00,oanda,PAPER,TREND_SWING,ORD-3-0120,XAUUSD,0.35,650,,10,0.0,52.23
2026-08-22T11:12:20.614809+00:00,oanda,PAPER,TREND_SWING,ORD-3-0121,XAUUSD,0.36,655,,11,0.1,51.73
2026-08-22T11:12:20.614812+00:00,oanda,PAPER,TREND_SWING,ORD-3-0122,XAUUSD,0.37,660,,12,0.2,51.23
2026-08-22T11:12:20.614816+00:00,oanda,PAPER,TREND_SWING,ORD-3-0123,XAUUSD,0.38,665,,13,0.3,50.73
2026-08-22T11:12:20.614818+00:00,oanda,PAPER,TREND_SWING,ORD-3-0124,XAUUSD,0.39,670,,14,0.4,50.23
2026-08-22T11:12:20.614822+00:00,oanda,PAPER,TREND_SWING,ORD-3-0125,XAUUSD,0.4,675,,15,0.5,49.73
2026-08-22T11:12:20.614825+00:00,oanda,PAPER,TREND_SWING,ORD-3-0126,XAUUSD,0.41,680,,16,0.6,49.23
2026-08-22T11:12:20.614828+00:00,oanda,PAPER,TREND_SWING,ORD-3-0127,XAUUSD,0.42,685,,17,0.7,48.73
2026-08-22T11:12:20.614830+00:00,oanda,PAPER,TREND_SWING,ORD-3-0128,XAUUSD,0.43,690,,18,0.8,48.23
2026-08-22T11:12:20.614833+00:00,oanda,PAPER,TREND_SWING,ORD-3-0129,XAUUSD,0.44,695,,19,0.9,47.73
2026-08-22T11:12:20.614836+00:00,oanda,PAPER,TREND_SWING,ORD-3-0130,XAUUSD,0.45,700,,20,1.0,52.23
2026-08-22T11:12:20.614838+00:00,oanda,PAPER,TREND_SWING,ORD-3-0131,XAUUSD,0.46,705,,21,1.1,51.73
2026-08-22T11:12:20.614841+00:00,oanda,PAPER,TREND_SWING,ORD-3-0132,XAUUSD,0.47,710,,22,1.2,51.23
2026-08-22T11:12:20.614845+00:00,oanda,PAPER,TREND_SWING,ORD-3-0133,XAUUSD,0.48,715,,23,1.3,50.73
2026-08-22T11:12:20.614848+00:00,oanda,PAPER,TREND_SWING,ORD-3-0134,XAUUSD,0.49,720,,24,1.4,50.23
2026-08-22T11:12:20.614851+00:00,oanda,PAPER,TREND_SWING,ORD-3-0135,XAUUSD,0.5,725,,25,1.5,49.73
2026-08-22T11:12:20.614854+00:00,oanda,PAPER,TREND_SWING,ORD-3-0136,XAUUSD,0.51,730,,26,1.6,49.23
2026-08-22T11:12:20.614856+00:00,oanda,PAPER,TREND_SWING,ORD-3-0137,XAUUSD,0.52,735,,27,1.7,48.73
2026-08-22T11:12:20.614859+00:00,oanda,PAPER,TREND_SWING,ORD-3-0138,XAUUSD,0.53,740,,28,1.8,48.23
2026-08-22T11:12:20.614862+00:00,oanda,PAPER,TREND_SWING,ORD-3-0139,XAUUSD,0.54,745,,29,1.9,47.73
2026-08-22T11:12:20.614864+00:00,oanda,PAPER,TREND_SWING,ORD-3-0140,XAUUSD,0.55,750,,30,0.0,52.23
2026-08-22T11:12:20.614867+00:00,oanda,PAPER,TREND_SWING,ORD-3-0141,XAUUSD,0.56,755,,31,0.1,51.73
2026-08-22T11:12:20.614870+00:00,oanda,PAPER,TREND_SWING,ORD-3-0142,XAUUSD,0.57,760,,32,0.2,51.23
2026-08-22T11:12:20.614874+00:00,oanda,PAPER,TREND_SWING,ORD-3-0143,XAUUSD,0.58,765,,33,0.3,50.73
2026-08-22T11:12:20.614877+00:00,oanda,PAPER,TREND_SWING,ORD-3-0144,XAUUSD,0.59,770,,34,0.4,50.23
2026-08-22T11:12:20.614879+00:00,oanda,PAPER,TREND_SWING,ORD-3-0145,XAUUSD,0.6,775,,35,0.5,49.73
2026-08-22T11:12:20.614882+00:00,oanda,PAPER,TREND_SWING,ORD-3-0146,XAUUSD,0.61,780,,36,0.6,49.23
2026-08-22T11:12:20.614885+00:00,oanda,PAPER,TREND_SWING,ORD-3-0147,XAUUSD,0.62,785,,37,0.7,48.73
2026-08-22T11:12:20.614888+00:00,oanda,PAPER,TREND_SWING,ORD-3-0148,XAUUSD,0.63,790,,38,0.8,48.23
2026-08-22T11:12:20.614891+00:00,oanda,PAPER,TREND_SWING,ORD-3-0149,XAUUSD,0.64,795,,39,0.9,47.73
2026-08-22T11:12:20.614894+00:00,oanda,PAPER,TREND_SWING,ORD-3-0150,XAUUSD,0.15,800,,10,1.0,52.23
2026-08-22T11:12:20.614897+00:00,oanda,PAPER,TREND_SWING,ORD-3-0151,XAUUSD,0.16,805,,11,1.1,51.73
2026-08-22T11:12:20.614899+00:00,oanda,PAPER,TREND_SWING,ORD-3-0152,XAUUSD,0.17,810,,12,1.2,51.23
2026-08-22T11:12:20.615072+00:00,oanda,PAPER,TREND_SWING,ORD-3-0153,XAUUSD,0.18,815,,13,1.3,50.73
2026-08-22T11:12:20.615075+00:00,oanda,PAPER,TREND_SWING,ORD-3-0154,XAUUSD,0.19,820,,14,1.4,50.23
2026-08-22T11:12:20.615078+00:00,oanda,PAPER,TREND_SWING,ORD-3-0155,XAUUSD,0.2,825,,15,1.5,49.73
2026-08-22T11:12:20.615080+00:00,oanda,PAPER,TREND_SWING,ORD-3-0156,XAUUSD,0.21,830,,16,1.6,49.23
2026-08-22T11:12:20.615085+00:00,oanda,PAPER,TREND_SWING,ORD-3-0157,XAUUSD,0.22,835,,17,1.7,48.73
2026-08-22T11:12:20.615088+00:00,oanda,PAPER,TREND_SWING,ORD-3-0158,XAUUSD,0.23,840,,18,1.8,48.23
2026-08-22T11:12:20.615091+00:00,oanda,PAPER,TREND_SWING,ORD-3-0159,XAUUSD,0.24,845,,19,1.9,47.73
2026-08-22T11:12:20.615093+00:00,oanda,PAPER,TREND_SWING,ORD-3-0160,XAUUSD,0.25,850,,20,0.0,52.23
2026-08-22T11:12:20.615096+00:00,oanda,PAPER,TREND_SWING,ORD-3-0161,XAUUSD,0.26,855,,21,0.1,51.73
2026-08-22T11:12:20.615099+00:00,oanda,PAPER,TREND_SWING,ORD-3-0162,XAUUSD,0.27,860,,22,0.2,51.23
2026-08-22T11:12:20.615103+00:00,oanda,PAPER,TREND_SWING,ORD-3-0163,XAUUSD,0.28,865,,23,0.3,50.73
2026-08-22T11:12:20.615106+00:00,oanda,PAPER,TREND_SWING,ORD-3-0164,XAUUSD,0.29,870,,24,0.4,50.23
2026-08-22T11:12:20.615108+00:00,oanda,PAPER,TREND_SWING,ORD-3-0165,XAUUSD,0.3,875,,25,0.5,49.73
2026-08-22T11:12:20.615111+00:00,oanda,PAPER,TREND_SWING,ORD-3-0166,XAUUSD,0.31,880,,26,0.6,49.23
2026-08-22T11:12:20.615114+00:00,oanda,PAPER,TREND_SWING,ORD-3-0167,XAUUSD,0.32,885,,27,0.7,48.73
2026-08-22T11:12:20.615116+00:00,oanda,PAPER,TREND_SWING,ORD-3-0168,XAUUSD,0.33,890,,28,0.8,48.23
2026-08-22T11:12:20.615119+00:00,oanda,PAPER,TREND_SWING,ORD-3-0169,XAUUSD,0.34,895,,29,0.9,47.73
2026-08-22T11:12:20.615124+00:00,oanda,PAPER,TREND_SWING,ORD-3-0170,XAUUSD,0.35,900,,30,1.0,52.23
2026-08-22T11:12:20.615127+00:00,oanda,PAPER,TREND_SWING,ORD-3-0171,XAUUSD,0.36,905,,31,1.1,51.73
2026-08-22T11:12:20.615129+00:00,oanda,PAPER,TREND_SWING,ORD-3-0172,XAUUSD,0.37,910,,32,1.2,51.23
2026-08-22T11:12:20.615133+00:00,oanda,PAPER,TREND_SWING,ORD-3-0173,XAUUSD,0.38,915,,33,1.3,50.73
2026-08-22T11:12:20.615136+00:00,oanda,PAPER,TREND_SWING,ORD-3-0174,XAUUSD,0.39,920,,34,1.4,50.23
2026-08-22T11:12:20.615139+00:00,oanda,PAPER,TREND_SWING,ORD-3-0175,XAUUSD,0.4,925,,35,1.5,49.73
2026-08-22T11:12:20.615142+00:00,oanda,PAPER,TREND_SWING,ORD-3-0176,XAUUSD,0.41,930,,36,1.6,49.23
2026-08-22T11:12:20.615144+00:00,oanda,PAPER,TREND_SWING,ORD-3-0177,XAUUSD,0.42,935,,37,1.7,48.73
2026-08-22T11:12:20.615147+00:00,oanda,PAPER,TREND_SWING,ORD-3-0178,XAUUSD,0.43,940,,38,1.8,48.23
2026-08-22T11:12:20.615150+00:00,oanda,PAPER,TREND_SWING,ORD-3-0179,XAUUSD,0.44,945,,39,1.9,47.73
2026-08-22T11:12:20.615153+00:00,oanda,PAPER,TREND_SWING,ORD-3-0180,XAUUSD,0.45,950,,10,0.0,52.23
2026-08-22T11:12:20.615156+00:00,oanda,PAPER,TREND_SWING,ORD-3-0181,XAUUSD,0.46,955,,11,0.1,51.73
2026-08-22T11:12:20.615159+00:00,oanda,PAPER,TREND_SWING,ORD-3-0182,XAUUSD,0.47,960,,12,0.2,51.23
2026-08-22T11:12:20.615163+00:00,oanda,PAPER,TREND_SWING,ORD-3-0183,XAUUSD,0.48,965,,13,0.3,50.73
2026-08-22T11:12:20.615166+00:00,oanda,PAPER,TREND_SWING,ORD-3-0184,XAUUSD,0.49,970,,14,0.4,50.23
2026-08-22T11:12:20.615168+00:00,oanda,PAPER,TREND_SWING,ORD-3-0185,XAUUSD,0.5,975,,15,0.5,49.73
2026-08-22T11:12:20.615171+00:00,oanda,PAPER,TREND_SWING,ORD-3-0186,XAUUSD,0.51,980,,16,0.6,49.23
2026-08-22T11:12:20.615174+00:00,oanda,PAPER,TREND_SWING,ORD-3-0187,XAUUSD,0.52,985,,17,0.7,48.73
2026-08-22T11:12:20.615176+00:00,oanda,PAPER,TREND_SWING,ORD-3-0188,XAUUSD,0.53,990,,18,0.8,48.23
2026-08-22T11:12:20.615180+00:00,oanda,PAPER,TREND_SWING,ORD-3-0189,XAUUSD,0.54,995,,19,0.9,47.73
2026-08-22T11:12:20.615183+00:00,oanda,PAPER,TREND_SWING,ORD-3-0190,XAUUSD,0.55,1000,,20,1.0,52.23
2026-08-22T11:12:20.615186+00:00,oanda,PAPER,TREND_SWING,ORD-3-0191,XAUUSD,0.56,1005,,21,1.1,51.73
2026-08-22T11:12:20.615189+00:00,oanda,PAPER,TREND_SWING,ORD-3-0192,XAUUSD,0.57,1010,,22,1.2,51.23
2026-08-22T11:12:20.615193+00:00,oanda,PAPER,TREND_SWING,ORD-3-0193,XAUUSD,0.58,1015,,23,1.3,50.73
2026-08-22T11:12:20.615195+00:00,oanda,PAPER,TREND_SWING,ORD-3-0194,XAUUSD,0.59,1020,INSUFFICIENT_MARGIN,24,1.4,50.23
2026-08-22T11:12:20.615198+00:00,oanda,PAPER,TREND_SWING,ORD-3-0195,XAUUSD,0.6,1025,,25,1.5,49.73
2026-08-22T11:12:20.615201+00:00,oanda,PAPER,TREND_SWING,ORD-3-0196,XAUUSD,0.61,1030,,26,1.6,49.23
2026-08-22T11:12:20.615203+00:00,oanda,PAPER,TREND_SWING,ORD-3-0197,XAUUSD,0.62,1035,,27,1.7,48.73
2026-08-22T11:12:20.615206+00:00,oanda,PAPER,TREND_SWING,ORD-3-0198,XAUUSD,0.63,1040,,28,1.8,48.23
2026-08-22T11:12:20.615209+00:00,oanda,PAPER,TREND_SWING,ORD-3-0199,XAUUSD,0.64,1045,,29,1.9,47.73
2026-08-22T11:12:20.615212+00:00,oanda,PAPER,TREND_SWING,ORD-3-0200,XAUUSD,0.15,50,,30,0.0,52.23
2026-08-22T11:12:20.615214+00:00,oanda,PAPER,TREND_SWING,ORD-3-0201,XAUUSD,0.16,55,,31,0.1,51.73
2026-08-22T11:12:20.615217+00:00,oanda,PAPER,TREND_SWING,ORD-3-0202,XAUUSD,0.17,60,,32,0.2,51.23
2026-08-22T11:12:20.615221+00:00,oanda,PAPER,TREND_SWING,ORD-3-0203,XAUUSD,0.18,65,,33,0.3,50.73
2026-08-22T11:12:20.615224+00:00,oanda,PAPER,TREND_SWING,ORD-3-0204,XAUUSD,0.19,70,,34,0.4,50.23
2026-08-22T11:12:20.615226+00:00,oanda,PAPER,TREND_SWING,ORD-3-0205,XAUUSD,0.2,75,,35,0.5,49.73
2026-08-22T11:12:20.615229+00:00,oanda,PAPER,TREND_SWING,ORD-3-0206,XAUUSD,0.21,80,,36,0.6,49.23
2026-08-22T11:12:20.615232+00:00,oanda,PAPER,TREND_SWING,ORD-3-0207,XAUUSD,0.22,85,,37,0.7,48.73
2026-08-22T11:12:20.615234+00:00,oanda,PAPER,TREND_SWING,ORD-3-0208,XAUUSD,0.23,90,,38,0.8,48.23
2026-08-22T11:12:20.615237+00:00,oanda,PAPER,TREND_SWING,ORD-3-0209,XAUUSD,0.24,95,,39,0.9,47.73
2026-08-22T11:12:20.615240+00:00,oanda,PAPER,TREND_SWING,ORD-3-0210,XAUUSD,0.25,100,,10,1.0,52.23
2026-08-22T11:12:20.615243+00:00,oanda,PAPER,TREND_SWING,ORD-3-0211,XAUUSD,0.26,105,,11,1.1,51.73
2026-08-22T11:12:20.615247+00:00,oanda,PAPER,TREND_SWING,ORD-3-0212,XAUUSD,0.27,110,,12,1.2,51.23
2026-08-22T11:12:20.615251+00:00,oanda,PAPER,TREND_SWING,ORD-3-0213,XAUUSD,0.28,115,,13,1.3,50.73
2026-08-22T11:12:20.615253+00:00,oanda,PAPER,TREND_SWING,ORD-3-0214,XAUUSD,0.29,120,,14,1.4,50.23
2026-08-22T11:12:20.615256+00:00,oanda,PAPER,TREND_SWING,ORD-3-0215,XAUUSD,0.3,125,,15,1.5,49.73
2026-08-22T11:12:20.615259+00:00,oanda,PAPER,TREND_SWING,ORD-3-0216,XAUUSD,0.31,130,,16,1.6,49.23
2026-08-22T11:12:20.615261+00:00,oanda,PAPER,TREND_SWING,ORD-3-0217,XAUUSD,0.32,135,,17,1.7,48.73
2026-08-22T11:12:20.615264+00:00,oanda,PAPER,TREND_SWING,ORD-3-0218,XAUUSD,0.33,140,,18,1.8,48.23
2026-08-22T11:12:20.615267+00:00,oanda,PAPER,TREND_SWING,ORD-3-0219,XAUUSD,0.34,145,,19,1.9,47.73
2026-08-22T11:12:20.615270+00:00,oanda,PAPER,TREND_SWING,ORD-3-0220,XAUUSD,0.35,150,,20,0.0,52.23
2026-08-22T11:12:20.615274+00:00,oanda,PAPER,TREND_SWING,ORD-3-0221,XAUUSD,0.36,155,,21,0.1,51.73
2026-08-22T11:12:20.615276+00:00,oanda,PAPER,TREND_SWING,ORD-3-0222,XAUUSD,0.37,160,,22,0.2,51.23
2026-08-22T11:12:20.615280+00:00,oanda,PAPER,TREND_SWING,ORD-3-0223,XAUUSD,0.38,165,,23,0.3,50.73
2026-08-22T11:12:20.615283+00:00,oanda,PAPER,TREND_SWING,ORD-3-0224,XAUUSD,0.39,170,,24,0.4,50.23
2026-08-22T11:12:20.615286+00:00,oanda,PAPER,TREND_SWING,ORD-3-0225,XAUUSD,0.4,175,,25,0.5,49.73
2026-08-22T11:12:20.615288+00:00,oanda,PAPER,TREND_SWING,ORD-3-0226,XAUUSD,0.41,180,,26,0.6,49.23
2026-08-22T11:12:20.615291+00:00,oanda,PAPER,TREND_SWING,ORD-3-0227,XAUUSD,0.42,185,,27,0.7,48.73
2026-08-22T11:12:20.615295+00:00,oanda,PAPER,TREND_SWING,ORD-3-0228,XAUUSD,0.43,190,,28,0.8,48.23
2026-08-22T11:12:20.615297+00:00,oanda,PAPER,TREND_SWING,ORD-3-0229,XAUUSD,0.44,195,,29,0.9,47.73
2026-08-22T11:12:20.615300+00:00,oanda,PAPER,TREND_SWING,ORD-3-0230,XAUUSD,0.45,200,,30,1.0,52.23
2026-08-22T11:12:20.615303+00:00,oanda,PAPER,TREND_SWING,ORD-3-0231,XAUUSD,0.46,205,,31,1.1,51.73
2026-08-22T11:12:20.615306+00:00,oanda,PAPER,TREND_SWING,ORD-3-0232,XAUUSD,0.47,210,,32,1.2,51.23
2026-08-22T11:12:20.615310+00:00,oanda,PAPER,TREND_SWING,ORD-3-0233,XAUUSD,0.48,215,,33,1.3,50.73
2026-08-22T11:12:20.615312+00:00,oanda,PAPER,TREND_SWING,ORD-3-0234,XAUUSD,0.49,220,,34,1.4,50.23
2026-08-22T11:12:20.615315+00:00,oanda,PAPER,TREND_SWING,ORD-3-0235,XAUUSD,0.5,225,,35,1.5,49.73
2026-08-22T11:12:20.615318+00:00,oanda,PAPER,TREND_SWING,ORD-3-0236,XAUUSD,0.51,230,,36,1.6,49.23
2026-08-22T11:12:20.615321+00:00,oanda,PAPER,TREND_SWING,ORD-3-0237,XAUUSD,0.52,235,,37,1.7,48.73
2026-08-22T11:12:20.615323+00:00,oanda,PAPER,TREND_SWING,ORD-3-0238,XAUUSD,0.53,240,,38,1.8,48.23
2026-08-22T11:12:20.615326+00:00,oanda,PAPER,TREND_SWING,ORD-3-0239,XAUUSD,0.54,245,,39,1.9,47.73
2026-08-22T11:12:20.615329+00:00,oanda,PAPER,TREND_SWING,ORD-3-0240,XAUUSD,0.55,250,,10,0.0,52.23
2026-08-22T11:12:20.615331+00:00,oanda,PAPER,TREND_SWING,ORD-3-0241,XAUUSD,0.56,255,,11,0.1,51.73
2026-08-22T11:12:20.615334+00:00,oanda,PAPER,TREND_SWING,ORD-3-0242,XAUUSD,0.57,260,,12,0.2,51.23
2026-08-22T11:12:20.615339+00:00,oanda,PAPER,TREND_SWING,ORD-3-0243,XAUUSD,0.58,265,,13,0.3,50.73
2026-08-22T11:12:20.615342+00:00,oanda,PAPER,TREND_SWING,ORD-3-0244,XAUUSD,0.59,270,,14,0.4,50.23
2026-08-22T11:12:20.615345+00:00,oanda,PAPER,TREND_SWING,ORD-3-0245,XAUUSD,0.6,275,,15,0.5,49.73
2026-08-22T11:12:20.615347+00:00,oanda,PAPER,TREND_SWING,ORD-3-0246,XAUUSD,0.61,280,,16,0.6,49.23
2026-08-22T11:12:20.615350+00:00,oanda,PAPER,TREND_SWING,ORD-3-0247,XAUUSD,0.62,285,,17,0.7,48.73
2026-08-22T11:12:20.615353+00:00,oanda,PAPER,TREND_SWING,ORD-3-0248,XAUUSD,0.63,290,,18,0.8,48.23
2026-08-22T11:12:20.615358+00:00,oanda,PAPER,TREND_SWING,ORD-3-0249,XAUUSD,0.64,295,,19,0.9,47.73
2026-08-22T11:12:20.615361+00:00,oanda,PAPER,TREND_SWING,ORD-3-0250,XAUUSD,0.15,300,,20,1.0,52.23
2026-08-22T11:12:20.615364+00:00,oanda,PAPER,TREND_SWING,ORD-3-0251,XAUUSD,0.16,305,,21,1.1,51.73
2026-08-22T11:12:20.615366+00:00,oanda,PAPER,TREND_SWING,ORD-3-0252,XAUUSD,0.17,310,,22,1.2,51.23
2026-08-22T11:12:20.615370+00:00,oanda,PAPER,TREND_SWING,ORD-3-0253,XAUUSD,0.18,315,,23,1.3,50.73
2026-08-22T11:12:20.615373+00:00,oanda,PAPER,TREND_SWING,ORD-3-0254,XAUUSD,0.19,320,,24,1.4,50.23
2026-08-22T11:12:20.615376+00:00,oanda,PAPER,TREND_SWING,ORD-3-0255,XAUUSD,0.2,325,,25,1.5,49.73
2026-08-22T11:12:20.615378+00:00,oanda,PAPER,TREND_SWING,ORD-3-0256,XAUUSD,0.21,330,,26,1.6,49.23
2026-08-22T11:12:20.615381+00:00,oanda,PAPER,TREND_SWING,ORD-3-0257,XAUUSD,0.22,335,,27,1.7,48.73
2026-08-22T11:12:20.615384+00:00,oanda,PAPER,TREND_SWING,ORD-3-0258,XAUUSD,0.23,340,,28,1.8,48.23
2026-08-22T11:12:20.615387+00:00,oanda,PAPER,TREND_SWING,ORD-3-0259,XAUUSD,0.24,345,,29,1.9,47.73
2026-08-22T11:12:20.615390+00:00,oanda,PAPER,TREND_SWING,ORD-3-0260,XAUUSD,0.25,350,,30,0.0,52.23
2026-08-22T11:12:20.615392+00:00,oanda,PAPER,TREND_SWING,ORD-3-0261,XAUUSD,0.26,355,,31,0.1,51.73
2026-08-22T11:12:20.615395+00:00,oanda,PAPER,TREND_SWING,ORD-3-0262,XAUUSD,0.27,360,,32,0.2,51.23
2026-08-22T11:12:20.615400+00:00,oanda,PAPER,TREND_SWING,ORD-3-0263,XAUUSD,0.28,365,,33,0.3,50.73
2026-08-22T11:12:20.615403+00:00,oanda,PAPER,TREND_SWING,ORD-3-0264,XAUUSD,0.29,370,,34,0.4,50.23
2026-08-22T11:12:20.615406+00:00,oanda,PAPER,TREND_SWING,ORD-3-0265,XAUUSD,0.3,375,,35,0.5,49.73
2026-08-22T11:12:20.615408+00:00,oanda,PAPER,TREND_SWING,ORD-3-0266,XAUUSD,0.31,380,,36,0.6,49.23
2026-08-22T11:12:20.615411+00:00,oanda,PAPER,TREND_SWING,ORD-3-0267,XAUUSD,0.32,385,,37,0.7,48.73
2026-08-22T11:12:20.615414+00:00,oanda,PAPER,TREND_SWING,ORD-3-0268,XAUUSD,0.33,390,,38,0.8,48.23
2026-08-22T11:12:20.615416+00:00,oanda,PAPER,TREND_SWING,ORD-3-0269,XAUUSD,0.34,395,,39,0.9,47.73
2026-08-22T11:12:20.615419+00:00,oanda,PAPER,TREND_SWING,ORD-3-0270,XAUUSD,0.35,400,,10,1.0,52.23
2026-08-22T11:12:20.615422+00:00,oanda,PAPER,TREND_SWING,ORD-3-0271,XAUUSD,0.36,405,,11,1.1,51.73
2026-08-22T11:12:20.615426+00:00,oanda,PAPER,TREND_SWING,ORD-3-0272,XAUUSD,0.37,410,,12,1.2,51.23
2026-08-22T11:12:20.615430+00:00,oanda,PAPER,TREND_SWING,ORD-3-0273,XAUUSD,0.38,415,,13,1.3,50.73
2026-08-22T11:12:20.615433+00:00,oanda,PAPER,TREND_SWING,ORD-3-0274,XAUUSD,0.39,420,,14,1.4,50.23
2026-08-22T11:12:20.615437+00:00,oanda,PAPER,TREND_SWING,ORD-3-0275,XAUUSD,0.4,425,,15,1.5,49.73
2026-08-22T11:12:20.615439+00:00,oanda,PAPER,TREND_SWING,ORD-3-0276,XAUUSD,0.41,430,,16,1.6,49.23
2026-08-22T11:12:20.615442+00:00,oanda,PAPER,TREND_SWING,ORD-3-0277,XAUUSD,0.42,435,,17,1.7,48.73
2026-08-22T11:12:20.615445+00:00,oanda,PAPER,TREND_SWING,ORD-3-0278,XAUUSD,0.43,440,,18,1.8,48.23
2026-08-22T11:12:20.615447+00:00,oanda,PAPER,TREND_SWING,ORD-3-0279,XAUUSD,0.44,445,,19,1.9,47.73
2026-08-22T11:12:20.615450+00:00,oanda,PAPER,TREND_SWING,ORD-3-0280,XAUUSD,0.45,450,,20,0.0,52.23
2026-08-22T11:12:20.615453+00:00,oanda,PAPER,TREND_SWING,ORD-3-0281,XAUUSD,0.46,455,,21,0.1,51.73
2026-08-22T11:12:20.615456+00:00,oanda,PAPER,TREND_SWING,ORD-3-0282,XAUUSD,0.47,460,,22,0.2,51.23
2026-08-22T11:12:20.615460+00:00,oanda,PAPER,TREND_SWING,ORD-3-0283,XAUUSD,0.48,465,,23,0.3,50.73
2026-08-22T11:12:20.615462+00:00,oanda,PAPER,TREND_SWING,ORD-3-0284,XAUUSD,0.49,470,,24,0.4,50.23
2026-08-22T11:12:20.615465+00:00,oanda,PAPER,TREND_SWING,ORD-3-0285,XAUUSD,0.5,475,,25,0.5,49.73
2026-08-22T11:12:20.615468+00:00,oanda,PAPER,TREND_SWING,ORD-3-0286,XAUUSD,0.51,480,,26,0.6,49.23
2026-08-22T11:12:20.615470+00:00,oanda,PAPER,TREND_SWING,ORD-3-0287,XAUUSD,0.52,485,,27,0.7,48.73
2026-08-22T11:12:20.615473+00:00,oanda,PAPER,TREND_SWING,ORD-3-0288,XAUUSD,0.53,490,,28,0.8,48.23
2026-08-22T11:12:20.615476+00:00,oanda,PAPER,TREND_SWING,ORD-3-0289,XAUUSD,0.54,495,,29,0.9,47.73
2026-08-22T11:12:20.615478+00:00,oanda,PAPER,TREND_SWING,ORD-3-0290,XAUUSD,0.55,500,,30,1.0,52.23
2026-08-22T11:12:20.615481+00:00,oanda,PAPER,TREND_SWING,ORD-3-0291,XAUUSD,0.56,505,INSUFFICIENT_MARGIN,31,1.1,51.73
2026-08-22T11:12:20.615484+00:00,oanda,PAPER,TREND_SWING,ORD-3-0292,XAUUSD,0.57,510,,32,1.2,51.23
2026-08-22T11:12:20.615488+00:00,oanda,PAPER,TREND_SWING,ORD-3-0293,XAUUSD,0.58,515,,33,1.3,50.73
2026-08-22T11:12:20.615491+00:00,oanda,PAPER,TREND_SWING,ORD-3-0294,XAUUSD,0.59,520,,34,1.4,50.23
2026-08-22T11:12:20.615495+00:00,oanda,PAPER,TREND_SWING,ORD-3-0295,XAUUSD,0.6,525,,35,1.5,49.73
2026-08-22T11:12:20.615498+00:00,oanda,PAPER,TREND_SWING,ORD-3-0296,XAUUSD,0.61,530,,36,1.6,49.23
2026-08-22T11:12:20.615501+00:00,oanda,PAPER,TREND_SWING,ORD-3-0297,XAUUSD,0.62,535,,37,1.7,48.73
2026-08-22T11:12:20.615503+00:00,oanda,PAPER,TREND_SWING,ORD-3-0298,XAUUSD,0.63,540,,38,1.8,48.23
2026-08-22T11:12:20.615506+00:00,oanda,PAPER,TREND_SWING,ORD-3-0299,XAUUSD,0.64,545,,39,1.9,47.73
2026-08-22T11:12:20.615509+00:00,oanda,PAPER,TREND_SWING,ORD-3-0300,XAUUSD,0.15,550,,10,0.0,52.23
2026-08-22T11:12:20.615511+00:00,oanda,PAPER,TREND_SWING,ORD-3-0301,XAUUSD,0.16,555,,11,0.1,51.73
2026-08-22T11:12:20.615514+00:00,oanda,PAPER,TREND_SWING,ORD-3-0302,XAUUSD,0.17,560,,12,0.2,51.23
2026-08-22T11:12:20.615518+00:00,oanda,PAPER,TREND_SWING,ORD-3-0303,XAUUSD,0.18,565,,13,0.3,50.73
2026-08-22T11:12:20.615521+00:00,oanda,PAPER,TREND_SWING,ORD-3-0304,XAUUSD,0.19,570,,14,0.4,50.23
2026-08-22T11:12:20.615523+00:00,oanda,PAPER,TREND_SWING,ORD-3-0305,XAUUSD,0.2,575,,15,0.5,49.73
2026-08-22T11:12:20.615526+00:00,oanda,PAPER,TREND_SWING,ORD-3-0306,XAUUSD,0.21,580,,16,0.6,49.23
2026-08-22T11:12:20.615530+00:00,oanda,PAPER,TREND_SWING,ORD-3-0307,XAUUSD,0.22,585,,17,0.7,48.73
2026-08-22T11:12:20.615542+00:00,oanda,PAPER,TREND_SWING,ORD-3-0308,XAUUSD,0.23,590,,18,0.8,48.23
2026-08-22T11:12:20.615545+00:00,oanda,PAPER,TREND_SWING,ORD-3-0309,XAUUSD,0.24,595,,19,0.9,47.73
2026-08-22T11:12:20.615548+00:00,oanda,PAPER,TREND_SWING,ORD-3-0310,XAUUSD,0.25,600,,20,1.0,52.23
2026-08-22T11:12:20.615550+00:00,oanda,PAPER,TREND_SWING,ORD-3-0311,XAUUSD,0.26,605,,21,1.1,51.73
2026-08-22T11:12:20.615553+00:00,oanda,PAPER,TREND_SWING,ORD-3-0312,XAUUSD,0.27,610,,22,1.2,51.23
2026-08-22T11:12:20.615557+00:00,oanda,PAPER,TREND_SWING,ORD-3-0313,XAUUSD,0.28,615,,23,1.3,50.73
2026-08-22T11:12:20.615560+00:00,oanda,PAPER,TREND_SWING,ORD-3-0314,XAUUSD,0.29,620,,24,1.4,50.23
2026-08-22T11:12:20.615562+00:00,oanda,PAPER,TREND_SWING,ORD-3-0315,XAUUSD,0.3,625,,25,1.5,49.73
2026-08-22T11:12:20.615565+00:00,oanda,PAPER,TREND_SWING,ORD-3-0316,XAUUSD,0.31,630,,26,1.6,49.23
2026-08-22T11:12:20.615568+00:00,oanda,PAPER,TREND_SWING,ORD-3-0317,XAUUSD,0.32,635,,27,1.7,48.73
2026-08-22T11:12:20.615571+00:00,oanda,PAPER,TREND_SWING,ORD-3-0318,XAUUSD,0.33,640,,28,1.8,48.23
2026-08-22T11:12:20.615573+00:00,oanda,PAPER,TREND_SWING,ORD-3-0319,XAUUSD,0.34,645,,29,1.9,47.73
2026-08-22T11:12:20.615576+00:00,oanda,PAPER,TREND_SWING,ORD-3-0320,XAUUSD,0.35,650,,30,0.0,52.23
2026-08-22T11:12:20.615579+00:00,oanda,PAPER,TREND_SWING,ORD-3-0321,XAUUSD,0.36,655,,31,0.1,51.73
2026-08-22T11:12:20.615581+00:00,oanda,PAPER,TREND_SWING,ORD-3-0322,XAUUSD,0.37,660,,32,0.2,51.23
2026-08-22T11:12:20.615586+00:00,oanda,PAPER,TREND_SWING,ORD-3-0323,XAUUSD,0.38,665,,33,0.3,50.73
2026-08-22T11:12:20.615590+00:00,oanda,PAPER,TREND_SWING,ORD-3-0324,XAUUSD,0.39,670,,34,0.4,50.23
2026-08-22T11:12:20.615592+00:00,oanda,PAPER,TREND_SWING,ORD-3-0325,XAUUSD,0.4,675,,35,0.5,49.73
2026-08-22T11:12:20.615595+00:00,oanda,PAPER,TREND_SWING,ORD-3-0326,XAUUSD,0.41,680,,36,0.6,49.23
2026-08-22T11:12:20.615600+00:00,oanda,PAPER,TREND_SWING,ORD-3-0327,XAUUSD,0.42,685,,37,0.7,48.73
2026-08-22T11:12:20.615603+00:00,oanda,PAPER,TREND_SWING,ORD-3-0328,XAUUSD,0.43,690,,38,0.8,48.23
2026-08-22T11:12:20.615605+00:00,oanda,PAPER,TREND_SWING,ORD-3-0329,XAUUSD,0.44,695,,39,0.9,47.73
2026-08-22T11:12:20.615608+00:00,oanda,PAPER,TREND_SWING,ORD-3-0330,XAUUSD,0.45,700,,10,1.0,52.23
2026-08-22T11:12:20.615611+00:00,oanda,PAPER,TREND_SWING,ORD-3-0331,XAUUSD,0.46,705,,11,1.1,51.73
2026-08-22T11:12:20.615614+00:00,oanda,PAPER,TREND_SWING,ORD-3-0332,XAUUSD,0.47,710,,12,1.2,51.23
2026-08-22T11:12:20.615617+00:00,oanda,PAPER,TREND_SWING,ORD-3-0333,XAUUSD,0.48,715,,13,1.3,50.73
2026-08-22T11:12:20.615620+00:00,oanda,PAPER,TREND_SWING,ORD-3-0334,XAUUSD,0.49,720,,14,1.4,50.23
2026-08-22T11:12:20.615623+00:00,oanda,PAPER,TREND_SWING,ORD-3-0335,XAUUSD,0.5,725,,15,1.5,49.73
2026-08-22T11:12:20.615626+00:00,oanda,PAPER,TREND_SWING,ORD-3-0336,XAUUSD,0.51,730,,16,1.6,49.23
2026-08-22T11:12:20.615628+00:00,oanda,PAPER,TREND_SWING,ORD-3-0337,XAUUSD,0.52,735,,17,1.7,48.73
2026-08-22T11:12:20.615631+00:00,oanda,PAPER,TREND_SWING,ORD-3-0338,XAUUSD,0.53,740,,18,1.8,48.23
2026-08-22T11:12:20.615635+00:00,oanda,PAPER,TREND_SWING,ORD-3-0339,XAUUSD,0.54,745,,19,1.9,47.73
2026-08-22T11:12:20.615638+00:00,oanda,PAPER,TREND_SWING,ORD-3-0340,XAUUSD,0.55,750,,20,0.0,52.23
2026-08-22T11:12:20.615641+00:00,oanda,PAPER,TREND_SWING,ORD-3-0341,XAUUSD,0.56,755,,21,0.1,51.73
2026-08-22T11:12:20.615643+00:00,oanda,PAPER,TREND_SWING,ORD-3-0342,XAUUSD,0.57,760,,22,0.2,51.23
2026-08-22T11:12:20.615647+00:00,oanda,PAPER,TREND_SWING,ORD-3-0343,XAUUSD,0.58,765,,23,0.3,50.73
2026-08-22T11:12:20.615650+00:00,oanda,PAPER,TREND_SWING,ORD-3-0344,XAUUSD,0.59,770,,24,0.4,50.23
2026-08-22T11:12:20.615653+00:00,oanda,PAPER,TREND_SWING,ORD-3-0345,XAUUSD,0.6,775,,25,0.5,49.73
2026-08-22T11:12:20.615655+00:00,oanda,PAPER,TREND_SWING,ORD-3-0346,XAUUSD,0.61,780,,26,0.6,49.23
2026-08-22T11:12:20.615658+00:00,oanda,PAPER,TREND_SWING,ORD-3-0347,XAUUSD,0.62,785,,27,0.7,48.73
2026-08-22T11:12:20.615661+00:00,oanda,PAPER,TREND_SWING,ORD-3-0348,XAUUSD,0.63,790,,28,0.8,48.23
2026-08-22T11:12:20.615664+00:00,oanda,PAPER,TREND_SWING,ORD-3-0349,XAUUSD,0.64,795,,29,0.9,47.73
2026-08-22T11:12:20.615666+00:00,oanda,PAPER,TREND_SWING,ORD-3-0350,XAUUSD,0.15,800,,30,1.0,52.23
2026-08-22T11:12:20.615669+00:00,oanda,PAPER,TREND_SWING,ORD-3-0351,XAUUSD,0.16,805,,31,1.1,51.73
2026-08-22T11:12:20.615672+00:00,oanda,PAPER,TREND_SWING,ORD-3-0352,XAUUSD,0.17,810,,32,1.2,51.23
2026-08-22T11:12:20.615676+00:00,oanda,PAPER,TREND_SWING,ORD-3-0353,XAUUSD,0.18,815,,33,1.3,50.73
2026-08-22T11:12:20.615678+00:00,oanda,PAPER,TREND_SWING,ORD-3-0354,XAUUSD,0.19,820,,34,1.4,50.23
2026-08-22T11:12:20.615681+00:00,oanda,PAPER,TREND_SWING,ORD-3-0355,XAUUSD,0.2,825,,35,1.5,49.73
2026-08-22T11:12:20.615684+00:00,oanda,PAPER,TREND_SWING,ORD-3-0356,XAUUSD,0.21,830,,36,1.6,49.23
2026-08-22T11:12:20.615687+00:00,oanda,PAPER,TREND_SWING,ORD-3-0357,XAUUSD,0.22,835,,37,1.7,48.73
2026-08-22T11:12:20.615689+00:00,oanda,PAPER,TREND_SWING,ORD-3-0358,XAUUSD,0.23,840,,38,1.8,48.23
2026-08-22T11:12:20.615694+00:00,oanda,PAPER,TREND_SWING,ORD-3-0359,XAUUSD,0.24,845,,39,1.9,47.73
2026-08-22T11:12:20.615696+00:00,oanda,PAPER,TREND_SWING,ORD-3-0360,XAUUSD,0.25,850,,10,0.0,52.23
2026-08-22T11:12:20.615699+00:00,oanda,PAPER,TREND_SWING,ORD-3-0361,XAUUSD,0.26,855,,11,0.1,51.73
2026-08-22T11:12:20.615702+00:00,oanda,PAPER,TREND_SWING,ORD-3-0362,XAUUSD,0.27,860,,12,0.2,51.23
2026-08-22T11:12:20.615705+00:00,oanda,PAPER,TREND_SWING,ORD-3-0363,XAUUSD,0.28,865,,13,0.3,50.73
2026-08-22T11:12:20.615708+00:00,oanda,PAPER,TREND_SWING,ORD-3-0364,XAUUSD,0.29,870,,14,0.4,50.23
2026-08-22T11:12:20.615711+00:00,oanda,PAPER,TREND_SWING,ORD-3-0365,XAUUSD,0.3,875,,15,0.5,49.73
2026-08-22T11:12:20.615714+00:00,oanda,PAPER,TREND_SWING,ORD-3-0366,XAUUSD,0.31,880,,16,0.6,49.23
2026-08-22T11:12:20.615716+00:00,oanda,PAPER,TREND_SWING,ORD-3-0367,XAUUSD,0.32,885,,17,0.7,48.73
2026-08-22T11:12:20.615719+00:00,oanda,PAPER,TREND_SWING,ORD-3-0368,XAUUSD,0.33,890,,18,0.8,48.23
2026-08-22T11:12:20.615722+00:00,oanda,PAPER,TREND_SWING,ORD-3-0369,XAUUSD,0.34,895,,19,0.9,47.73
2026-08-22T11:12:20.615724+00:00,oanda,PAPER,TREND_SWING,ORD-3-0370,XAUUSD,0.35,900,,20,1.0,52.23
2026-08-22T11:12:20.615728+00:00,oanda,PAPER,TREND_SWING,ORD-3-0371,XAUUSD,0.36,905,,21,1.1,51.73
2026-08-22T11:12:20.615731+00:00,oanda,PAPER,TREND_SWING,ORD-3-0372,XAUUSD,0.37,910,,22,1.2,51.23
2026-08-22T11:12:20.615735+00:00,oanda,PAPER,TREND_SWING,ORD-3-0373,XAUUSD,0.38,915,,23,1.3,50.73
2026-08-22T11:12:20.615739+00:00,oanda,PAPER,TREND_SWING,ORD-3-0374,XAUUSD,0.39,920,,24,1.4,50.23
2026-08-22T11:12:20.615742+00:00,oanda,PAPER,TREND_SWING,ORD-3-0375,XAUUSD,0.4,925,,25,1.5,49.73
2026-08-22T11:12:20.615745+00:00,oanda,PAPER,TREND_SWING,ORD-3-0376,XAUUSD,0.41,930,,26,1.6,49.23
2026-08-22T11:12:20.615747+00:00,oanda,PAPER,TREND_SWING,ORD-3-0377,XAUUSD,0.42,935,,27,1.7,48.73
2026-08-22T11:12:20.615750+00:00,oanda,PAPER,TREND_SWING,ORD-3-0378,XAUUSD,0.43,940,,28,1.8,48.23
2026-08-22T11:12:20.615753+00:00,oanda,PAPER,TREND_SWING,ORD-3-0379,XAUUSD,0.44,945,,29,1.9,47.73
2026-08-22T11:12:20.615755+00:00,oanda,PAPER,TREND_SWING,ORD-3-0380,XAUUSD,0.45,950,,30,0.0,52.23
2026-08-22T11:12:20.615758+00:00,oanda,PAPER,TREND_SWING,ORD-3-0381,XAUUSD,0.46,955,,31,0.1,51.73
2026-08-22T11:12:20.615761+00:00,oanda,PAPER,TREND_SWING,ORD-3-0382,XAUUSD,0.47,960,,32,0.2,51.23
2026-08-22T11:12:20.615765+00:00,oanda,PAPER,TREND_SWING,ORD-3-0383,XAUUSD,0.48,965,,33,0.3,50.73
2026-08-22T11:12:20.615767+00:00,oanda,PAPER,TREND_SWING,ORD-3-0384,XAUUSD,0.49,970,,34,0.4,50.23
2026-08-22T11:12:20.615770+00:00,oanda,PAPER,TREND_SWING,ORD-3-0385,XAUUSD,0.5,975,,35,0.5,49.73
2026-08-22T11:12:20.615773+00:00,oanda,PAPER,TREND_SWING,ORD-3-0386,XAUUSD,0.51,980,,36,0.6,49.23
2026-08-22T11:12:20.615777+00:00,oanda,PAPER,TREND_SWING,ORD-3-0387,XAUUSD,0.52,985,,37,0.7,48.73
2026-08-22T11:12:20.615781+00:00,oanda,PAPER,TREND_SWING,ORD-3-0388,XAUUSD,0.53,990,INSUFFICIENT_MARGIN,38,0.8,48.23
2026-08-22T11:12:20.615785+00:00,oanda,PAPER,TREND_SWING,ORD-3-0389,XAUUSD,0.54,995,,39,0.9,47.73
2026-08-22T11:12:20.615789+00:00,oanda,PAPER,TREND_SWING,ORD-3-0390,XAUUSD,0.55,1000,,10,1.0,52.23
2026-08-22T11:12:20.615794+00:00,oanda,PAPER,TREND_SWING,ORD-3-0391,XAUUSD,0.56,1005,,11,1.1,51.73
2026-08-22T11:12:20.615798+00:00,oanda,PAPER,TREND_SWING,ORD-3-0392,XAUUSD,0.57,1010,,12,1.2,51.23
2026-08-22T11:12:20.615802+00:00,oanda,PAPER,TREND_SWING,ORD-3-0393,XAUUSD,0.58,1015,,13,1.3,50.73
2026-08-22T11:12:20.615805+00:00,oanda,PAPER,TREND_SWING,ORD-3-0394,XAUUSD,0.59,1020,,14,1.4,50.23
2026-08-22T11:12:20.615808+00:00,oanda,PAPER,TREND_SWING,ORD-3-0395,XAUUSD,0.6,1025,,15,1.5,49.73
2026-08-22T11:12:20.615810+00:00,oanda,PAPER,TREND_SWING,ORD-3-0396,XAUUSD,0.61,1030,,16,1.6,49.23
2026-08-22T11:12:20.615813+00:00,oanda,PAPER,TREND_SWING,ORD-3-0397,XAUUSD,0.62,1035,,17,1.7,48.73
2026-08-22T11:12:20.615816+00:00,oanda,PAPER,TREND_SWING,ORD-3-0398,XAUUSD,0.63,1040,,18,1.8,48.23
2026-08-22T11:12:20.615819+00:00,oanda,PAPER,TREND_SWING,ORD-3-0399,XAUUSD,0.64,1045,,19,1.9,47.73
2026-08-22T11:12:20.615821+00:00,oanda,PAPER,TREND_SWING,ORD-3-0400,XAUUSD,0.15,50,,20,0.0,52.23
2026-08-22T11:12:20.615824+00:00,oanda,PAPER,TREND_SWING,ORD-3-0401,XAUUSD,0.16,55,,21,0.1,51.73
2026-08-22T11:12:20.615827+00:00,oanda,PAPER,TREND_SWING,ORD-3-0402,XAUUSD,0.17,60,,22,0.2,51.23
2026-08-22T11:12:20.615832+00:00,oanda,PAPER,TREND_SWING,ORD-3-0403,XAUUSD,0.18,65,,23,0.3,50.73
2026-08-22T11:12:20.615835+00:00,oanda,PAPER,TREND_SWING,ORD-3-0404,XAUUSD,0.19,70,,24,0.4,50.23
2026-08-22T11:12:20.615837+00:00,oanda,PAPER,TREND_SWING,ORD-3-0405,XAUUSD,0.2,75,,25,0.5,49.73
2026-08-22T11:12:20.615840+00:00,oanda,PAPER,TREND_SWING,ORD-3-0406,XAUUSD,0.21,80,,26,0.6,49.23
2026-08-22T11:12:20.615843+00:00,oanda,PAPER,TREND_SWING,ORD-3-0407,XAUUSD,0.22,85,,27,0.7,48.73
2026-08-22T11:12:20.615846+00:00,oanda,PAPER,TREND_SWING,ORD-3-0408,XAUUSD,0.23,90,,28,0.8,48.23
2026-08-22T11:12:20.615848+00:00,oanda,PAPER,TREND_SWING,ORD-3-0409,XAUUSD,0.24,95,,29,0.9,47.73
2026-08-22T11:12:20.615851+00:00,oanda,PAPER,TREND_SWING,ORD-3-0410,XAUUSD,0.25,100,,30,1.0,52.23
2026-08-22T11:12:20.615854+00:00,oanda,PAPER,TREND_SWING,ORD-3-0411,XAUUSD,0.26,105,,31,1.1,51.73
2026-08-22T11:12:20.615856+00:00,oanda,PAPER,TREND_SWING,ORD-3-0412,XAUUSD,0.27,110,,32,1.2,51.23
2026-08-22T11:12:20.615861+00:00,oanda,PAPER,TREND_SWING,ORD-3-0413,XAUUSD,0.28,115,,33,1.3,50.73
2026-08-22T11:12:20.615864+00:00,oanda,PAPER,TREND_SWING,ORD-3-0414,XAUUSD,0.29,120,,34,1.4,50.23
2026-08-22T11:12:20.615867+00:00,oanda,PAPER,TREND_SWING,ORD-3-0415,XAUUSD,0.3,125,,35,1.5,49.73
2026-08-22T11:12:20.615869+00:00,oanda,PAPER,TREND_SWING,ORD-3-0416,XAUUSD,0.31,130,,36,1.6,49.23
2026-08-22T11:12:20.615872+00:00,oanda,PAPER,TREND_SWING,ORD-3-0417,XAUUSD,0.32,135,,37,1.7,48.73
2026-08-22T11:12:20.615875+00:00,oanda,PAPER,TREND_SWING,ORD-3-0418,XAUUSD,0.33,140,,38,1.8,48.23
2026-08-22T11:12:20.615877+00:00,oanda,PAPER,TREND_SWING,ORD-3-0419,XAUUSD,0.34,145,,39,1.9,47.73
2026-08-22T11:12:20.615880+00:00,oanda,PAPER,TREND_SWING,ORD-3-0420,XAUUSD,0.35,150,,10,0.0,52.23
2026-08-22T11:12:20.615883+00:00,oanda,PAPER,TREND_SWING,ORD-3-0421,XAUUSD,0.36,155,,11,0.1,51.73
2026-08-22T11:12:20.615886+00:00,oanda,PAPER,TREND_SWING,ORD-3-0422,XAUUSD,0.37,160,,12,0.2,51.23
2026-08-22T11:12:20.615889+00:00,oanda,PAPER,TREND_SWING,ORD-3-0423,XAUUSD,0.38,165,,13,0.3,50.73
2026-08-22T11:12:20.615892+00:00,oanda,PAPER,TREND_SWING,ORD-3-0424,XAUUSD,0.39,170,,14,0.4,50.23
2026-08-22T11:12:20.615896+00:00,oanda,PAPER,TREND_SWING,ORD-3-0425,XAUUSD,0.4,175,,15,0.5,49.73
2026-08-22T11:12:20.615899+00:00,oanda,PAPER,TREND_SWING,ORD-3-0426,XAUUSD,0.41,180,,16,0.6,49.23
2026-08-22T11:12:20.615902+00:00,oanda,PAPER,TREND_SWING,ORD-3-0427,XAUUSD,0.42,185,,17,0.7,48.73
2026-08-22T11:12:20.615904+00:00,oanda,PAPER,TREND_SWING,ORD-3-0428,XAUUSD,0.43,190,,18,0.8,48.23
2026-08-22T11:12:20.615907+00:00,oanda,PAPER,TREND_SWING,ORD-3-0429,XAUUSD,0.44,195,,19,0.9,47.73
2026-08-22T11:12:20.615911+00:00,oanda,PAPER,TREND_SWING,ORD-3-0430,XAUUSD,0.45,200,,20,1.0,52.23
2026-08-22T11:12:20.615914+00:00,oanda,PAPER,TREND_SWING,ORD-3-0431,XAUUSD,0.46,205,,21,1.1,51.73
2026-08-22T11:12:20.615916+00:00,oanda,PAPER,TREND_SWING,ORD-3-0432,XAUUSD,0.47,210,,22,1.2,51.23
2026-08-22T11:12:20.615921+00:00,oanda,PAPER,TREND_SWING,ORD-3-0433,XAUUSD,0.48,215,,23,1.3,50.73
2026-08-22T11:12:20.615923+00:00,oanda,PAPER,TREND_SWING,ORD-3-0434,XAUUSD,0.49,220,,24,1.4,50.23
2026-08-22T11:12:20.615927+00:00,oanda,PAPER,TREND_SWING,ORD-3-0435,XAUUSD,0.5,225,,25,1.5,49.73
2026-08-22T11:12:20.615930+00:00,oanda,PAPER,TREND_SWING,ORD-3-0436,XAUUSD,0.51,230,,26,1.6,49.23
2026-08-22T11:12:20.615933+00:00,oanda,PAPER,TREND_SWING,ORD-3-0437,XAUUSD,0.52,235,,27,1.7,48.73
2026-08-22T11:12:20.615935+00:00,oanda,PAPER,TREND_SWING,ORD-3-0438,XAUUSD,0.53,240,,28,1.8,48.23
2026-08-22T11:12:20.615938+00:00,oanda,PAPER,TREND_SWING,ORD-3-0439,XAUUSD,0.54,245,,29,1.9,47.73
2026-08-22T11:12:20.615941+00:00,oanda,PAPER,TREND_SWING,ORD-3-0440,XAUUSD,0.55,250,,30,0.0,52.23
2026-08-22T11:12:20.615943+00:00,oanda,PAPER,TREND_SWING,ORD-3-0441,XAUUSD,0.56,255,,31,0.1,51.73
2026-08-22T11:12:20.615946+00:00,oanda,PAPER,TREND_SWING,ORD-3-0442,XAUUSD,0.57,260,,32,0.2,51.23
2026-08-22T11:12:20.615950+00:00,oanda,PAPER,TREND_SWING,ORD-3-0443,XAUUSD,0.58,265,,33,0.3,50.73
2026-08-22T11:12:20.615953+00:00,oanda,PAPER,TREND_SWING,ORD-3-0444,XAUUSD,0.59,270,,34,0.4,50.23
2026-08-22T11:12:20.615956+00:00,oanda,PAPER,TREND_SWING,ORD-3-0445,XAUUSD,0.6,275,,35,0.5,49.73
2026-08-22T11:12:20.615958+00:00,oanda,PAPER,TREND_SWING,ORD-3-0446,XAUUSD,0.61,280,,36,0.6,49.23
2026-08-22T11:12:20.615961+00:00,oanda,PAPER,TREND_SWING,ORD-3-0447,XAUUSD,0.62,285,,37,0.7,48.73
2026-08-22T11:12:20.615964+00:00,oanda,PAPER,TREND_SWING,ORD-3-0448,XAUUSD,0.63,290,,38,0.8,48.23
2026-08-22T11:12:20.615966+00:00,oanda,PAPER,TREND_SWING,ORD-3-0449,XAUUSD,0.64,295,,39,0.9,47.73
2026-08-22T11:12:20.615969+00:00,oanda,PAPER,TREND_SWING,ORD-3-0450,XAUUSD,0.15,300,,10,1.0,52.23
2026-08-22T11:12:20.615972+00:00,oanda,PAPER,TREND_SWING,ORD-3-0451,XAUUSD,0.16,305,,11,1.1,51.73
2026-08-22T11:12:20.615975+00:00,oanda,PAPER,TREND_SWING,ORD-3-0452,XAUUSD,0.17,310,,12,1.2,51.23
2026-08-22T11:12:20.615979+00:00,oanda,PAPER,TREND_SWING,ORD-3-0453,XAUUSD,0.18,315,,13,1.3,50.73
2026-08-22T11:12:20.615982+00:00,oanda,PAPER,TREND_SWING,ORD-3-0454,XAUUSD,0.19,320,,14,1.4,50.23
2026-08-22T11:12:20.615984+00:00,oanda,PAPER,TREND_SWING,ORD-3-0455,XAUUSD,0.2,325,,15,1.5,49.73
2026-08-22T11:12:20.615987+00:00,oanda,PAPER,TREND_SWING,ORD-3-0456,XAUUSD,0.21,330,,16,1.6,49.23
2026-08-22T11:12:20.615990+00:00,oanda,PAPER,TREND_SWING,ORD-3-0457,XAUUSD,0.22,335,,17,1.7,48.73
2026-08-22T11:12:20.615993+00:00,oanda,PAPER,TREND_SWING,ORD-3-0458,XAUUSD,0.23,340,,18,1.8,48.23
2026-08-22T11:12:20.615995+00:00,oanda,PAPER,TREND_SWING,ORD-3-0459,XAUUSD,0.24,345,,19,1.9,47.73
2026-08-22T11:12:20.615998+00:00,oanda,PAPER,TREND_SWING,ORD-3-0460,XAUUSD,0.25,350,,20,0.0,52.23
2026-08-22T11:12:20.616001+00:00,oanda,PAPER,TREND_SWING,ORD-3-0461,XAUUSD,0.26,355,,21,0.1,51.73
2026-08-22T11:12:20.616003+00:00,oanda,PAPER,TREND_SWING,ORD-3-0462,XAUUSD,0.27,360,,22,0.2,51.23
2026-08-22T11:12:20.616007+00:00,oanda,PAPER,TREND_SWING,ORD-3-0463,XAUUSD,0.28,365,,23,0.3,50.73
2026-08-22T11:12:20.616010+00:00,oanda,PAPER,TREND_SWING,ORD-3-0464,XAUUSD,0.29,370,,24,0.4,50.23
2026-08-22T11:12:20.616014+00:00,oanda,PAPER,TREND_SWING,ORD-3-0465,XAUUSD,0.3,375,,25,0.5,49.73
2026-08-22T11:12:20.616017+00:00,oanda,PAPER,TREND_SWING,ORD-3-0466,XAUUSD,0.31,380,,26,0.6,49.23
2026-08-22T11:12:20.616021+00:00,oanda,PAPER,TREND_SWING,ORD-3-0467,XAUUSD,0.32,385,,27,0.7,48.73
2026-08-22T11:12:20.616023+00:00,oanda,PAPER,TREND_SWING,ORD-3-0468,XAUUSD,0.33,390,,28,0.8,48.23
2026-08-22T11:12:20.616026+00:00,oanda,PAPER,TREND_SWING,ORD-3-0469,XAUUSD,0.34,395,,29,0.9,47.73
2026-08-22T11:12:20.616029+00:00,oanda,PAPER,TREND_SWING,ORD-3-0470,XAUUSD,0.35,400,,30,1.0,52.23
2026-08-22T11:12:20.616032+00:00,oanda,PAPER,TREND_SWING,ORD-3-0471,XAUUSD,0.36,405,,31,1.1,51.73
2026-08-22T11:12:20.616034+00:00,oanda,PAPER,TREND_SWING,ORD-3-0472,XAUUSD,0.37,410,,32,1.2,51.23
2026-08-22T11:12:20.616038+00:00,oanda,PAPER,TREND_SWING,ORD-3-0473,XAUUSD,0.38,415,,33,1.3,50.73
2026-08-22T11:12:20.616053+00:00,oanda,PAPER,TREND_SWING,ORD-3-0474,XAUUSD,0.39,420,,34,1.4,50.23
2026-08-22T11:12:20.616057+00:00,oanda,PAPER,TREND_SWING,ORD-3-0475,XAUUSD,0.4,425,,35,1.5,49.73
2026-08-22T11:12:20.616061+00:00,oanda,PAPER,TREND_SWING,ORD-3-0476,XAUUSD,0.41,430,,36,1.6,49.23
2026-08-22T11:12:20.616064+00:00,oanda,PAPER,TREND_SWING,ORD-3-0477,XAUUSD,0.42,435,,37,1.7,48.73
2026-08-22T11:12:20.616067+00:00,oanda,PAPER,TREND_SWING,ORD-3-0478,XAUUSD,0.43,440,,38,1.8,48.23
2026-08-22T11:12:20.616070+00:00,oanda,PAPER,TREND_SWING,ORD-3-0479,XAUUSD,0.44,445,,39,1.9,47.73
2026-08-22T11:12:20.616072+00:00,oanda,PAPER,TREND_SWING,ORD-3-0480,XAUUSD,0.45,450,,10,0.0,52.23
2026-08-22T11:12:20.616075+00:00,oanda,PAPER,TREND_SWING,ORD-3-0481,XAUUSD,0.46,455,,11,0.1,51.73
2026-08-22T11:12:20.616078+00:00,oanda,PAPER,TREND_SWING,ORD-3-0482,XAUUSD,0.47,460,,12,0.2,51.23
2026-08-22T11:12:20.616082+00:00,oanda,PAPER,TREND_SWING,ORD-3-0483,XAUUSD,0.48,465,,13,0.3,50.73
2026-08-22T11:12:20.616084+00:00,oanda,PAPER,TREND_SWING,ORD-3-0484,XAUUSD,0.49,470,,14,0.4,50.23
2026-08-22T11:12:20.616087+00:00,oanda,PAPER,TREND_SWING,ORD-3-0485,XAUUSD,0.5,475,INSUFFICIENT_MARGIN,15,0.5,49.73
2026-08-22T11:12:20.616090+00:00,oanda,PAPER,TREND_SWING,ORD-3-0486,XAUUSD,0.51,480,,16,0.6,49.23
2026-08-22T11:12:20.616093+00:00,oanda,PAPER,TREND_SWING,ORD-3-0487,XAUUSD,0.52,485,,17,0.7,48.73
2026-08-22T11:12:20.616095+00:00,oanda,PAPER,TREND_SWING,ORD-3-0488,XAUUSD,0.53,490,,18,0.8,48.23
2026-08-22T11:12:20.616098+00:00,oanda,PAPER,TREND_SWING,ORD-3-0489,XAUUSD,0.54,495,,19,0.9,47.73
2026-08-22T11:12:20.616101+00:00,oanda,PAPER,TREND_SWING,ORD-3-0490,XAUUSD,0.55,500,,20,1.0,52.23
2026-08-22T11:12:20.616103+00:00,oanda,PAPER,TREND_SWING,ORD-3-0491,XAUUSD,0.56,505,,21,1.1,51.73
2026-08-22T11:12:20.616106+00:00,oanda,PAPER,TREND_SWING,ORD-3-0492,XAUUSD,0.57,510,,22,1.2,51.23
2026-08-22T11:12:20.616110+00:00,oanda,PAPER,TREND_SWING,ORD-3-0493,XAUUSD,0.58,515,,23,1.3,50.73
2026-08-22T11:12:20.616113+00:00,oanda,PAPER,TREND_SWING,ORD-3-0494,XAUUSD,0.59,520,,24,1.4,50.23
2026-08-22T11:12:20.616116+00:00,oanda,PAPER,TREND_SWING,ORD-3-0495,XAUUSD,0.6,525,,25,1.5,49.73
2026-08-22T11:12:20.616118+00:00,oanda,PAPER,TREND_SWING,ORD-3-0496,XAUUSD,0.61,530,,26,1.6,49.23
2026-08-22T11:12:20.616123+00:00,oanda,PAPER,TREND_SWING,ORD-3-0497,XAUUSD,0.62,535,,27,1.7,48.73
2026-08-22T11:12:20.616127+00:00,oanda,PAPER,TREND_SWING,ORD-3-0498,XAUUSD,0.63,540,,28,1.8,48.23
2026-08-22T11:12:20.616131+00:00,oanda,PAPER,TREND_SWING,ORD-3-0499,XAUUSD,0.64,545,,29,1.9,47.73
2026-08-22T11:12:20.616135+00:00,oanda,PAPER,TREND_SWING,ORD-3-0500,XAUUSD,0.15,550,,30,0.0,52.23
2026-08-22T11:12:20.616139+00:00,oanda,PAPER,TREND_SWING,ORD-3-0501,XAUUSD,0.16,555,,31,0.1,51.73
2026-08-22T11:12:20.616142+00:00,oanda,PAPER,TREND_SWING,ORD-3-0502,XAUUSD,0.17,560,,32,0.2,51.23
2026-08-22T11:12:20.616148+00:00,oanda,PAPER,TREND_SWING,ORD-3-0503,XAUUSD,0.18,565,,33,0.3,50.73
2026-08-22T11:12:20.616152+00:00,oanda,PAPER,TREND_SWING,ORD-3-0504,XAUUSD,0.19,570,,34,0.4,50.23
2026-08-22T11:12:20.616156+00:00,oanda,PAPER,TREND_SWING,ORD-3-0505,XAUUSD,0.2,575,,35,0.5,49.73
2026-08-22T11:12:20.616160+00:00,oanda,PAPER,TREND_SWING,ORD-3-0506,XAUUSD,0.21,580,,36,0.6,49.23
2026-08-22T11:12:20.616164+00:00,oanda,PAPER,TREND_SWING,ORD-3-0507,XAUUSD,0.22,585,,37,0.7,48.73
2026-08-22T11:12:20.616168+00:00,oanda,PAPER,TREND_SWING,ORD-3-0508,XAUUSD,0.23,590,,38,0.8,48.23
2026-08-22T11:12:20.616171+00:00,oanda,PAPER,TREND_SWING,ORD-3-0509,XAUUSD,0.24,595,,39,0.9,47.73
2026-08-22T11:12:20.616174+00:00,oanda,PAPER,TREND_SWING,ORD-3-0510,XAUUSD,0.25,600,,10,1.0,52.23
2026-08-22T11:12:20.616177+00:00,oanda,PAPER,TREND_SWING,ORD-3-0511,XAUUSD,0.26,605,,11,1.1,51.73
2026-08-22T11:12:20.616180+00:00,oanda,PAPER,TREND_SWING,ORD-3-0512,XAUUSD,0.27,610,,12,1.2,51.23
2026-08-22T11:12:20.616183+00:00,oanda,PAPER,TREND_SWING,ORD-3-0513,XAUUSD,0.28,615,,13,1.3,50.73
2026-08-22T11:12:20.616186+00:00,oanda,PAPER,TREND_SWING,ORD-3-0514,XAUUSD,0.29,620,,14,1.4,50.23
2026-08-22T11:12:20.616189+00:00,oanda,PAPER,TREND_SWING,ORD-3-0515,XAUUSD,0.3,625,,15,1.5,49.73
2026-08-22T11:12:20.616192+00:00,oanda,PAPER,TREND_SWING,ORD-3-0516,XAUUSD,0.31,630,,16,1.6,49.23
2026-08-22T11:12:20.616194+00:00,oanda,PAPER,TREND_SWING,ORD-3-0517,XAUUSD,0.32,635,,17,1.7,48.73
2026-08-22T11:12:20.616197+00:00,oanda,PAPER,TREND_SWING,ORD-3-0518,XAUUSD,0.33,640,,18,1.8,48.23
2026-08-22T11:12:20.616200+00:00,oanda,PAPER,TREND_SWING,ORD-3-0519,XAUUSD,0.34,645,,19,1.9,47.73
2026-08-22T11:12:20.616203+00:00,oanda,PAPER,TREND_SWING,ORD-3-0520,XAUUSD,0.35,650,,20,0.0,52.23
2026-08-22T11:12:20.616205+00:00,oanda,PAPER,TREND_SWING,ORD-3-0521,XAUUSD,0.36,655,,21,0.1,51.73
2026-08-22T11:12:20.616208+00:00,oanda,PAPER,TREND_SWING,ORD-3-0522,XAUUSD,0.37,660,,22,0.2,51.23
2026-08-22T11:12:20.616212+00:00,oanda,PAPER,TREND_SWING,ORD-3-0523,XAUUSD,0.38,665,,23,0.3,50.73
2026-08-22T11:12:20.616215+00:00,oanda,PAPER,TREND_SWING,ORD-3-0524,XAUUSD,0.39,670,,24,0.4,50.23
2026-08-22T11:12:20.616217+00:00,oanda,PAPER,TREND_SWING,ORD-3-0525,XAUUSD,0.4,675,,25,0.5,49.73
2026-08-22T11:12:20.616220+00:00,oanda,PAPER,TREND_SWING,ORD-3-0526,XAUUSD,0.41,680,,26,0.6,49.23
2026-08-22T11:12:20.616223+00:00,oanda,PAPER,TREND_SWING,ORD-3-0527,XAUUSD,0.42,685,,27,0.7,48.73
2026-08-22T11:12:20.616227+00:00,oanda,PAPER,TREND_SWING,ORD-3-0528,XAUUSD,0.43,690,,28,0.8,48.23
2026-08-22T11:12:20.616231+00:00,oanda,PAPER,TREND_SWING,ORD-3-0529,XAUUSD,0.44,695,,29,0.9,47.73
2026-08-22T11:12:20.616235+00:00,oanda,PAPER,TREND_SWING,ORD-3-0530,XAUUSD,0.45,700,,30,1.0,52.23
2026-08-22T11:12:20.616238+00:00,oanda,PAPER,TREND_SWING,ORD-3-0531,XAUUSD,0.46,705,,31,1.1,51.73
2026-08-22T11:12:20.616241+00:00,oanda,PAPER,TREND_SWING,ORD-3-0532,XAUUSD,0.47,710,,32,1.2,51.23
2026-08-22T11:12:20.616245+00:00,oanda,PAPER,TREND_SWING,ORD-3-0533,XAUUSD,0.48,715,,33,1.3,50.73
2026-08-22T11:12:20.616247+00:00,oanda,PAPER,TREND_SWING,ORD-3-0534,XAUUSD,0.49,720,,34,1.4,50.23
2026-08-22T11:12:20.616250+00:00,oanda,PAPER,TREND_SWING,ORD-3-0535,XAUUSD,0.5,725,,35,1.5,49.73
2026-08-22T11:12:20.616253+00:00,oanda,PAPER,TREND_SWING,ORD-3-0536,XAUUSD,0.51,730,,36,1.6,49.23
2026-08-22T11:12:20.616256+00:00,oanda,PAPER,TREND_SWING,ORD-3-0537,XAUUSD,0.52,735,,37,1.7,48.73
2026-08-22T11:12:20.616258+00:00,oanda,PAPER,TREND_SWING,ORD-3-0538,XAUUSD,0.53,740,,38,1.8,48.23
2026-08-22T11:12:20.616261+00:00,oanda,PAPER,TREND_SWING,ORD-3-0539,XAUUSD,0.54,745,,39,1.9,47.73
2026-08-22T11:12:20.616264+00:00,oanda,PAPER,TREND_SWING,ORD-3-0540,XAUUSD,0.55,750,,10,0.0,52.23
2026-08-22T11:12:20.616266+00:00,oanda,PAPER,TREND_SWING,ORD-3-0541,XAUUSD,0.56,755,,11,0.1,51.73
2026-08-22T11:12:20.616269+00:00,oanda,PAPER,TREND_SWING,ORD-3-0542,XAUUSD,0.57,760,,12,0.2,51.23
2026-08-22T11:12:20.616273+00:00,oanda,PAPER,TREND_SWING,ORD-3-0543,XAUUSD,0.58,765,,13,0.3,50.73
2026-08-22T11:12:20.616276+00:00,oanda,PAPER,TREND_SWING,ORD-3-0544,XAUUSD,0.59,770,,14,0.4,50.23
2026-08-22T11:12:20.616278+00:00,oanda,PAPER,TREND_SWING,ORD-3-0545,XAUUSD,0.6,775,,15,0.5,49.73
2026-08-22T11:12:20.616281+00:00,oanda,PAPER,TREND_SWING,ORD-3-0546,XAUUSD,0.61,780,,16,0.6,49.23
2026-08-22T11:12:20.616284+00:00,oanda,PAPER,TREND_SWING,ORD-3-0547,XAUUSD,0.62,785,,17,0.7,48.73
2026-08-22T11:12:20.616286+00:00,oanda,PAPER,TREND_SWING,ORD-3-0548,XAUUSD,0.63,790,,18,0.8,48.23
2026-08-22T11:12:20.616289+00:00,oanda,PAPER,TREND_SWING,ORD-3-0549,XAUUSD,0.64,795,,19,0.9,47.73
2026-08-22T11:12:20.616292+00:00,oanda,PAPER,TREND_SWING,ORD-3-0550,XAUUSD,0.15,800,,20,1.0,52.23
2026-08-22T11:12:20.616295+00:00,oanda,PAPER,TREND_SWING,ORD-3-0551,XAUUSD,0.16,805,,21,1.1,51.73
2026-08-22T11:12:20.616297+00:00,oanda,PAPER,TREND_SWING,ORD-3-0552,XAUUSD,0.17,810,,22,1.2,51.23
2026-08-22T11:12:20.616301+00:00,oanda,PAPER,TREND_SWING,ORD-3-0553,XAUUSD,0.18,815,,23,1.3,50.73
2026-08-22T11:12:20.616304+00:00,oanda,PAPER,TREND_SWING,ORD-3-0554,XAUUSD,0.19,820,,24,1.4,50.23
2026-08-22T11:12:20.616307+00:00,oanda,PAPER,TREND_SWING,ORD-3-0555,XAUUSD,0.2,825,,25,1.5,49.73
2026-08-22T11:12:20.616309+00:00,oanda,PAPER,TREND_SWING,ORD-3-0556,XAUUSD,0.21,830,,26,1.6,49.23
2026-08-22T11:12:20.616312+00:00,oanda,PAPER,TREND_SWING,ORD-3-0557,XAUUSD,0.22,835,,27,1.7,48.73
2026-08-22T11:12:20.616315+00:00,oanda,PAPER,TREND_SWING,ORD-3-0558,XAUUSD,0.23,840,,28,1.8,48.23
2026-08-22T11:12:20.616317+00:00,oanda,PAPER,TREND_SWING,ORD-3-0559,XAUUSD,0.24,845,,29,1.9,47.73
2026-08-22T11:12:20.616320+00:00,oanda,PAPER,TREND_SWING,ORD-3-0560,XAUUSD,0.25,850,,30,0.0,52.23
2026-08-22T11:12:20.616324+00:00,oanda,PAPER,TREND_SWING,ORD-3-0561,XAUUSD,0.26,855,,31,0.1,51.73
2026-08-22T11:12:20.616328+00:00,oanda,PAPER,TREND_SWING,ORD-3-0562,XAUUSD,0.27,860,,32,0.2,51.23
2026-08-22T11:12:20.616332+00:00,oanda,PAPER,TREND_SWING,ORD-3-0563,XAUUSD,0.28,865,,33,0.3,50.73
2026-08-22T11:12:20.616335+00:00,oanda,PAPER,TREND_SWING,ORD-3-0564,XAUUSD,0.29,870,,34,0.4,50.23
2026-08-22T11:12:20.616337+00:00,oanda,PAPER,TREND_SWING,ORD-3-0565,XAUUSD,0.3,875,,35,0.5,49.73
2026-08-22T11:12:20.616340+00:00,oanda,PAPER,TREND_SWING,ORD-3-0566,XAUUSD,0.31,880,,36,0.6,49.23
2026-08-22T11:12:20.616343+00:00,oanda,PAPER,TREND_SWING,ORD-3-0567,XAUUSD,0.32,885,,37,0.7,48.73
2026-08-22T11:12:20.616345+00:00,oanda,PAPER,TREND_SWING,ORD-3-0568,XAUUSD,0.33,890,,38,0.8,48.23
2026-08-22T11:12:20.616348+00:00,oanda,PAPER,TREND_SWING,ORD-3-0569,XAUUSD,0.34,895,,39,0.9,47.73
2026-08-22T11:12:20.616351+00:00,oanda,PAPER,TREND_SWING,ORD-3-0570,XAUUSD,0.35,900,,10,1.0,52.23
2026-08-22T11:12:20.616354+00:00,oanda,PAPER,TREND_SWING,ORD-3-0571,XAUUSD,0.36,905,,11,1.1,51.73
2026-08-22T11:12:20.616356+00:00,oanda,PAPER,TREND_SWING,ORD-3-0572,XAUUSD,0.37,910,,12,1.2,51.23
2026-08-22T11:12:20.616360+00:00,oanda,PAPER,TREND_SWING,ORD-3-0573,XAUUSD,0.38,915,,13,1.3,50.73
2026-08-22T11:12:20.616363+00:00,oanda,PAPER,TREND_SWING,ORD-3-0574,XAUUSD,0.39,920,,14,1.4,50.23
2026-08-22T11:12:20.616366+00:00,oanda,PAPER,TREND_SWING,ORD-3-0575,XAUUSD,0.4,925,,15,1.5,49.73
2026-08-22T11:12:20.616368+00:00,oanda,PAPER,TREND_SWING,ORD-3-0576,XAUUSD,0.41,930,,16,1.6,49.23
2026-08-22T11:12:20.616371+00:00,oanda,PAPER,TREND_SWING,ORD-3-0577,XAUUSD,0.42,935,,17,1.7,48.73
2026-08-22T11:12:20.616376+00:00,oanda,PAPER,TREND_SWING,ORD-3-0578,XAUUSD,0.43,940,,18,1.8,48.23
2026-08-22T11:12:20.616379+00:00,oanda,PAPER,TREND_SWING,ORD-3-0579,XAUUSD,0.44,945,,19,1.9,47.73
2026-08-22T11:12:20.616381+00:00,oanda,PAPER,TREND_SWING,ORD-3-0580,XAUUSD,0.45,950,,20,0.0,52.23
2026-08-22T11:12:20.616384+00:00,oanda,PAPER,TREND_SWING,ORD-3-0581,XAUUSD,0.46,955,,21,0.1,51.73
2026-08-22T11:12:20.616387+00:00,oanda,PAPER,TREND_SWING,ORD-3-0582,XAUUSD,0.47,960,INSUFFICIENT_MARGIN,22,0.2,51.23
2026-08-22T11:12:20.616391+00:00,oanda,PAPER,TREND_SWING,ORD-3-0583,XAUUSD,0.48,965,,23,0.3,50.73
2026-08-22T11:12:20.616394+00:00,oanda,PAPER,TREND_SWING,ORD-3-0584,XAUUSD,0.49,970,,24,0.4,50.23
2026-08-22T11:12:20.616396+00:00,oanda,PAPER,TREND_SWING,ORD-3-0585,XAUUSD,0.5,975,,25,0.5,49.73
2026-08-22T11:12:20.616399+00:00,oanda,PAPER,TREND_SWING,ORD-3-0586,XAUUSD,0.51,980,,26,0.6,49.23
2026-08-22T11:12:20.616402+00:00,oanda,PAPER,TREND_SWING,ORD-3-0587,XAUUSD,0.52,985,,27,0.7,48.73
2026-08-22T11:12:20.616404+00:00,oanda,PAPER,TREND_SWING,ORD-3-0588,XAUUSD,0.53,990,,28,0.8,48.23
2026-08-22T11:12:20.616407+00:00,oanda,PAPER,TREND_SWING,ORD-3-0589,XAUUSD,0.54,995,,29,0.9,47.73
2026-08-22T11:12:20.616410+00:00,oanda,PAPER,TREND_SWING,ORD-3-0590,XAUUSD,0.55,1000,,30,1.0,52.23
2026-08-22T11:12:20.616413+00:00,oanda,PAPER,TREND_SWING,ORD-3-0591,XAUUSD,0.56,1005,,31,1.1,51.73
2026-08-22T11:12:20.616417+00:00,oanda,PAPER,TREND_SWING,ORD-3-0592,XAUUSD,0.57,1010,,32,1.2,51.23
2026-08-22T11:12:20.616421+00:00,oanda,PAPER,TREND_SWING,ORD-3-0593,XAUUSD,0.58,1015,,33,1.3,50.73
2026-08-22T11:12:20.616425+00:00,oanda,PAPER,TREND_SWING,ORD-3-0594,XAUUSD,0.59,1020,,34,1.4,50.23
2026-08-22T11:12:20.616427+00:00,oanda,PAPER,TREND_SWING,ORD-3-0595,XAUUSD,0.6,1025,,35,1.5,49.73
2026-08-22T11:12:20.616430+00:00,oanda,PAPER,TREND_SWING,ORD-3-0596,XAUUSD,0.61,1030,,36,1.6,49.23
2026-08-22T11:12:20.616433+00:00,oanda,PAPER,TREND_SWING,ORD-3-0597,XAUUSD,0.62,1035,,37,1.7,48.73
2026-08-22T11:12:20.616435+00:00,oanda,PAPER,TREND_SWING,ORD-3-0598,XAUUSD,0.63,1040,,38,1.8,48.23
2026-08-22T11:12:20.616438+00:00,oanda,PAPER,TREND_SWING,ORD-3-0599,XAUUSD,0.64,1045,,39,1.9,47.73
2026-08-22T11:12:20.616441+00:00,oanda,PAPER,TREND_SWING,ORD-3-0600,XAUUSD,0.15,50,,10,0.0,52.23
2026-08-22T11:12:20.616444+00:00,oanda,PAPER,TREND_SWING,ORD-3-0601,XAUUSD,0.16,55,,11,0.1,51.73
2026-08-22T11:12:20.616446+00:00,oanda,PAPER,TREND_SWING,ORD-3-0602,XAUUSD,0.17,60,,12,0.2,51.23
2026-08-22T11:12:20.616450+00:00,oanda,PAPER,TREND_SWING,ORD-3-0603,XAUUSD,0.18,65,,13,0.3,50.73
2026-08-22T11:12:20.616453+00:00,oanda,PAPER,TREND_SWING,ORD-3-0604,XAUUSD,0.19,70,,14,0.4,50.23
2026-08-22T11:12:20.616456+00:00,oanda,PAPER,TREND_SWING,ORD-3-0605,XAUUSD,0.2,75,,15,0.5,49.73
2026-08-22T11:12:20.616459+00:00,oanda,PAPER,TREND_SWING,ORD-3-0606,XAUUSD,0.21,80,,16,0.6,49.23
2026-08-22T11:12:20.616461+00:00,oanda,PAPER,TREND_SWING,ORD-3-0607,XAUUSD,0.22,85,,17,0.7,48.73
2026-08-22T11:12:20.616464+00:00,oanda,PAPER,TREND_SWING,ORD-3-0608,XAUUSD,0.23,90,,18,0.8,48.23
2026-08-22T11:12:20.616467+00:00,oanda,PAPER,TREND_SWING,ORD-3-0609,XAUUSD,0.24,95,,19,0.9,47.73
2026-08-22T11:12:20.616469+00:00,oanda,PAPER,TREND_SWING,ORD-3-0610,XAUUSD,0.25,100,,20,1.0,52.23
2026-08-22T11:12:20.616472+00:00,oanda,PAPER,TREND_SWING,ORD-3-0611,XAUUSD,0.26,105,,21,1.1,51.73
2026-08-22T11:12:20.616475+00:00,oanda,PAPER,TREND_SWING,ORD-3-0612,XAUUSD,0.27,110,,22,1.2,51.23
2026-08-22T11:12:20.616479+00:00,oanda,PAPER,TREND_SWING,ORD-3-0613,XAUUSD,0.28,115,,23,1.3,50.73
2026-08-22T11:12:20.616481+00:00,oanda,PAPER,TREND_SWING,ORD-3-0614,XAUUSD,0.29,120,,24,1.4,50.23
2026-08-22T11:12:20.616484+00:00,oanda,PAPER,TREND_SWING,ORD-3-0615,XAUUSD,0.3,125,,25,1.5,49.73
2026-08-22T11:12:20.616487+00:00,oanda,PAPER,TREND_SWING,ORD-3-0616,XAUUSD,0.31,130,,26,1.6,49.23
2026-08-22T11:12:20.616490+00:00,oanda,PAPER,TREND_SWING,ORD-3-0617,XAUUSD,0.32,135,,27,1.7,48.73
2026-08-22T11:12:20.616492+00:00,oanda,PAPER,TREND_SWING,ORD-3-0618,XAUUSD,0.33,140,,28,1.8,48.23
2026-08-22T11:12:20.616495+00:00,oanda,PAPER,TREND_SWING,ORD-3-0619,XAUUSD,0.34,145,,29,1.9,47.73
2026-08-22T11:12:20.616498+00:00,oanda,PAPER,TREND_SWING,ORD-3-0620,XAUUSD,0.35,150,,30,0.0,52.23
2026-08-22T11:12:20.616501+00:00,oanda,PAPER,TREND_SWING,ORD-3-0621,XAUUSD,0.36,155,,31,0.1,51.73
2026-08-22T11:12:20.616503+00:00,oanda,PAPER,TREND_SWING,ORD-3-0622,XAUUSD,0.37,160,,32,0.2,51.23
2026-08-22T11:12:20.616507+00:00,oanda,PAPER,TREND_SWING,ORD-3-0623,XAUUSD,0.38,165,,33,0.3,50.73
2026-08-22T11:12:20.616510+00:00,oanda,PAPER,TREND_SWING,ORD-3-0624,XAUUSD,0.39,170,,34,0.4,50.23
2026-08-22T11:12:20.616512+00:00,oanda,PAPER,TREND_SWING,ORD-3-0625,XAUUSD,0.4,175,,35,0.5,49.73
2026-08-22T11:12:20.616516+00:00,oanda,PAPER,TREND_SWING,ORD-3-0626,XAUUSD,0.41,180,,36,0.6,49.23
2026-08-22T11:12:20.616519+00:00,oanda,PAPER,TREND_SWING,ORD-3-0627,XAUUSD,0.42,185,,37,0.7,48.73
2026-08-22T11:12:20.616522+00:00,oanda,PAPER,TREND_SWING,ORD-3-0628,XAUUSD,0.43,190,,38,0.8,48.23
2026-08-22T11:12:20.616525+00:00,oanda,PAPER,TREND_SWING,ORD-3-0629,XAUUSD,0.44,195,,39,0.9,47.73
2026-08-22T11:12:20.616528+00:00,oanda,PAPER,TREND_SWING,ORD-3-0630,XAUUSD,0.45,200,,10,1.0,52.23
2026-08-22T11:12:20.616531+00:00,oanda,PAPER,TREND_SWING,ORD-3-0631,XAUUSD,0.46,205,,11,1.1,51.73
2026-08-22T11:12:20.616546+00:00,oanda,PAPER,TREND_SWING,ORD-3-0632,XAUUSD,0.47,210,,12,1.2,51.23
2026-08-22T11:12:20.616550+00:00,oanda,PAPER,TREND_SWING,ORD-3-0633,XAUUSD,0.48,215,,13,1.3,50.73
2026-08-22T11:12:20.616553+00:00,oanda,PAPER,TREND_SWING,ORD-3-0634,XAUUSD,0.49,220,,14,1.4,50.23
2026-08-22T11:12:20.616555+00:00,oanda,PAPER,TREND_SWING,ORD-3-0635,XAUUSD,0.5,225,,15,1.5,49.73
2026-08-22T11:12:20.616558+00:00,oanda,PAPER,TREND_SWING,ORD-3-0636,XAUUSD,0.51,230,,16,1.6,49.23
2026-08-22T11:12:20.616562+00:00,oanda,PAPER,TREND_SWING,ORD-3-0637,XAUUSD,0.52,235,,17,1.7,48.73
2026-08-22T11:12:20.616564+00:00,oanda,PAPER,TREND_SWING,ORD-3-0638,XAUUSD,0.53,240,,18,1.8,48.23
2026-08-22T11:12:20.616567+00:00,oanda,PAPER,TREND_SWING,ORD-3-0639,XAUUSD,0.54,245,,19,1.9,47.73
2026-08-22T11:12:20.616570+00:00,oanda,PAPER,TREND_SWING,ORD-3-0640,XAUUSD,0.55,250,,20,0.0,52.23
2026-08-22T11:12:20.616573+00:00,oanda,PAPER,TREND_SWING,ORD-3-0641,XAUUSD,0.56,255,,21,0.1,51.73
2026-08-22T11:12:20.616575+00:00,oanda,PAPER,TREND_SWING,ORD-3-0642,XAUUSD,0.57,260,,22,0.2,51.23
2026-08-22T11:12:20.616579+00:00,oanda,PAPER,TREND_SWING,ORD-3-0643,XAUUSD,0.58,265,,23,0.3,50.73
2026-08-22T11:12:20.616582+00:00,oanda,PAPER,TREND_SWING,ORD-3-0644,XAUUSD,0.59,270,,24,0.4,50.23
2026-08-22T11:12:20.616585+00:00,oanda,PAPER,TREND_SWING,ORD-3-0645,XAUUSD,0.6,275,,25,0.5,49.73
2026-08-22T11:12:20.616588+00:00,oanda,PAPER,TREND_SWING,ORD-3-0646,XAUUSD,0.61,280,,26,0.6,49.23
2026-08-22T11:12:20.616590+00:00,oanda,PAPER,TREND_SWING,ORD-3-0647,XAUUSD,0.62,285,,27,0.7,48.73
2026-08-22T11:12:20.616593+00:00,oanda,PAPER,TREND_SWING,ORD-3-0648,XAUUSD,0.63,290,,28,0.8,48.23
2026-08-22T11:12:20.616596+00:00,oanda,PAPER,TREND_SWING,ORD-3-0649,XAUUSD,0.64,295,,29,0.9,47.73
2026-08-22T11:12:20.616598+00:00,oanda,PAPER,TREND_SWING,ORD-3-0650,XAUUSD,0.15,300,,30,1.0,52.23
2026-08-22T11:12:20.616601+00:00,oanda,PAPER,TREND_SWING,ORD-3-0651,XAUUSD,0.16,305,,31,1.1,51.73
2026-08-22T11:12:20.616604+00:00,oanda,PAPER,TREND_SWING,ORD-3-0652,XAUUSD,0.17,310,,32,1.2,51.23
2026-08-22T11:12:20.616608+00:00,oanda,PAPER,TREND_SWING,ORD-3-0653,XAUUSD,0.18,315,,33,1.3,50.73
2026-08-22T11:12:20.616610+00:00,oanda,PAPER,TREND_SWING,ORD-3-0654,XAUUSD,0.19,320,,34,1.4,50.23
2026-08-22T11:12:20.616613+00:00,oanda,PAPER,TREND_SWING,ORD-3-0655,XAUUSD,0.2,325,,35,1.5,49.73
2026-08-22T11:12:20.616616+00:00,oanda,PAPER,TREND_SWING,ORD-3-0656,XAUUSD,0.21,330,,36,1.6,49.23
2026-08-22T11:12:20.616619+00:00,oanda,PAPER,TREND_SWING,ORD-3-0657,XAUUSD,0.22,335,,37,1.7,48.73
2026-08-22T11:12:20.616623+00:00,oanda,PAPER,TREND_SWING,ORD-3-0658,XAUUSD,0.23,340,,38,1.8,48.23
2026-08-22T11:12:20.616625+00:00,oanda,PAPER,TREND_SWING,ORD-3-0659,XAUUSD,0.24,345,,39,1.9,47.73
2026-08-22T11:12:20.616628+00:00,oanda,PAPER,TREND_SWING,ORD-3-0660,XAUUSD,0.25,350,,10,0.0,52.23
2026-08-22T11:12:20.616633+00:00,oanda,PAPER,TREND_SWING,ORD-3-0661,XAUUSD,0.26,355,,11,0.1,51.73
2026-08-22T11:12:20.616636+00:00,oanda,PAPER,TREND_SWING,ORD-3-0662,XAUUSD,0.27,360,,12,0.2,51.23
2026-08-22T11:12:20.616640+00:00,oanda,PAPER,TREND_SWING,ORD-3-0663,XAUUSD,0.28,365,,13,0.3,50.73
2026-08-22T11:12:20.616643+00:00,oanda,PAPER,TREND_SWING,ORD-3-0664,XAUUSD,0.29,370,,14,0.4,50.23
2026-08-22T11:12:20.616646+00:00,oanda,PAPER,TREND_SWING,ORD-3-0665,XAUUSD,0.3,375,,15,0.5,49.73
2026-08-22T11:12:20.616648+00:00,oanda,PAPER,TREND_SWING,ORD-3-0666,XAUUSD,0.31,380,,16,0.6,49.23
2026-08-22T11:12:20.616652+00:00,oanda,PAPER,TREND_SWING,ORD-3-0667,XAUUSD,0.32,385,,17,0.7,48.73
2026-08-22T11:12:20.616655+00:00,oanda,PAPER,TREND_SWING,ORD-3-0668,XAUUSD,0.33,390,,18,0.8,48.23
2026-08-22T11:12:20.616658+00:00,oanda,PAPER,TREND_SWING,ORD-3-0669,XAUUSD,0.34,395,,19,0.9,47.73
2026-08-22T11:12:20.616660+00:00,oanda,PAPER,TREND_SWING,ORD-3-0670,XAUUSD,0.35,400,,20,1.0,52.23
2026-08-22T11:12:20.616663+00:00,oanda,PAPER,TREND_SWING,ORD-3-0671,XAUUSD,0.36,405,,21,1.1,51.73
2026-08-22T11:12:20.616666+00:00,oanda,PAPER,TREND_SWING,ORD-3-0672,XAUUSD,0.37,410,,22,1.2,51.23
2026-08-22T11:12:20.616670+00:00,oanda,PAPER,TREND_SWING,ORD-3-0673,XAUUSD,0.38,415,,23,1.3,50.73
2026-08-22T11:12:20.616673+00:00,oanda,PAPER,TREND_SWING,ORD-3-0674,XAUUSD,0.39,420,,24,1.4,50.23
2026-08-22T11:12:20.616675+00:00,oanda,PAPER,TREND_SWING,ORD-3-0675,XAUUSD,0.4,425,,25,1.5,49.73
2026-08-22T11:12:20.616678+00:00,oanda,PAPER,TREND_SWING,ORD-3-0676,XAUUSD,0.41,430,,26,1.6,49.23
2026-08-22T11:12:20.616681+00:00,oanda,PAPER,TREND_SWING,ORD-3-0677,XAUUSD,0.42,435,,27,1.7,48.73
2026-08-22T11:12:20.616683+00:00,oanda,PAPER,TREND_SWING,ORD-3-0678,XAUUSD,0.43,440,,28,1.8,48.23
2026-08-22T11:12:20.616686+00:00,oanda,PAPER,TREND_SWING,ORD-3-0679,XAUUSD,0.44,445,INSUFFICIENT_MARGIN,29,1.9,47.73
2026-08-22T11:12:20.616690+00:00,oanda,PAPER,TREND_SWING,ORD-3-0680,XAUUSD,0.45,450,,30,0.0,52.23
2026-08-22T11:12:20.616693+00:00,oanda,PAPER,TREND_SWING,ORD-3-0681,XAUUSD,0.46,455,,31,0.1,51.73
2026-08-22T11:12:20.616696+00:00,oanda,PAPER,TREND_SWING,ORD-3-0682,XAUUSD,0.47,460,,32,0.2,51.23
2026-08-22T11:12:20.616699+00:00,oanda,PAPER,TREND_SWING,ORD-3-0683,XAUUSD,0.48,465,,33,0.3,50.73
2026-08-22T11:12:20.616702+00:00,oanda,PAPER,TREND_SWING,ORD-3-0684,XAUUSD,0.49,470,,34,0.4,50.23
2026-08-22T11:12:20.616705+00:00,oanda,PAPER,TREND_SWING,ORD-3-0685,XAUUSD,0.5,475,,35,0.5,49.73
2026-08-22T11:12:20.616708+00:00,oanda,PAPER,TREND_SWING,ORD-3-0686,XAUUSD,0.51,480,,36,0.6,49.23
2026-08-22T11:12:20.616710+00:00,oanda,PAPER,TREND_SWING,ORD-3-0687,XAUUSD,0.52,485,,37,0.7,48.73
2026-08-22T11:12:20.616713+00:00,oanda,PAPER,TREND_SWING,ORD-3-0688,XAUUSD,0.53,490,,38,0.8,48.23
2026-08-22T11:12:20.616716+00:00,oanda,PAPER,TREND_SWING,ORD-3-0689,XAUUSD,0.54,495,,39,0.9,47.73
2026-08-22T11:12:20.616720+00:00,oanda,PAPER,TREND_SWING,ORD-3-0690,XAUUSD,0.55,500,,10,1.0,52.23
2026-08-22T11:12:20.616722+00:00,oanda,PAPER,TREND_SWING,ORD-3-0691,XAUUSD,0.56,505,,11,1.1,51.73
2026-08-22T11:12:20.616725+00:00,oanda,PAPER,TREND_SWING,ORD-3-0692,XAUUSD,0.57,510,,12,1.2,51.23
2026-08-22T11:12:20.616729+00:00,oanda,PAPER,TREND_SWING,ORD-3-0693,XAUUSD,0.58,515,,13,1.3,50.73
2026-08-22T11:12:20.616732+00:00,oanda,PAPER,TREND_SWING,ORD-3-0694,XAUUSD,0.59,520,,14,1.4,50.23
2026-08-22T11:12:20.616735+00:00,oanda,PAPER,TREND_SWING,ORD-3-0695,XAUUSD,0.6,525,,15,1.5,49.73
2026-08-22T11:12:20.616737+00:00,oanda,PAPER,TREND_SWING,ORD-3-0696,XAUUSD,0.61,530,,16,1.6,49.23
2026-08-22T11:12:20.616740+00:00,oanda,PAPER,TREND_SWING,ORD-3-0697,XAUUSD,0.62,535,,17,1.7,48.73
2026-08-22T11:12:20.616743+00:00,oanda,PAPER,TREND_SWING,ORD-3-0698,XAUUSD,0.63,540,,18,1.8,48.23
2026-08-22T11:12:20.616747+00:00,oanda,PAPER,TREND_SWING,ORD-3-0699,XAUUSD,0.64,545,,19,1.9,47.73
2026-08-22T11:12:20.616749+00:00,oanda,PAPER,TREND_SWING,ORD-3-0700,XAUUSD,0.15,550,,20,0.0,52.23
2026-08-22T11:12:20.616752+00:00,oanda,PAPER,TREND_SWING,ORD-3-0701,XAUUSD,0.16,555,,21,0.1,51.73
2026-08-22T11:12:20.616755+00:00,oanda,PAPER,TREND_SWING,ORD-3-0702,XAUUSD,0.17,560,,22,0.2,51.23
2026-08-22T11:12:20.616759+00:00,oanda,PAPER,TREND_SWING,ORD-3-0703,XAUUSD,0.18,565,,23,0.3,50.73
2026-08-22T11:12:20.616761+00:00,oanda,PAPER,TREND_SWING,ORD-3-0704,XAUUSD,0.19,570,,24,0.4,50.23
2026-08-22T11:12:20.616764+00:00,oanda,PAPER,TREND_SWING,ORD-3-0705,XAUUSD,0.2,575,,25,0.5,49.73
2026-08-22T11:12:20.616767+00:00,oanda,PAPER,TREND_SWING,ORD-3-0706,XAUUSD,0.21,580,,26,0.6,49.23
2026-08-22T11:12:20.616770+00:00,oanda,PAPER,TREND_SWING,ORD-3-0707,XAUUSD,0.22,585,,27,0.7,48.73
2026-08-22T11:12:20.616772+00:00,oanda,PAPER,TREND_SWING,ORD-3-0708,XAUUSD,0.23,590,,28,0.8,48.23
2026-08-22T11:12:20.616829+00:00,oanda,PAPER,TREND_SWING,ORD-3-0709,XAUUSD,0.24,595,,29,0.9,47.73
2026-08-22T11:12:20.616832+00:00,oanda,PAPER,TREND_SWING,ORD-3-0710,XAUUSD,0.25,600,,30,1.0,52.23
2026-08-22T11:12:20.616835+00:00,oanda,PAPER,TREND_SWING,ORD-3-0711,XAUUSD,0.26,605,,31,1.1,51.73
2026-08-22T11:12:20.616838+00:00,oanda,PAPER,TREND_SWING,ORD-3-0712,XAUUSD,0.27,610,,32,1.2,51.23
2026-08-22T11:12:20.616842+00:00,oanda,PAPER,TREND_SWING,ORD-3-0713,XAUUSD,0.28,615,,33,1.3,50.73
2026-08-22T11:12:20.616844+00:00,oanda,PAPER,TREND_SWING,ORD-3-0714,XAUUSD,0.29,620,,34,1.4,50.23
2026-08-22T11:12:20.616847+00:00,oanda,PAPER,TREND_SWING,ORD-3-0715,XAUUSD,0.3,625,,35,1.5,49.73
2026-08-22T11:12:20.616850+00:00,oanda,PAPER,TREND_SWING,ORD-3-0716,XAUUSD,0.31,630,,36,1.6,49.23
2026-08-22T11:12:20.616853+00:00,oanda,PAPER,TREND_SWING,ORD-3-0717,XAUUSD,0.32,635,,37,1.7,48.73
2026-08-22T11:12:20.616856+00:00,oanda,PAPER,TREND_SWING,ORD-3-0718,XAUUSD,0.33,640,,38,1.8,48.23
2026-08-22T11:12:20.616858+00:00,oanda,PAPER,TREND_SWING,ORD-3-0719,XAUUSD,0.34,645,,39,1.9,47.73
2026-08-22T11:12:20.616861+00:00,oanda,PAPER,TREND_SWING,ORD-3-0720,XAUUSD,0.35,650,,10,0.0,52.23
2026-08-22T11:12:20.616864+00:00,oanda,PAPER,TREND_SWING,ORD-3-0721,XAUUSD,0.36,655,,11,0.1,51.73
2026-08-22T11:12:20.616868+00:00,oanda,PAPER,TREND_SWING,ORD-3-0722,XAUUSD,0.37,660,,12,0.2,51.23
2026-08-22T11:12:20.616872+00:00,oanda,PAPER,TREND_SWING,ORD-3-0723,XAUUSD,0.38,665,,13,0.3,50.73
2026-08-22T11:12:20.616875+00:00,oanda,PAPER,TREND_SWING,ORD-3-0724,XAUUSD,0.39,670,,14,0.4,50.23
2026-08-22T11:12:20.616878+00:00,oanda,PAPER,TREND_SWING,ORD-3-0725,XAUUSD,0.4,675,,15,0.5,49.73
2026-08-22T11:12:20.616892+00:00,oanda,PAPER,TREND_SWING,ORD-3-0726,XAUUSD,0.41,680,,16,0.6,49.23
2026-08-22T11:12:20.616895+00:00,oanda,PAPER,TREND_SWING,ORD-3-0727,XAUUSD,0.42,685,,17,0.7,48.73
2026-08-22T11:12:20.616897+00:00,oanda,PAPER,TREND_SWING,ORD-3-0728,XAUUSD,0.43,690,,18,0.8,48.23
2026-08-22T11:12:20.616900+00:00,oanda,PAPER,TREND_SWING,ORD-3-0729,XAUUSD,0.44,695,,19,0.9,47.73
2026-08-22T11:12:20.616933+00:00,oanda,PAPER,TREND_SWING,ORD-3-0730,XAUUSD,0.45,700,,20,1.0,52.23
2026-08-22T11:12:20.616936+00:00,oanda,PAPER,TREND_SWING,ORD-3-0731,XAUUSD,0.46,705,,21,1.1,51.73
2026-08-22T11:12:20.616941+00:00,oanda,PAPER,TREND_SWING,ORD-3-0732,XAUUSD,0.47,710,,22,1.2,51.23
2026-08-22T11:12:20.616946+00:00,oanda,PAPER,TREND_SWING,ORD-3-0733,XAUUSD,0.48,715,,23,1.3,50.73
2026-08-22T11:12:20.616948+00:00,oanda,PAPER,TREND_SWING,ORD-3-0734,XAUUSD,0.49,720,,24,1.4,50.23
2026-08-22T11:12:20.616951+00:00,oanda,PAPER,TREND_SWING,ORD-3-0735,XAUUSD,0.5,725,,25,1.5,49.73
2026-08-22T11:12:20.616954+00:00,oanda,PAPER,TREND_SWING,ORD-3-0736,XAUUSD,0.51,730,,26,1.6,49.23
2026-08-22T11:12:20.616957+00:00,oanda,PAPER,TREND_SWING,ORD-3-0737,XAUUSD,0.52,735,,27,1.7,48.73
2026-08-22T11:12:20.616960+00:00,oanda,PAPER,TREND_SWING,ORD-3-0738,XAUUSD,0.53,740,,28,1.8,48.23
2026-08-22T11:12:20.616962+00:00,oanda,PAPER,TREND_SWING,ORD-3-0739,XAUUSD,0.54,745,,29,1.9,47.73
2026-08-22T11:12:20.616965+00:00,oanda,PAPER,TREND_SWING,ORD-3-0740,XAUUSD,0.55,750,,30,0.0,52.23
2026-08-22T11:12:20.616968+00:00,oanda,PAPER,TREND_SWING,ORD-3-0741,XAUUSD,0.56,755,,31,0.1,51.73
2026-08-22T11:12:20.616970+00:00,oanda,PAPER,TREND_SWING,ORD-3-0742,XAUUSD,0.57,760,,32,0.2,51.23
2026-08-22T11:12:20.616975+00:00,oanda,PAPER,TREND_SWING,ORD-3-0743,XAUUSD,0.58,765,,33,0.3,50.73
2026-08-22T11:12:20.616978+00:00,oanda,PAPER,TREND_SWING,ORD-3-0744,XAUUSD,0.59,770,,34,0.4,50.23
2026-08-22T11:12:20.616980+00:00,oanda,PAPER,TREND_SWING,ORD-3-0745,XAUUSD,0.6,775,,35,0.5,49.73
2026-08-22T11:12:20.616983+00:00,oanda,PAPER,TREND_SWING,ORD-3-0746,XAUUSD,0.61,780,,36,0.6,49.23
2026-08-22T11:12:20.616986+00:00,oanda,PAPER,TREND_SWING,ORD-3-0747,XAUUSD,0.62,785,,37,0.7,48.73
2026-08-22T11:12:20.616989+00:00,oanda,PAPER,TREND_SWING,ORD-3-0748,XAUUSD,0.63,790,,38,0.8,48.23
2026-08-22T11:12:20.616991+00:00,oanda,PAPER,TREND_SWING,ORD-3-0749,XAUUSD,0.64,795,,39,0.9,47.73
2026-08-22T11:12:20.616994+00:00,oanda,PAPER,TREND_SWING,ORD-3-0750,XAUUSD,0.15,800,,10,1.0,52.23
2026-08-22T11:12:20.616997+00:00,oanda,PAPER,TREND_SWING,ORD-3-0751,XAUUSD,0.16,805,,11,1.1,51.73
2026-08-22T11:12:20.617000+00:00,oanda,PAPER,TREND_SWING,ORD-3-0752,XAUUSD,0.17,810,,12,1.2,51.23
2026-08-22T11:12:20.617005+00:00,oanda,PAPER,TREND_SWING,ORD-3-0753,XAUUSD,0.18,815,,13,1.3,50.73
2026-08-22T11:12:20.617008+00:00,oanda,PAPER,TREND_SWING,ORD-3-0754,XAUUSD,0.19,820,,14,1.4,50.23
2026-08-22T11:12:20.617010+00:00,oanda,PAPER,TREND_SWING,ORD-3-0755,XAUUSD,0.2,825,,15,1.5,49.73
2026-08-22T11:12:20.617013+00:00,oanda,PAPER,TREND_SWING,ORD-3-0756,XAUUSD,0.21,830,,16,1.6,49.23
2026-08-22T11:12:20.617016+00:00,oanda,PAPER,TREND_SWING,ORD-3-0757,XAUUSD,0.22,835,,17,1.7,48.73
2026-08-22T11:12:20.617019+00:00,oanda,PAPER,TREND_SWING,ORD-3-0758,XAUUSD,0.23,840,,18,1.8,48.23
2026-08-22T11:12:20.617021+00:00,oanda,PAPER,TREND_SWING,ORD-3-0759,XAUUSD,0.24,845,,19,1.9,47.73
2026-08-22T11:12:20.617024+00:00,oanda,PAPER,TREND_SWING,ORD-3-0760,XAUUSD,0.25,850,,20,0.0,52.23
2026-08-22T11:12:20.617027+00:00,oanda,PAPER,TREND_SWING,ORD-3-0761,XAUUSD,0.26,855,,21,0.1,51.73
2026-08-22T11:12:20.617031+00:00,oanda,PAPER,TREND_SWING,ORD-3-0762,XAUUSD,0.27,860,,22,0.2,51.23
2026-08-22T11:12:20.617035+00:00,oanda,PAPER,TREND_SWING,ORD-3-0763,XAUUSD,0.28,865,,23,0.3,50.73
2026-08-22T11:12:20.617037+00:00,oanda,PAPER,TREND_SWING,ORD-3-0764,XAUUSD,0.29,870,,24,0.4,50.23
2026-08-22T11:12:20.617040+00:00,oanda,PAPER,TREND_SWING,ORD-3-0765,XAUUSD,0.3,875,,25,0.5,49.73
2026-08-22T11:12:20.617043+00:00,oanda,PAPER,TREND_SWING,ORD-3-0766,XAUUSD,0.31,880,,26,0.6,49.23
2026-08-22T11:12:20.617054+00:00,oanda,PAPER,TREND_SWING,ORD-3-0767,XAUUSD,0.32,885,,27,0.7,48.73
2026-08-22T11:12:20.617058+00:00,oanda,PAPER,TREND_SWING,ORD-3-0768,XAUUSD,0.33,890,,28,0.8,48.23
2026-08-22T11:12:20.617062+00:00,oanda,PAPER,TREND_SWING,ORD-3-0769,XAUUSD,0.34,895,,29,0.9,47.73
2026-08-22T11:12:20.617066+00:00,oanda,PAPER,TREND_SWING,ORD-3-0770,XAUUSD,0.35,900,,30,1.0,52.23
2026-08-22T11:12:20.617068+00:00,oanda,PAPER,TREND_SWING,ORD-3-0771,XAUUSD,0.36,905,,31,1.1,51.73
2026-08-22T11:12:20.617071+00:00,oanda,PAPER,TREND_SWING,ORD-3-0772,XAUUSD,0.37,910,,32,1.2,51.23
2026-08-22T11:12:20.617075+00:00,oanda,PAPER,TREND_SWING,ORD-3-0773,XAUUSD,0.38,915,,33,1.3,50.73
2026-08-22T11:12:20.617078+00:00,oanda,PAPER,TREND_SWING,ORD-3-0774,XAUUSD,0.39,920,,34,1.4,50.23
2026-08-22T11:12:20.617081+00:00,oanda,PAPER,TREND_SWING,ORD-3-0775,XAUUSD,0.4,925,,35,1.5,49.73
2026-08-22T11:12:20.617084+00:00,oanda,PAPER,TREND_SWING,ORD-3-0776,XAUUSD,0.41,930,INSUFFICIENT_MARGIN,36,1.6,49.23
2026-08-22T11:12:20.617086+00:00,oanda,PAPER,TREND_SWING,ORD-3-0777,XAUUSD,0.42,935,,37,1.7,48.73
2026-08-22T11:12:20.617089+00:00,oanda,PAPER,TREND_SWING,ORD-3-0778,XAUUSD,0.43,940,,38,1.8,48.23
2026-08-22T11:12:20.617092+00:00,oanda,PAPER,TREND_SWING,ORD-3-0779,XAUUSD,0.44,945,,39,1.9,47.73
2026-08-22T11:12:20.617095+00:00,oanda,PAPER,TREND_SWING,ORD-3-0780,XAUUSD,0.45,950,,10,0.0,52.23
2026-08-22T11:12:20.617097+00:00,oanda,PAPER,TREND_SWING,ORD-3-0781,XAUUSD,0.46,955,,11,0.1,51.73
2026-08-22T11:12:20.617101+00:00,oanda,PAPER,TREND_SWING,ORD-3-0782,XAUUSD,0.47,960,,12,0.2,51.23
2026-08-22T11:12:20.617105+00:00,oanda,PAPER,TREND_SWING,ORD-3-0783,XAUUSD,0.48,965,,13,0.3,50.73
2026-08-22T11:12:20.617108+00:00,oanda,PAPER,TREND_SWING,ORD-3-0784,XAUUSD,0.49,970,,14,0.4,50.23
2026-08-22T11:12:20.617112+00:00,oanda,PAPER,TREND_SWING,ORD-3-0785,XAUUSD,0.5,975,,15,0.5,49.73
2026-08-22T11:12:20.617115+00:00,oanda,PAPER,TREND_SWING,ORD-3-0786,XAUUSD,0.51,980,,16,0.6,49.23
2026-08-22T11:12:20.617117+00:00,oanda,PAPER,TREND_SWING,ORD-3-0787,XAUUSD,0.52,985,,17,0.7,48.73
2026-08-22T11:12:20.617120+00:00,oanda,PAPER,TREND_SWING,ORD-3-0788,XAUUSD,0.53,990,,18,0.8,48.23
2026-08-22T11:12:20.617123+00:00,oanda,PAPER,TREND_SWING,ORD-3-0789,XAUUSD,0.54,995,,19,0.9,47.73
2026-08-22T11:12:20.617126+00:00,oanda,PAPER,TREND_SWING,ORD-3-0790,XAUUSD,0.55,1000,,20,1.0,52.23
2026-08-22T11:12:20.617128+00:00,oanda,PAPER,TREND_SWING,ORD-3-0791,XAUUSD,0.56,1005,,21,1.1,51.73
2026-08-22T11:12:20.617131+00:00,oanda,PAPER,TREND_SWING,ORD-3-0792,XAUUSD,0.57,1010,,22,1.2,51.23
2026-08-22T11:12:20.617135+00:00,oanda,PAPER,TREND_SWING,ORD-3-0793,XAUUSD,0.58,1015,,23,1.3,50.73
2026-08-22T11:12:20.617140+00:00,oanda,PAPER,TREND_SWING,ORD-3-0794,XAUUSD,0.59,1020,,24,1.4,50.23
2026-08-22T11:12:20.617142+00:00,oanda,PAPER,TREND_SWING,ORD-3-0795,XAUUSD,0.6,1025,,25,1.5,49.73
2026-08-22T11:12:20.617145+00:00,oanda,PAPER,TREND_SWING,ORD-3-0796,XAUUSD,0.61,1030,,26,1.6,49.23
2026-08-22T11:12:20.617148+00:00,oanda,PAPER,TREND_SWING,ORD-3-0797,XAUUSD,0.62,1035,,27,1.7,48.73
2026-08-22T11:12:20.617151+00:00,oanda,PAPER,TREND_SWING,ORD-3-0798,XAUUSD,0.63,1040,,28,1.8,48.23
2026-08-22T11:12:20.617154+00:00,oanda,PAPER,TREND_SWING,ORD-3-0799,XAUUSD,0.64,1045,,29,1.9,47.73
2026-08-22T11:12:20.617156+00:00,oanda,PAPER,TREND_SWING,ORD-3-0800,XAUUSD,0.15,50,,30,0.0,52.23
2026-08-22T11:12:20.617159+00:00,oanda,PAPER,TREND_SWING,ORD-3-0801,XAUUSD,0.16,55,,31,0.1,51.73
2026-08-22T11:12:20.617162+00:00,oanda,PAPER,TREND_SWING,ORD-3-0802,XAUUSD,0.17,60,,32,0.2,51.23
2026-08-22T11:12:20.617166+00:00,oanda,PAPER,TREND_SWING,ORD-3-0803,XAUUSD,0.18,65,,33,0.3,50.73
2026-08-22T11:12:20.617168+00:00,oanda,PAPER,TREND_SWING,ORD-3-0804,XAUUSD,0.19,70,,34,0.4,50.23
2026-08-22T11:12:20.617171+00:00,oanda,PAPER,TREND_SWING,ORD-3-0805,XAUUSD,0.2,75,,35,0.5,49.73
2026-08-22T11:12:20.617174+00:00,oanda,PAPER,TREND_SWING,ORD-3-0806,XAUUSD,0.21,80,,36,0.6,49.23
2026-08-22T11:12:20.617177+00:00,oanda,PAPER,TREND_SWING,ORD-3-0807,XAUUSD,0.22,85,,37,0.7,48.73
2026-08-22T11:12:20.617179+00:00,oanda,PAPER,TREND_SWING,ORD-3-0808,XAUUSD,0.23,90,,38,0.8,48.23
2026-08-22T11:12:20.617182+00:00,oanda,PAPER,TREND_SWING,ORD-3-0809,XAUUSD,0.24,95,,39,0.9,47.73
2026-08-22T11:12:20.617185+00:00,oanda,PAPER,TREND_SWING,ORD-3-0810,XAUUSD,0.25,100,,10,1.0,52.23
2026-08-22T11:12:20.617188+00:00,oanda,PAPER,TREND_SWING,ORD-3-0811,XAUUSD,0.26,105,,11,1.1,51.73
2026-08-22T11:12:20.617190+00:00,oanda,PAPER,TREND_SWING,ORD-3-0812,XAUUSD,0.27,110,,12,1.2,51.23
2026-08-22T11:12:20.617194+00:00,oanda,PAPER,TREND_SWING,ORD-3-0813,XAUUSD,0.28,115,,13,1.3,50.73
2026-08-22T11:12:20.617197+00:00,oanda,PAPER,TREND_SWING,ORD-3-0814,XAUUSD,0.29,120,,14,1.4,50.23
2026-08-22T11:12:20.617200+00:00,oanda,PAPER,TREND_SWING,ORD-3-0815,XAUUSD,0.3,125,,15,1.5,49.73
2026-08-22T11:12:20.617203+00:00,oanda,PAPER,TREND_SWING,ORD-3-0816,XAUUSD,0.31,130,,16,1.6,49.23
2026-08-22T11:12:20.617207+00:00,oanda,PAPER,TREND_SWING,ORD-3-0817,XAUUSD,0.32,135,,17,1.7,48.73
2026-08-22T11:12:20.617209+00:00,oanda,PAPER,TREND_SWING,ORD-3-0818,XAUUSD,0.33,140,,18,1.8,48.23
2026-08-22T11:12:20.617212+00:00,oanda,PAPER,TREND_SWING,ORD-3-0819,XAUUSD,0.34,145,,19,1.9,47.73
2026-08-22T11:12:20.617215+00:00,oanda,PAPER,TREND_SWING,ORD-3-0820,XAUUSD,0.35,150,,20,0.0,52.23
2026-08-22T11:12:20.617218+00:00,oanda,PAPER,TREND_SWING,ORD-3-0821,XAUUSD,0.36,155,,21,0.1,51.73
2026-08-22T11:12:20.617220+00:00,oanda,PAPER,TREND_SWING,ORD-3-0822,XAUUSD,0.37,160,,22,0.2,51.23
2026-08-22T11:12:20.617225+00:00,oanda,PAPER,TREND_SWING,ORD-3-0823,XAUUSD,0.38,165,,23,0.3,50.73
2026-08-22T11:12:20.617228+00:00,oanda,PAPER,TREND_SWING,ORD-3-0824,XAUUSD,0.39,170,,24,0.4,50.23
2026-08-22T11:12:20.617230+00:00,oanda,PAPER,TREND_SWING,ORD-3-0825,XAUUSD,0.4,175,,25,0.5,49.73
2026-08-22T11:12:20.617233+00:00,oanda,PAPER,TREND_SWING,ORD-3-0826,XAUUSD,0.41,180,,26,0.6,49.23
2026-08-22T11:12:20.617236+00:00,oanda,PAPER,TREND_SWING,ORD-3-0827,XAUUSD,0.42,185,,27,0.7,48.73
2026-08-22T11:12:20.617239+00:00,oanda,PAPER,TREND_SWING,ORD-3-0828,XAUUSD,0.43,190,,28,0.8,48.23
2026-08-22T11:12:20.617241+00:00,oanda,PAPER,TREND_SWING,ORD-3-0829,XAUUSD,0.44,195,,29,0.9,47.73
2026-08-22T11:12:20.617244+00:00,oanda,PAPER,TREND_SWING,ORD-3-0830,XAUUSD,0.45,200,,30,1.0,52.23
2026-08-22T11:12:20.617247+00:00,oanda,PAPER,TREND_SWING,ORD-3-0831,XAUUSD,0.46,205,,31,1.1,51.73
2026-08-22T11:12:20.617250+00:00,oanda,PAPER,TREND_SWING,ORD-3-0832,XAUUSD,0.47,210,,32,1.2,51.23
2026-08-22T11:12:20.617255+00:00,oanda,PAPER,TREND_SWING,ORD-3-0833,XAUUSD,0.48,215,,33,1.3,50.73
2026-08-22T11:12:20.617258+00:00,oanda,PAPER,TREND_SWING,ORD-3-0834,XAUUSD,0.49,220,,34,1.4,50.23
2026-08-22T11:12:20.617262+00:00,oanda,PAPER,TREND_SWING,ORD-3-0835,XAUUSD,0.5,225,,35,1.5,49.73
2026-08-22T11:12:20.617265+00:00,oanda,PAPER,TREND_SWING,ORD-3-0836,XAUUSD,0.51,230,,36,1.6,49.23
2026-08-22T11:12:20.617268+00:00,oanda,PAPER,TREND_SWING,ORD-3-0837,XAUUSD,0.52,235,,37,1.7,48.73
2026-08-22T11:12:20.617270+00:00,oanda,PAPER,TREND_SWING,ORD-3-0838,XAUUSD,0.53,240,,38,1.8,48.23
2026-08-22T11:12:20.617273+00:00,oanda,PAPER,TREND_SWING,ORD-3-0839,XAUUSD,0.54,245,,39,1.9,47.73
2026-08-22T11:12:20.617276+00:00,oanda,PAPER,TREND_SWING,ORD-3-0840,XAUUSD,0.55,250,,10,0.0,52.23
2026-08-22T11:12:20.617279+00:00,oanda,PAPER,TREND_SWING,ORD-3-0841,XAUUSD,0.56,255,,11,0.1,51.73
2026-08-22T11:12:20.617282+00:00,oanda,PAPER,TREND_SWING,ORD-3-0842,XAUUSD,0.57,260,,12,0.2,51.23
2026-08-22T11:12:20.617286+00:00,oanda,PAPER,TREND_SWING,ORD-3-0843,XAUUSD,0.58,265,,13,0.3,50.73
2026-08-22T11:12:20.617288+00:00,oanda,PAPER,TREND_SWING,ORD-3-0844,XAUUSD,0.59,270,,14,0.4,50.23
2026-08-22T11:12:20.617291+00:00,oanda,PAPER,TREND_SWING,ORD-3-0845,XAUUSD,0.6,275,,15,0.5,49.73
2026-08-22T11:12:20.617294+00:00,oanda,PAPER,TREND_SWING,ORD-3-0846,XAUUSD,0.61,280,,16,0.6,49.23
2026-08-22T11:12:20.617297+00:00,oanda,PAPER,TREND_SWING,ORD-3-0847,XAUUSD,0.62,285,,17,0.7,48.73
2026-08-22T11:12:20.617299+00:00,oanda,PAPER,TREND_SWING,ORD-3-0848,XAUUSD,0.63,290,,18,0.8,48.23
2026-08-22T11:12:20.617304+00:00,oanda,PAPER,TREND_SWING,ORD-3-0849,XAUUSD,0.64,295,,19,0.9,47.73
2026-08-22T11:12:20.617306+00:00,oanda,PAPER,TREND_SWING,ORD-3-0850,XAUUSD,0.15,300,,20,1.0,52.23
2026-08-22T11:12:20.617309+00:00,oanda,PAPER,TREND_SWING,ORD-3-0851,XAUUSD,0.16,305,,21,1.1,51.73
2026-08-22T11:12:20.617312+00:00,oanda,PAPER,TREND_SWING,ORD-3-0852,XAUUSD,0.17,310,,22,1.2,51.23
2026-08-22T11:12:20.617316+00:00,oanda,PAPER,TREND_SWING,ORD-3-0853,XAUUSD,0.18,315,,23,1.3,50.73
2026-08-22T11:12:20.617319+00:00,oanda,PAPER,TREND_SWING,ORD-3-0854,XAUUSD,0.19,320,,24,1.4,50.23
2026-08-22T11:12:20.617322+00:00,oanda,PAPER,TREND_SWING,ORD-3-0855,XAUUSD,0.2,325,,25,1.5,49.73
2026-08-22T11:12:20.617325+00:00,oanda,PAPER,TREND_SWING,ORD-3-0856,XAUUSD,0.21,330,,26,1.6,49.23
2026-08-22T11:12:20.617327+00:00,oanda,PAPER,TREND_SWING,ORD-3-0857,XAUUSD,0.22,335,,27,1.7,48.73
2026-08-22T11:12:20.617330+00:00,oanda,PAPER,TREND_SWING,ORD-3-0858,XAUUSD,0.23,340,,28,1.8,48.23
2026-08-22T11:12:20.617333+00:00,oanda,PAPER,TREND_SWING,ORD-3-0859,XAUUSD,0.24,345,,29,1.9,47.73
2026-08-22T11:12:20.617336+00:00,oanda,PAPER,TREND_SWING,ORD-3-0860,XAUUSD,0.25,350,,30,0.0,52.23
2026-08-22T11:12:20.617338+00:00,oanda,PAPER,TREND_SWING,ORD-3-0861,XAUUSD,0.26,355,,31,0.1,51.73
2026-08-22T11:12:20.617341+00:00,oanda,PAPER,TREND_SWING,ORD-3-0862,XAUUSD,0.27,360,,32,0.2,51.23
2026-08-22T11:12:20.617345+00:00,oanda,PAPER,TREND_SWING,ORD-3-0863,XAUUSD,0.28,365,,33,0.3,50.73
2026-08-22T11:12:20.617348+00:00,oanda,PAPER,TREND_SWING,ORD-3-0864,XAUUSD,0.29,370,,34,0.4,50.23
2026-08-22T11:12:20.617351+00:00,oanda,PAPER,TREND_SWING,ORD-3-0865,XAUUSD,0.3,375,,35,0.5,49.73
2026-08-22T11:12:20.617353+00:00,oanda,PAPER,TREND_SWING,ORD-3-0866,XAUUSD,0.31,380,,36,0.6,49.23
2026-08-22T11:12:20.617356+00:00,oanda,PAPER,TREND_SWING,ORD-3-0867,XAUUSD,0.32,385,,37,0.7,48.73
2026-08-22T11:12:20.617360+00:00,oanda,PAPER,TREND_SWING,ORD-3-0868,XAUUSD,0.33,390,,38,0.8,48.23
2026-08-22T11:12:20.617363+00:00,oanda,PAPER,TREND_SWING,ORD-3-0869,XAUUSD,0.34,395,,39,0.9,47.73
2026-08-22T11:12:20.617365+00:00,oanda,PAPER,TREND_SWING,ORD-3-0870,XAUUSD,0.35,400,,10,1.0,52.23
2026-08-22T11:12:20.617368+00:00,oanda,PAPER,TREND_SWING,ORD-3-0871,XAUUSD,0.36,405,,11,1.1,51.73
2026-08-22T11:12:20.617371+00:00,oanda,PAPER,TREND_SWING,ORD-3-0872,XAUUSD,0.37,410,,12,1.2,51.23
2026-08-22T11:12:20.617375+00:00,oanda,PAPER,TREND_SWING,ORD-3-0873,XAUUSD,0.38,415,INSUFFICIENT_MARGIN,13,1.3,50.73
2026-08-22T11:12:20.617378+00:00,oanda,PAPER,TREND_SWING,ORD-3-0874,XAUUSD,0.39,420,,14,1.4,50.23
2026-08-22T11:12:20.617380+00:00,oanda,PAPER,TREND_SWING,ORD-3-0875,XAUUSD,0.4,425,,15,1.5,49.73
2026-08-22T11:12:20.617383+00:00,oanda,PAPER,TREND_SWING,ORD-3-0876,XAUUSD,0.41,430,,16,1.6,49.23
2026-08-22T11:12:20.617386+00:00,oanda,PAPER,TREND_SWING,ORD-3-0877,XAUUSD,0.42,435,,17,1.7,48.73
2026-08-22T11:12:20.617389+00:00,oanda,PAPER,TREND_SWING,ORD-3-0878,XAUUSD,0.43,440,,18,1.8,48.23
2026-08-22T11:12:20.617392+00:00,oanda,PAPER,TREND_SWING,ORD-3-0879,XAUUSD,0.44,445,,19,1.9,47.73
2026-08-22T11:12:20.617394+00:00,oanda,PAPER,TREND_SWING,ORD-3-0880,XAUUSD,0.45,450,,20,0.0,52.23
2026-08-22T11:12:20.617398+00:00,oanda,PAPER,TREND_SWING,ORD-3-0881,XAUUSD,0.46,455,,21,0.1,51.73
2026-08-22T11:12:20.617401+00:00,oanda,PAPER,TREND_SWING,ORD-3-0882,XAUUSD,0.47,460,,22,0.2,51.23
2026-08-22T11:12:20.617405+00:00,oanda,PAPER,TREND_SWING,ORD-3-0883,XAUUSD,0.48,465,,23,0.3,50.73
2026-08-22T11:12:20.617409+00:00,oanda,PAPER,TREND_SWING,ORD-3-0884,XAUUSD,0.49,470,,24,0.4,50.23
2026-08-22T11:12:20.617412+00:00,oanda,PAPER,TREND_SWING,ORD-3-0885,XAUUSD,0.5,475,,25,0.5,49.73
2026-08-22T11:12:20.617414+00:00,oanda,PAPER,TREND_SWING,ORD-3-0886,XAUUSD,0.51,480,,26,0.6,49.23
2026-08-22T11:12:20.617417+00:00,oanda,PAPER,TREND_SWING,ORD-3-0887,XAUUSD,0.52,485,,27,0.7,48.73
2026-08-22T11:12:20.617420+00:00,oanda,PAPER,TREND_SWING,ORD-3-0888,XAUUSD,0.53,490,,28,0.8,48.23
2026-08-22T11:12:20.617423+00:00,oanda,PAPER,TREND_SWING,ORD-3-0889,XAUUSD,0.54,495,,29,0.9,47.73
2026-08-22T11:12:20.617425+00:00,oanda,PAPER,TREND_SWING,ORD-3-0890,XAUUSD,0.55,500,,30,1.0,52.23
2026-08-22T11:12:20.617428+00:00,oanda,PAPER,TREND_SWING,ORD-3-0891,XAUUSD,0.56,505,,31,1.1,51.73
2026-08-22T11:12:20.617431+00:00,oanda,PAPER,TREND_SWING,ORD-3-0892,XAUUSD,0.57,510,,32,1.2,51.23
2026-08-22T11:12:20.617435+00:00,oanda,PAPER,TREND_SWING,ORD-3-0893,XAUUSD,0.58,515,,33,1.3,50.73
2026-08-22T11:12:20.617438+00:00,oanda,PAPER,TREND_SWING,ORD-3-0894,XAUUSD,0.59,520,,34,1.4,50.23
2026-08-22T11:12:20.617441+00:00,oanda,PAPER,TREND_SWING,ORD-3-0895,XAUUSD,0.6,525,,35,1.5,49.73
2026-08-22T11:12:20.617443+00:00,oanda,PAPER,TREND_SWING,ORD-3-0896,XAUUSD,0.61,530,,36,1.6,49.23
2026-08-22T11:12:20.617446+00:00,oanda,PAPER,TREND_SWING,ORD-3-0897,XAUUSD,0.62,535,,37,1.7,48.73
2026-08-22T11:12:20.617449+00:00,oanda,PAPER,TREND_SWING,ORD-3-0898,XAUUSD,0.63,540,,38,1.8,48.23
2026-08-22T11:12:20.617452+00:00,oanda,PAPER,TREND_SWING,ORD-3-0899,XAUUSD,0.64,545,,39,1.9,47.73
2026-08-22T11:12:20.617456+00:00,oanda,PAPER,TREND_SWING,ORD-3-0900,XAUUSD,0.15,550,,10,0.0,52.23
2026-08-22T11:12:20.617459+00:00,oanda,PAPER,TREND_SWING,ORD-3-0901,XAUUSD,0.16,555,,11,0.1,51.73
2026-08-22T11:12:20.617461+00:00,oanda,PAPER,TREND_SWING,ORD-3-0902,XAUUSD,0.17,560,,12,0.2,51.23
2026-08-22T11:12:20.617466+00:00,oanda,PAPER,TREND_SWING,ORD-3-0903,XAUUSD,0.18,565,,13,0.3,50.73
2026-08-22T11:12:20.617469+00:00,oanda,PAPER,TREND_SWING,ORD-3-0904,XAUUSD,0.19,570,,14,0.4,50.23
2026-08-22T11:12:20.617472+00:00,oanda,PAPER,TREND_SWING,ORD-3-0905,XAUUSD,0.2,575,,15,0.5,49.73
2026-08-22T11:12:20.617474+00:00,oanda,PAPER,TREND_SWING,ORD-3-0906,XAUUSD,0.21,580,,16,0.6,49.23
2026-08-22T11:12:20.617477+00:00,oanda,PAPER,TREND_SWING,ORD-3-0907,XAUUSD,0.22,585,,17,0.7,48.73
2026-08-22T11:12:20.617480+00:00,oanda,PAPER,TREND_SWING,ORD-3-0908,XAUUSD,0.23,590,,18,0.8,48.23
2026-08-22T11:12:20.617483+00:00,oanda,PAPER,TREND_SWING,ORD-3-0909,XAUUSD,0.24,595,,19,0.9,47.73
2026-08-22T11:12:20.617485+00:00,oanda,PAPER,TREND_SWING,ORD-3-0910,XAUUSD,0.25,600,,20,1.0,52.23
2026-08-22T11:12:20.617488+00:00,oanda,PAPER,TREND_SWING,ORD-3-0911,XAUUSD,0.26,605,,21,1.1,51.73
2026-08-22T11:12:20.617491+00:00,oanda,PAPER,TREND_SWING,ORD-3-0912,XAUUSD,0.27,610,,22,1.2,51.23
2026-08-22T11:12:20.617496+00:00,oanda,PAPER,TREND_SWING,ORD-3-0913,XAUUSD,0.28,615,,23,1.3,50.73
2026-08-22T11:12:20.617499+00:00,oanda,PAPER,TREND_SWING,ORD-3-0914,XAUUSD,0.29,620,,24,1.4,50.23
2026-08-22T11:12:20.617502+00:00,oanda,PAPER,TREND_SWING,ORD-3-0915,XAUUSD,0.3,625,,25,1.5,49.73
2026-08-22T11:12:20.617505+00:00,oanda,PAPER,TREND_SWING,ORD-3-0916,XAUUSD,0.31,630,,26,1.6,49.23
2026-08-22T11:12:20.617507+00:00,oanda,PAPER,TREND_SWING,ORD-3-0917,XAUUSD,0.32,635,,27,1.7,48.73
2026-08-22T11:12:20.617510+00:00,oanda,PAPER,TREND_SWING,ORD-3-0918,XAUUSD,0.33,640,,28,1.8,48.23
2026-08-22T11:12:20.617513+00:00,oanda,PAPER,TREND_SWING,ORD-3-0919,XAUUSD,0.34,645,,29,1.9,47.73
2026-08-22T11:12:20.617516+00:00,oanda,PAPER,TREND_SWING,ORD-3-0920,XAUUSD,0.35,650,,30,0.0,52.23
2026-08-22T11:12:20.617519+00:00,oanda,PAPER,TREND_SWING,ORD-3-0921,XAUUSD,0.36,655,,31,0.1,51.73
2026-08-22T11:12:20.617521+00:00,oanda,PAPER,TREND_SWING,ORD-3-0922,XAUUSD,0.37,660,,32,0.2,51.23
2026-08-22T11:12:20.617525+00:00,oanda,PAPER,TREND_SWING,ORD-3-0923,XAUUSD,0.38,665,,33,0.3,50.73
2026-08-22T11:12:20.617528+00:00,oanda,PAPER,TREND_SWING,ORD-3-0924,XAUUSD,0.39,670,,34,0.4,50.23
2026-08-22T11:12:20.617531+00:00,oanda,PAPER,TREND_SWING,ORD-3-0925,XAUUSD,0.4,675,,35,0.5,49.73
2026-08-22T11:12:20.617543+00:00,oanda,PAPER,TREND_SWING,ORD-3-0926,XAUUSD,0.41,680,,36,0.6,49.23
2026-08-22T11:12:20.617546+00:00,oanda,PAPER,TREND_SWING,ORD-3-0927,XAUUSD,0.42,685,,37,0.7,48.73
2026-08-22T11:12:20.617549+00:00,oanda,PAPER,TREND_SWING,ORD-3-0928,XAUUSD,0.43,690,,38,0.8,48.23
2026-08-22T11:12:20.617551+00:00,oanda,PAPER,TREND_SWING,ORD-3-0929,XAUUSD,0.44,695,,39,0.9,47.73
2026-08-22T11:12:20.617554+00:00,oanda,PAPER,TREND_SWING,ORD-3-0930,XAUUSD,0.45,700,,10,1.0,52.23
2026-08-22T11:12:20.617557+00:00,oanda,PAPER,TREND_SWING,ORD-3-0931,XAUUSD,0.46,705,,11,1.1,51.73
2026-08-22T11:12:20.617561+00:00,oanda,PAPER,TREND_SWING,ORD-3-0932,XAUUSD,0.47,710,,12,1.2,51.23
2026-08-22T11:12:20.617565+00:00,oanda,PAPER,TREND_SWING,ORD-3-0933,XAUUSD,0.48,715,,13,1.3,50.73
2026-08-22T11:12:20.617568+00:00,oanda,PAPER,TREND_SWING,ORD-3-0934,XAUUSD,0.49,720,,14,1.4,50.23
2026-08-22T11:12:20.617571+00:00,oanda,PAPER,TREND_SWING,ORD-3-0935,XAUUSD,0.5,725,,15,1.5,49.73
2026-08-22T11:12:20.617575+00:00,oanda,PAPER,TREND_SWING,ORD-3-0936,XAUUSD,0.51,730,,16,1.6,49.23
2026-08-22T11:12:20.617578+00:00,oanda,PAPER,TREND_SWING,ORD-3-0937,XAUUSD,0.52,735,,17,1.7,48.73
2026-08-22T11:12:20.617581+00:00,oanda,PAPER,TREND_SWING,ORD-3-0938,XAUUSD,0.53,740,,18,1.8,48.23
2026-08-22T11:12:20.617583+00:00,oanda,PAPER,TREND_SWING,ORD-3-0939,XAUUSD,0.54,745,,19,1.9,47.73
2026-08-22T11:12:20.617586+00:00,oanda,PAPER,TREND_SWING,ORD-3-0940,XAUUSD,0.55,750,,20,0.0,52.23
2026-08-22T11:12:20.617589+00:00,oanda,PAPER,TREND_SWING,ORD-3-0941,XAUUSD,0.56,755,,21,0.1,51.73
2026-08-22T11:12:20.617592+00:00,oanda,PAPER,TREND_SWING,ORD-3-0942,XAUUSD,0.57,760,,22,0.2,51.23
2026-08-22T11:12:20.617596+00:00,oanda,PAPER,TREND_SWING,ORD-3-0943,XAUUSD,0.58,765,,23,0.3,50.73
2026-08-22T11:12:20.617599+00:00,oanda,PAPER,TREND_SWING,ORD-3-0944,XAUUSD,0.59,770,,24,0.4,50.23
2026-08-22T11:12:20.617602+00:00,oanda,PAPER,TREND_SWING,ORD-3-0945,XAUUSD,0.6,775,,25,0.5,49.73
2026-08-22T11:12:20.617605+00:00,oanda,PAPER,TREND_SWING,ORD-3-0946,XAUUSD,0.61,780,,26,0.6,49.23
2026-08-22T11:12:20.617608+00:00,oanda,PAPER,TREND_SWING,ORD-3-0947,XAUUSD,0.62,785,,27,0.7,48.73
2026-08-22T11:12:20.617611+00:00,oanda,PAPER,TREND_SWING,ORD-3-0948,XAUUSD,0.63,790,,28,0.8,48.23
2026-08-22T11:12:20.617613+00:00,oanda,PAPER,TREND_SWING,ORD-3-0949,XAUUSD,0.64,795,,29,0.9,47.73
2026-08-22T11:12:20.617616+00:00,oanda,PAPER,TREND_SWING,ORD-3-0950,XAUUSD,0.15,800,,30,1.0,52.23
2026-08-22T11:12:20.617619+00:00,oanda,PAPER,TREND_SWING,ORD-3-0951,XAUUSD,0.16,805,,31,1.1,51.73
2026-08-22T11:12:20.617622+00:00,oanda,PAPER,TREND_SWING,ORD-3-0952,XAUUSD,0.17,810,,32,1.2,51.23
2026-08-22T11:12:20.617626+00:00,oanda,PAPER,TREND_SWING,ORD-3-0953,XAUUSD,0.18,815,,33,1.3,50.73
2026-08-22T11:12:20.617629+00:00,oanda,PAPER,TREND_SWING,ORD-3-0954,XAUUSD,0.19,820,,34,1.4,50.23
2026-08-22T11:12:20.617631+00:00,oanda,PAPER,TREND_SWING,ORD-3-0955,XAUUSD,0.2,825,,35,1.5,49.73
2026-08-22T11:12:20.617634+00:00,oanda,PAPER,TREND_SWING,ORD-3-0956,XAUUSD,0.21,830,,36,1.6,49.23
2026-08-22T11:12:20.617637+00:00,oanda,PAPER,TREND_SWING,ORD-3-0957,XAUUSD,0.22,835,,37,1.7,48.73
2026-08-22T11:12:20.617640+00:00,oanda,PAPER,TREND_SWING,ORD-3-0958,XAUUSD,0.23,840,,38,1.8,48.23
2026-08-22T11:12:20.617643+00:00,oanda,PAPER,TREND_SWING,ORD-3-0959,XAUUSD,0.24,845,,39,1.9,47.73
2026-08-22T11:12:20.617645+00:00,oanda,PAPER,TREND_SWING,ORD-3-0960,XAUUSD,0.25,850,,10,0.0,52.23
2026-08-22T11:12:20.617648+00:00,oanda,PAPER,TREND_SWING,ORD-3-0961,XAUUSD,0.26,855,,11,0.1,51.73
2026-08-22T11:12:20.617651+00:00,oanda,PAPER,TREND_SWING,ORD-3-0962,XAUUSD,0.27,860,,12,0.2,51.23
2026-08-22T11:12:20.617655+00:00,oanda,PAPER,TREND_SWING,ORD-3-0963,XAUUSD,0.28,865,,13,0.3,50.73
2026-08-22T11:12:20.617659+00:00,oanda,PAPER,TREND_SWING,ORD-3-0964,XAUUSD,0.29,870,,14,0.4,50.23
2026-08-22T11:12:20.617662+00:00,oanda,PAPER,TREND_SWING,ORD-3-0965,XAUUSD,0.3,875,,15,0.5,49.73
2026-08-22T11:12:20.617664+00:00,oanda,PAPER,TREND_SWING,ORD-3-0966,XAUUSD,0.31,880,,16,0.6,49.23
2026-08-22T11:12:20.617667+00:00,oanda,PAPER,TREND_SWING,ORD-3-0967,XAUUSD,0.32,885,,17,0.7,48.73
2026-08-22T11:12:20.617670+00:00,oanda,PAPER,TREND_SWING,ORD-3-0968,XAUUSD,0.33,890,,18,0.8,48.23
2026-08-22T11:12:20.617673+00:00,oanda,PAPER,TREND_SWING,ORD-3-0969,XAUUSD,0.34,895,,19,0.9,47.73
2026-08-22T11:12:20.617675+00:00,oanda,PAPER,TREND_SWING,ORD-3-0970,XAUUSD,0.35,900,INSUFFICIENT_MARGIN,20,1.0,52.23
2026-08-22T11:12:20.617678+00:00,oanda,PAPER,TREND_SWING,ORD-3-0971,XAUUSD,0.36,905,,21,1.1,51.73
2026-08-22T11:12:20.617681+00:00,oanda,PAPER,TREND_SWING,ORD-3-0972,XAUUSD,0.37,910,,22,1.2,51.23
2026-08-22T11:12:20.617685+00:00,oanda,PAPER,TREND_SWING,ORD-3-0973,XAUUSD,0.38,915,,23,1.3,50.73
2026-08-22T11:12:20.617688+00:00,oanda,PAPER,TREND_SWING,ORD-3-0974,XAUUSD,0.39,920,,24,1.4,50.23
2026-08-22T11:12:20.617691+00:00,oanda,PAPER,TREND_SWING,ORD-3-0975,XAUUSD,0.4,925,,25,1.5,49.73
2026-08-22T11:12:20.617694+00:00,oanda,PAPER,TREND_SWING,ORD-3-0976,XAUUSD,0.41,930,,26,1.6,49.23
2026-08-22T11:12:20.617698+00:00,oanda,PAPER,TREND_SWING,ORD-3-0977,XAUUSD,0.42,935,,27,1.7,48.73
2026-08-22T11:12:20.617701+00:00,oanda,PAPER,TREND_SWING,ORD-3-0978,XAUUSD,0.43,940,,28,1.8,48.23
2026-08-22T11:12:20.617703+00:00,oanda,PAPER,TREND_SWING,ORD-3-0979,XAUUSD,0.44,945,,29,1.9,47.73
2026-08-22T11:12:20.617706+00:00,oanda,PAPER,TREND_SWING,ORD-3-0980,XAUUSD,0.45,950,,30,0.0,52.23
2026-08-22T11:12:20.617709+00:00,oanda,PAPER,TREND_SWING,ORD-3-0981,XAUUSD,0.46,955,,31,0.1,51.73
2026-08-22T11:12:20.617712+00:00,oanda,PAPER,TREND_SWING,ORD-3-0982,XAUUSD,0.47,960,,32,0.2,51.23
2026-08-22T11:12:20.617716+00:00,oanda,PAPER,TREND_SWING,ORD-3-0983,XAUUSD,0.48,965,,33,0.3,50.73
2026-08-22T11:12:20.617718+00:00,oanda,PAPER,TREND_SWING,ORD-3-0984,XAUUSD,0.49,970,,34,0.4,50.23
2026-08-22T11:12:20.617721+00:00,oanda,PAPER,TREND_SWING,ORD-3-0985,XAUUSD,0.5,975,,35,0.5,49.73
2026-08-22T11:12:20.617726+00:00,oanda,PAPER,TREND_SWING,ORD-3-0986,XAUUSD,0.51,980,,36,0.6,49.23
2026-08-22T11:12:20.617729+00:00,oanda,PAPER,TREND_SWING,ORD-3-0987,XAUUSD,0.52,985,,37,0.7,48.73
2026-08-22T11:12:20.617731+00:00,oanda,PAPER,TREND_SWING,ORD-3-0988,XAUUSD,0.53,990,,38,0.8,48.23
2026-08-22T11:12:20.617734+00:00,oanda,PAPER,TREND_SWING,ORD-3-0989,XAUUSD,0.54,995,,39,0.9,47.73
2026-08-22T11:12:20.617737+00:00,oanda,PAPER,TREND_SWING,ORD-3-0990,XAUUSD,0.55,1000,,10,1.0,52.23
2026-08-22T11:12:20.617740+00:00,oanda,PAPER,TREND_SWING,ORD-3-0991,XAUUSD,0.56,1005,,11,1.1,51.73
2026-08-22T11:12:20.617743+00:00,oanda,PAPER,TREND_SWING,ORD-3-0992,XAUUSD,0.57,1010,,12,1.2,51.23
2026-08-22T11:12:20.617747+00:00,oanda,PAPER,TREND_SWING,ORD-3-0993,XAUUSD,0.58,1015,,13,1.3,50.73
2026-08-22T11:12:20.617749+00:00,oanda,PAPER,TREND_SWING,ORD-3-0994,XAUUSD,0.59,1020,,14,1.4,50.23
2026-08-22T11:12:20.617752+00:00,oanda,PAPER,TREND_SWING,ORD-3-0995,XAUUSD,0.6,1025,,15,1.5,49.73
2026-08-22T11:12:20.617756+00:00,oanda,PAPER,TREND_SWING,ORD-3-0996,XAUUSD,0.61,1030,,16,1.6,49.23
2026-08-22T11:12:20.617759+00:00,oanda,PAPER,TREND_SWING,ORD-3-0997,XAUUSD,0.62,1035,,17,1.7,48.73
2026-08-22T11:12:20.617762+00:00,oanda,PAPER,TREND_SWING,ORD-3-0998,XAUUSD,0.63,1040,,18,1.8,48.23
2026-08-22T11:12:20.617764+00:00,oanda,PAPER,TREND_SWING,ORD-3-0999,XAUUSD,0.64,1045,,19,1.9,47.73
